timestamp,demand_MWh
2023-01-01 00:00:00+00:00,11419.43579091354
2023-01-01 01:00:00+00:00,11896.280561069727
2023-01-01 02:00:00+00:00,12268.940112705019
2023-01-01 03:00:00+00:00,12068.285503028994
2023-01-01 04:00:00+00:00,11728.389854127518
2023-01-01 05:00:00+00:00,11369.985563433298
2023-01-01 06:00:00+00:00,11007.229155230494
2023-01-01 07:00:00+00:00,10567.563319159302
2023-01-01 08:00:00+00:00,10203.295922948992
2023-01-01 09:00:00+00:00,9910.444719080904
2023-01-01 10:00:00+00:00,9741.316539988666
2023-01-01 11:00:00+00:00,9611.652747700464
2023-01-01 12:00:00+00:00,9594.338115171488
2023-01-01 13:00:00+00:00,9718.200291108911
2023-01-01 14:00:00+00:00,10015.448165068203
2023-01-01 15:00:00+00:00,10451.30824745941
2023-01-01 16:00:00+00:00,10910.6450707695
2023-01-01 17:00:00+00:00,11355.752875576423
2023-01-01 18:00:00+00:00,11671.977449650316
2023-01-01 19:00:00+00:00,11764.49868179244
2023-01-01 20:00:00+00:00,11740.58656219754
2023-01-01 21:00:00+00:00,11616.331039196975
2023-01-01 22:00:00+00:00,11426.28662755391
2023-01-01 23:00:00+00:00,11330.561393986034
2023-01-02 00:00:00+00:00,11362.33460156544
2023-01-02 01:00:00+00:00,11962.134780885859
2023-01-02 02:00:00+00:00,12504.05104473155
2023-01-02 03:00:00+00:00,12542.761878794458
2023-01-02 04:00:00+00:00,12442.510160508307
2023-01-02 05:00:00+00:00,12243.169706567705
2023-01-02 06:00:00+00:00,11878.69412016816
2023-01-02 07:00:00+00:00,11323.954455539983
2023-01-02 08:00:00+00:00,10855.789364763548
2023-01-02 09:00:00+00:00,10592.344131349575
2023-01-02 10:00:00+00:00,10463.93687914842
2023-01-02 11:00:00+00:00,10481.292843801039
2023-01-02 12:00:00+00:00,10656.486197869184
2023-01-02 13:00:00+00:00,10984.213728199811
2023-01-02 14:00:00+00:00,11585.471307057194
2023-01-02 15:00:00+00:00,12296.293075303036
2023-01-02 16:00:00+00:00,12895.894592238423
2023-01-02 17:00:00+00:00,13309.770191957372
2023-01-02 18:00:00+00:00,13597.632846994009
2023-01-02 19:00:00+00:00,13652.884222742943
2023-01-02 20:00:00+00:00,13426.219221806452
2023-01-02 21:00:00+00:00,13113.010607509726
2023-01-02 22:00:00+00:00,12803.553992872314
2023-01-02 23:00:00+00:00,12667.097625581398
2023-01-03 00:00:00+00:00,12735.47066989838
2023-01-03 01:00:00+00:00,13363.545391343938
2023-01-03 02:00:00+00:00,13941.388462622388
2023-01-03 03:00:00+00:00,13861.130325950578
2023-01-03 04:00:00+00:00,13641.278518597743
2023-01-03 05:00:00+00:00,13274.544995732902
2023-01-03 06:00:00+00:00,12596.60934089328
2023-01-03 07:00:00+00:00,11756.142266684972
2023-01-03 08:00:00+00:00,11021.377651270515
2023-01-03 09:00:00+00:00,10583.864310252791
2023-01-03 10:00:00+00:00,10405.506304872622
2023-01-03 11:00:00+00:00,10340.0417192478
2023-01-03 12:00:00+00:00,10488.611060206551
2023-01-03 13:00:00+00:00,10950.17456473975
2023-01-03 14:00:00+00:00,11881.600848495964
2023-01-03 15:00:00+00:00,12969.446726738237
2023-01-03 16:00:00+00:00,13701.221686174067
2023-01-03 17:00:00+00:00,13755.782844337169
2023-01-03 18:00:00+00:00,13696.586619001402
2023-01-03 19:00:00+00:00,13429.858741810207
2023-01-03 20:00:00+00:00,13169.596008937773
2023-01-03 21:00:00+00:00,12848.759257109099
2023-01-03 22:00:00+00:00,12653.243746455386
2023-01-03 23:00:00+00:00,12542.713651911408
2023-01-04 00:00:00+00:00,12652.038159678894
2023-01-04 01:00:00+00:00,13221.015514246641
2023-01-04 02:00:00+00:00,13801.789333469656
2023-01-04 03:00:00+00:00,13745.912324001172
2023-01-04 04:00:00+00:00,13515.817949363029
2023-01-04 05:00:00+00:00,13172.33733735097
2023-01-04 06:00:00+00:00,12536.823961918584
2023-01-04 07:00:00+00:00,11711.509174185358
2023-01-04 08:00:00+00:00,10995.473089491396
2023-01-04 09:00:00+00:00,10586.465266972944
2023-01-04 10:00:00+00:00,10368.441910837457
2023-01-04 11:00:00+00:00,10313.160597483362
2023-01-04 12:00:00+00:00,10439.34259879329
2023-01-04 13:00:00+00:00,10900.490296578679
2023-01-04 14:00:00+00:00,11831.762344656447
2023-01-04 15:00:00+00:00,13012.40632625779
2023-01-04 16:00:00+00:00,13811.15530952341
2023-01-04 17:00:00+00:00,13940.200989868488
2023-01-04 18:00:00+00:00,13849.044381434305
2023-01-04 19:00:00+00:00,13642.504009826234
2023-01-04 20:00:00+00:00,13362.976005474036
2023-01-04 21:00:00+00:00,13192.932288994962
2023-01-04 22:00:00+00:00,12994.89797584072
2023-01-04 23:00:00+00:00,12797.059522479307
2023-01-05 00:00:00+00:00,12893.212895560422
2023-01-05 01:00:00+00:00,13375.237444403674
2023-01-05 02:00:00+00:00,13705.535395123856
2023-01-05 03:00:00+00:00,13515.668330604969
2023-01-05 04:00:00+00:00,13180.721102478252
2023-01-05 05:00:00+00:00,12657.568317739438
2023-01-05 06:00:00+00:00,11952.989965384306
2023-01-05 07:00:00+00:00,11114.856235202946
2023-01-05 08:00:00+00:00,10434.929982121917
2023-01-05 09:00:00+00:00,9966.625987438565
2023-01-05 10:00:00+00:00,9724.580583128589
2023-01-05 11:00:00+00:00,9603.601180963558
2023-01-05 12:00:00+00:00,9692.206028698634
2023-01-05 13:00:00+00:00,10050.568105745306
2023-01-05 14:00:00+00:00,10865.020824789177
2023-01-05 15:00:00+00:00,11903.689098924151
2023-01-05 16:00:00+00:00,12802.123477958923
2023-01-05 17:00:00+00:00,12864.707359300426
2023-01-05 18:00:00+00:00,12804.03337599815
2023-01-05 19:00:00+00:00,12230.485600362865
2023-01-05 20:00:00+00:00,12042.669613172993
2023-01-05 21:00:00+00:00,11840.112031591605
2023-01-05 22:00:00+00:00,11686.300023993352
2023-01-05 23:00:00+00:00,11568.136614769453
2023-01-06 00:00:00+00:00,11607.261268442264
2023-01-06 01:00:00+00:00,12054.970622054252
2023-01-06 02:00:00+00:00,12479.698331189235
2023-01-06 03:00:00+00:00,12353.493305567401
2023-01-06 04:00:00+00:00,12076.803298649786
2023-01-06 05:00:00+00:00,11689.763007405934
2023-01-06 06:00:00+00:00,11172.362178401636
2023-01-06 07:00:00+00:00,10466.987494442854
2023-01-06 08:00:00+00:00,9857.297647698759
2023-01-06 09:00:00+00:00,9466.641008560291
2023-01-06 10:00:00+00:00,9284.132566031572
2023-01-06 11:00:00+00:00,9237.36602998619
2023-01-06 12:00:00+00:00,9366.783921167527
2023-01-06 13:00:00+00:00,9788.595509212439
2023-01-06 14:00:00+00:00,10646.17542721431
2023-01-06 15:00:00+00:00,11821.567062324903
2023-01-06 16:00:00+00:00,12667.701447095305
2023-01-06 17:00:00+00:00,12800.142917361034
2023-01-06 18:00:00+00:00,12666.956102484495
2023-01-06 19:00:00+00:00,12447.226221205858
2023-01-06 20:00:00+00:00,12208.326260833832
2023-01-06 21:00:00+00:00,11977.380649704111
2023-01-06 22:00:00+00:00,11794.05954910079
2023-01-06 23:00:00+00:00,11713.09828710774
2023-01-07 00:00:00+00:00,11801.442827350269
2023-01-07 01:00:00+00:00,12256.716914091658
2023-01-07 02:00:00+00:00,12571.473823697488
2023-01-07 03:00:00+00:00,12334.53312570732
2023-01-07 04:00:00+00:00,11977.292155649466
2023-01-07 05:00:00+00:00,11618.867334853307
2023-01-07 06:00:00+00:00,11167.890350209589
2023-01-07 07:00:00+00:00,10565.49052768224
2023-01-07 08:00:00+00:00,10007.894820281459
2023-01-07 09:00:00+00:00,9626.213312688276
2023-01-07 10:00:00+00:00,9375.144375167773
2023-01-07 11:00:00+00:00,9244.95372484009
2023-01-07 12:00:00+00:00,9260.356951811458
2023-01-07 13:00:00+00:00,9449.095510023699
2023-01-07 14:00:00+00:00,9846.441429380564
2023-01-07 15:00:00+00:00,10351.007303231587
2023-01-07 16:00:00+00:00,10927.613501093303
2023-01-07 17:00:00+00:00,11455.546621734962
2023-01-07 18:00:00+00:00,11841.532658296512
2023-01-07 19:00:00+00:00,11949.436597129796
2023-01-07 20:00:00+00:00,11964.565217028017
2023-01-07 21:00:00+00:00,11869.059469451762
2023-01-07 22:00:00+00:00,11702.249937761964
2023-01-07 23:00:00+00:00,11585.313980858058
2023-01-08 00:00:00+00:00,11616.77129871518
2023-01-08 01:00:00+00:00,11903.488001274973
2023-01-08 02:00:00+00:00,12207.460239197188
2023-01-08 03:00:00+00:00,12038.393913058153
2023-01-08 04:00:00+00:00,11765.990693058062
2023-01-08 05:00:00+00:00,11471.441227929488
2023-01-08 06:00:00+00:00,11040.26694814971
2023-01-08 07:00:00+00:00,10613.501642368268
2023-01-08 08:00:00+00:00,10138.511107667135
2023-01-08 09:00:00+00:00,9786.605799296864
2023-01-08 10:00:00+00:00,9558.723232160537
2023-01-08 11:00:00+00:00,9490.95720014622
2023-01-08 12:00:00+00:00,9464.843794884298
2023-01-08 13:00:00+00:00,9581.594634678715
2023-01-08 14:00:00+00:00,9910.15903160198
2023-01-08 15:00:00+00:00,10386.702329812028
2023-01-08 16:00:00+00:00,10943.741687209793
2023-01-08 17:00:00+00:00,11448.61321204602
2023-01-08 18:00:00+00:00,11809.109484857305
2023-01-08 19:00:00+00:00,12026.59176430988
2023-01-08 20:00:00+00:00,12073.360507175148
2023-01-08 21:00:00+00:00,12030.554403918268
2023-01-08 22:00:00+00:00,11916.554120167286
2023-01-08 23:00:00+00:00,11720.282725818297
2023-01-09 00:00:00+00:00,11708.44211540777
2023-01-09 01:00:00+00:00,12036.974915349894
2023-01-09 02:00:00+00:00,12588.306313111692
2023-01-09 03:00:00+00:00,12495.009580130705
2023-01-09 04:00:00+00:00,12235.004385025983
2023-01-09 05:00:00+00:00,11902.83391665987
2023-01-09 06:00:00+00:00,11387.916977906572
2023-01-09 07:00:00+00:00,10644.704879257197
2023-01-09 08:00:00+00:00,10035.508243543054
2023-01-09 09:00:00+00:00,9688.205642022136
2023-01-09 10:00:00+00:00,9540.300567137687
2023-01-09 11:00:00+00:00,9503.02881107757
2023-01-09 12:00:00+00:00,9685.958771858073
2023-01-09 13:00:00+00:00,10179.712482377294
2023-01-09 14:00:00+00:00,11138.91162554042
2023-01-09 15:00:00+00:00,12290.554181969783
2023-01-09 16:00:00+00:00,13045.225016572676
2023-01-09 17:00:00+00:00,13024.279420128289
2023-01-09 18:00:00+00:00,12890.986290314788
2023-01-09 19:00:00+00:00,12702.71705917567
2023-01-09 20:00:00+00:00,12466.41251294947
2023-01-09 21:00:00+00:00,12247.266303152514
2023-01-09 22:00:00+00:00,12092.2878546058
2023-01-09 23:00:00+00:00,12114.241791094368
2023-01-10 00:00:00+00:00,12206.318278751101
2023-01-10 01:00:00+00:00,12665.223738275561
2023-01-10 02:00:00+00:00,13143.597940347474
2023-01-10 03:00:00+00:00,13051.689015098456
2023-01-10 04:00:00+00:00,12723.49794422157
2023-01-10 05:00:00+00:00,12288.326922908527
2023-01-10 06:00:00+00:00,11690.891507307246
2023-01-10 07:00:00+00:00,10902.85051744038
2023-01-10 08:00:00+00:00,10203.829652625329
2023-01-10 09:00:00+00:00,9756.280822806179
2023-01-10 10:00:00+00:00,9542.426782218621
2023-01-10 11:00:00+00:00,9527.453719019108
2023-01-10 12:00:00+00:00,9635.27097003914
2023-01-10 13:00:00+00:00,10077.345119255358
2023-01-10 14:00:00+00:00,11001.632310121766
2023-01-10 15:00:00+00:00,12230.794089076917
2023-01-10 16:00:00+00:00,13028.395726358955
2023-01-10 17:00:00+00:00,13098.979103512896
2023-01-10 18:00:00+00:00,12907.742523223738
2023-01-10 19:00:00+00:00,12563.928033019769
2023-01-10 20:00:00+00:00,12206.661016896398
2023-01-10 21:00:00+00:00,11961.201777914375
2023-01-10 22:00:00+00:00,11668.181738309702
2023-01-10 23:00:00+00:00,11507.579975318049
2023-01-11 00:00:00+00:00,11562.497342771374
2023-01-11 01:00:00+00:00,12132.07580694794
2023-01-11 02:00:00+00:00,12815.783012174254
2023-01-11 03:00:00+00:00,12839.504264446228
2023-01-11 04:00:00+00:00,12622.795853391772
2023-01-11 05:00:00+00:00,12274.633721896385
2023-01-11 06:00:00+00:00,11665.642983348553
2023-01-11 07:00:00+00:00,10879.08824751562
2023-01-11 08:00:00+00:00,10236.726947076504
2023-01-11 09:00:00+00:00,9823.522064477827
2023-01-11 10:00:00+00:00,9621.85640907038
2023-01-11 11:00:00+00:00,9540.47663750111
2023-01-11 12:00:00+00:00,9620.441544740646
2023-01-11 13:00:00+00:00,10001.726039859863
2023-01-11 14:00:00+00:00,10872.047088457204
2023-01-11 15:00:00+00:00,11976.454014684043
2023-01-11 16:00:00+00:00,12671.577263796613
2023-01-11 17:00:00+00:00,12756.24464662385
2023-01-11 18:00:00+00:00,12543.04942165634
2023-01-11 19:00:00+00:00,12269.386261615844
2023-01-11 20:00:00+00:00,11980.512886199627
2023-01-11 21:00:00+00:00,11752.219576541194
2023-01-11 22:00:00+00:00,11580.403250020243
2023-01-11 23:00:00+00:00,11530.882709364256
2023-01-12 00:00:00+00:00,11653.759788607073
2023-01-12 01:00:00+00:00,12140.191664244434
2023-01-12 02:00:00+00:00,12580.197571058628
2023-01-12 03:00:00+00:00,12508.924506376274
2023-01-12 04:00:00+00:00,12211.550203467894
2023-01-12 05:00:00+00:00,11820.770690500489
2023-01-12 06:00:00+00:00,11257.106063904803
2023-01-12 07:00:00+00:00,10476.70827268537
2023-01-12 08:00:00+00:00,9857.746005389647
2023-01-12 09:00:00+00:00,9467.214206360653
2023-01-12 10:00:00+00:00,9298.410730166823
2023-01-12 11:00:00+00:00,9223.112455717524
2023-01-12 12:00:00+00:00,9287.826747728115
2023-01-12 13:00:00+00:00,9626.652515546437
2023-01-12 14:00:00+00:00,10415.886677903103
2023-01-12 15:00:00+00:00,11486.922732996216
2023-01-12 16:00:00+00:00,12134.320114240436
2023-01-12 17:00:00+00:00,12201.604939095689
2023-01-12 18:00:00+00:00,12125.685067476037
2023-01-12 19:00:00+00:00,12024.525088351285
2023-01-12 20:00:00+00:00,11978.683719950865
2023-01-12 21:00:00+00:00,11922.588071089405
2023-01-12 22:00:00+00:00,11805.587460515757
2023-01-12 23:00:00+00:00,11653.646501359599
2023-01-13 00:00:00+00:00,11658.237165107776
2023-01-13 01:00:00+00:00,11987.620088825492
2023-01-13 02:00:00+00:00,12322.343679201607
2023-01-13 03:00:00+00:00,12152.671112083262
2023-01-13 04:00:00+00:00,11845.642341924733
2023-01-13 05:00:00+00:00,11450.940608465286
2023-01-13 06:00:00+00:00,10845.750746233804
2023-01-13 07:00:00+00:00,10112.124623663296
2023-01-13 08:00:00+00:00,9509.671243712814
2023-01-13 09:00:00+00:00,9056.198852149813
2023-01-13 10:00:00+00:00,8811.518988190139
2023-01-13 11:00:00+00:00,8726.395662691608
2023-01-13 12:00:00+00:00,8785.589925879742
2023-01-13 13:00:00+00:00,9115.614869410052
2023-01-13 14:00:00+00:00,9868.69647255022
2023-01-13 15:00:00+00:00,10925.95771947529
2023-01-13 16:00:00+00:00,11578.259782734616
2023-01-13 17:00:00+00:00,11722.872248700789
2023-01-13 18:00:00+00:00,11710.549452382334
2023-01-13 19:00:00+00:00,11691.25206189637
2023-01-13 20:00:00+00:00,11602.341218349446
2023-01-13 21:00:00+00:00,11498.605923493753
2023-01-13 22:00:00+00:00,11349.453824438122
2023-01-13 23:00:00+00:00,11277.583047113236
2023-01-14 00:00:00+00:00,11311.78496532382
2023-01-14 01:00:00+00:00,11616.959417563528
2023-01-14 02:00:00+00:00,11935.548568218806
2023-01-14 03:00:00+00:00,11735.708022319084
2023-01-14 04:00:00+00:00,11406.941837758257
2023-01-14 05:00:00+00:00,11061.82586759436
2023-01-14 06:00:00+00:00,10602.552287011693
2023-01-14 07:00:00+00:00,10006.963709133
2023-01-14 08:00:00+00:00,9539.154184652747
2023-01-14 09:00:00+00:00,9115.448870328137
2023-01-14 10:00:00+00:00,8901.728813386679
2023-01-14 11:00:00+00:00,8774.354435107856
2023-01-14 12:00:00+00:00,8762.602924603365
2023-01-14 13:00:00+00:00,8930.966755322861
2023-01-14 14:00:00+00:00,9308.89301697034
2023-01-14 15:00:00+00:00,9855.743767435626
2023-01-14 16:00:00+00:00,10440.501219896169
2023-01-14 17:00:00+00:00,10995.833747448403
2023-01-14 18:00:00+00:00,11336.261656410927
2023-01-14 19:00:00+00:00,11303.428822029795
2023-01-14 20:00:00+00:00,11147.699723651105
2023-01-14 21:00:00+00:00,10863.69538852607
2023-01-14 22:00:00+00:00,10632.333783912047
2023-01-14 23:00:00+00:00,10391.645034955754
2023-01-15 00:00:00+00:00,10418.417440385214
2023-01-15 01:00:00+00:00,10804.146586264222
2023-01-15 02:00:00+00:00,11294.18490257003
2023-01-15 03:00:00+00:00,11202.790207772576
2023-01-15 04:00:00+00:00,10961.75724345573
2023-01-15 05:00:00+00:00,10693.44121465578
2023-01-15 06:00:00+00:00,10329.23222598056
2023-01-15 07:00:00+00:00,9818.174534147485
2023-01-15 08:00:00+00:00,9366.420512936103
2023-01-15 09:00:00+00:00,9028.066529441272
2023-01-15 10:00:00+00:00,8829.481549691911
2023-01-15 11:00:00+00:00,8764.912463009405
2023-01-15 12:00:00+00:00,8804.753684163443
2023-01-15 13:00:00+00:00,8985.586394826669
2023-01-15 14:00:00+00:00,9691.435252736617
2023-01-15 15:00:00+00:00,9878.829656721435
2023-01-15 16:00:00+00:00,10422.214476020474
2023-01-15 17:00:00+00:00,10936.118501741
2023-01-15 18:00:00+00:00,11270.497697830477
2023-01-15 19:00:00+00:00,11389.366789651254
2023-01-15 20:00:00+00:00,11365.22915157053
2023-01-15 21:00:00+00:00,11356.363799875358
2023-01-15 22:00:00+00:00,11289.08222898803
2023-01-15 23:00:00+00:00,11252.648365574529
2023-01-16 00:00:00+00:00,11344.957308909976
2023-01-16 01:00:00+00:00,11672.78992845712
2023-01-16 02:00:00+00:00,12048.98439756391
2023-01-16 03:00:00+00:00,11927.427961133617
2023-01-16 04:00:00+00:00,11666.228682888961
2023-01-16 05:00:00+00:00,11332.71166645477
2023-01-16 06:00:00+00:00,10904.812307415257
2023-01-16 07:00:00+00:00,10287.463344839587
2023-01-16 08:00:00+00:00,9732.519142673586
2023-01-16 09:00:00+00:00,9373.25595433445
2023-01-16 10:00:00+00:00,9181.599464063756
2023-01-16 11:00:00+00:00,9130.404129677998
2023-01-16 12:00:00+00:00,9281.592462626591
2023-01-16 13:00:00+00:00,9669.37181432643
2023-01-16 14:00:00+00:00,10408.204683041404
2023-01-16 15:00:00+00:00,11292.43212184105
2023-01-16 16:00:00+00:00,11955.22126697467
2023-01-16 17:00:00+00:00,12312.059579625331
2023-01-16 18:00:00+00:00,12378.889217312706
2023-01-16 19:00:00+00:00,12239.881168801474
2023-01-16 20:00:00+00:00,11969.067987768338
2023-01-16 21:00:00+00:00,11782.374405009165
2023-01-16 22:00:00+00:00,11534.029914126779
2023-01-16 23:00:00+00:00,11386.464576430983
2023-01-17 00:00:00+00:00,11422.632743162934
2023-01-17 01:00:00+00:00,11934.989582336482
2023-01-17 02:00:00+00:00,12683.698789296865
2023-01-17 03:00:00+00:00,12677.992990124783
2023-01-17 04:00:00+00:00,12483.462509066343
2023-01-17 05:00:00+00:00,12119.25015723417
2023-01-17 06:00:00+00:00,11522.33410294446
2023-01-17 07:00:00+00:00,10749.172527987725
2023-01-17 08:00:00+00:00,10111.193343676034
2023-01-17 09:00:00+00:00,9742.02317536934
2023-01-17 10:00:00+00:00,9538.671447975235
2023-01-17 11:00:00+00:00,9489.837288057783
2023-01-17 12:00:00+00:00,9592.755468081858
2023-01-17 13:00:00+00:00,10008.20104890638
2023-01-17 14:00:00+00:00,11014.265676161545
2023-01-17 15:00:00+00:00,12094.53449550605
2023-01-17 16:00:00+00:00,12797.656138851084
2023-01-17 17:00:00+00:00,12823.335416721573
2023-01-17 18:00:00+00:00,12693.72110636287
2023-01-17 19:00:00+00:00,12432.411891014348
2023-01-17 20:00:00+00:00,12149.086577826736
2023-01-17 21:00:00+00:00,12018.516659692701
2023-01-17 22:00:00+00:00,11910.4091422141
2023-01-17 23:00:00+00:00,11837.122620295942
2023-01-18 00:00:00+00:00,11914.110334552097
2023-01-18 01:00:00+00:00,12358.905847237955
2023-01-18 02:00:00+00:00,12917.317215708681
2023-01-18 03:00:00+00:00,12811.808774795378
2023-01-18 04:00:00+00:00,12559.942454979242
2023-01-18 05:00:00+00:00,12153.556074735408
2023-01-18 06:00:00+00:00,11543.230611763987
2023-01-18 07:00:00+00:00,10744.342923349574
2023-01-18 08:00:00+00:00,10108.208517180345
2023-01-18 09:00:00+00:00,9733.174284670675
2023-01-18 10:00:00+00:00,9551.440860240906
2023-01-18 11:00:00+00:00,9443.773052508648
2023-01-18 12:00:00+00:00,9560.357347840956
2023-01-18 13:00:00+00:00,9963.028629204302
2023-01-18 14:00:00+00:00,10853.380304254544
2023-01-18 15:00:00+00:00,11933.322443321515
2023-01-18 16:00:00+00:00,12643.440533548723
2023-01-18 17:00:00+00:00,12713.457139591786
2023-01-18 18:00:00+00:00,12670.750075382424
2023-01-18 19:00:00+00:00,12679.61725209727
2023-01-18 20:00:00+00:00,12655.514972382307
2023-01-18 21:00:00+00:00,12642.37490108967
2023-01-18 22:00:00+00:00,12545.738026180019
2023-01-18 23:00:00+00:00,12456.978735308927
2023-01-19 00:00:00+00:00,12478.228968580344
2023-01-19 01:00:00+00:00,12809.892024227973
2023-01-19 02:00:00+00:00,13341.843471071561
2023-01-19 03:00:00+00:00,13287.029421134906
2023-01-19 04:00:00+00:00,13091.46855684245
2023-01-19 05:00:00+00:00,12712.010095614713
2023-01-19 06:00:00+00:00,12128.258865210306
2023-01-19 07:00:00+00:00,11313.05066621401
2023-01-19 08:00:00+00:00,10651.42519315218
2023-01-19 09:00:00+00:00,10307.713010599036
2023-01-19 10:00:00+00:00,10146.545471538971
2023-01-19 11:00:00+00:00,10099.085463132158
2023-01-19 12:00:00+00:00,10243.795904804392
2023-01-19 13:00:00+00:00,10731.639186663044
2023-01-19 14:00:00+00:00,11685.671488347933
2023-01-19 15:00:00+00:00,12957.721241875945
2023-01-19 16:00:00+00:00,13716.260407315473
2023-01-19 17:00:00+00:00,13797.48074282349
2023-01-19 18:00:00+00:00,13483.543873200453
2023-01-19 19:00:00+00:00,13181.584084188655
2023-01-19 20:00:00+00:00,12886.77297040257
2023-01-19 21:00:00+00:00,12599.333291363762
2023-01-19 22:00:00+00:00,12332.12475066192
2023-01-19 23:00:00+00:00,12070.603014067607
2023-01-20 00:00:00+00:00,12095.380260803657
2023-01-20 01:00:00+00:00,12564.281989244937
2023-01-20 02:00:00+00:00,13363.031364811844
2023-01-20 03:00:00+00:00,13436.476644791237
2023-01-20 04:00:00+00:00,13296.406946713018
2023-01-20 05:00:00+00:00,12969.12534905663
2023-01-20 06:00:00+00:00,12370.709579026778
2023-01-20 07:00:00+00:00,11585.31798165342
2023-01-20 08:00:00+00:00,10924.251165196272
2023-01-20 09:00:00+00:00,10588.665153857162
2023-01-20 10:00:00+00:00,10447.660772055155
2023-01-20 11:00:00+00:00,10436.902385074227
2023-01-20 12:00:00+00:00,10615.056764517956
2023-01-20 13:00:00+00:00,11055.220178366551
2023-01-20 14:00:00+00:00,12030.231312493705
2023-01-20 15:00:00+00:00,13243.939229238205
2023-01-20 16:00:00+00:00,14027.31841767376
2023-01-20 17:00:00+00:00,14176.392782848112
2023-01-20 18:00:00+00:00,13926.841653338084
2023-01-20 19:00:00+00:00,13525.702873245838
2023-01-20 20:00:00+00:00,13078.286078559802
2023-01-20 21:00:00+00:00,12658.772137727155
2023-01-20 22:00:00+00:00,12296.633968751523
2023-01-20 23:00:00+00:00,12044.160534718476
2023-01-21 00:00:00+00:00,12010.538358770096
2023-01-21 01:00:00+00:00,12443.821738451798
2023-01-21 02:00:00+00:00,13191.064487275682
2023-01-21 03:00:00+00:00,13220.118062819329
2023-01-21 04:00:00+00:00,13038.57897837067
2023-01-21 05:00:00+00:00,12783.430534482979
2023-01-21 06:00:00+00:00,12364.929229500325
2023-01-21 07:00:00+00:00,11756.765383225315
2023-01-21 08:00:00+00:00,11278.24353611573
2023-01-21 09:00:00+00:00,10934.282937585605
2023-01-21 10:00:00+00:00,10793.409124763495
2023-01-21 11:00:00+00:00,10771.541936981714
2023-01-21 12:00:00+00:00,10862.119662612751
2023-01-21 13:00:00+00:00,11142.76847798465
2023-01-21 14:00:00+00:00,11649.577540953049
2023-01-21 15:00:00+00:00,12252.078266131111
2023-01-21 16:00:00+00:00,12888.678530406485
2023-01-21 17:00:00+00:00,13433.49764250549
2023-01-21 18:00:00+00:00,13677.591549431594
2023-01-21 19:00:00+00:00,13724.48307000813
2023-01-21 20:00:00+00:00,13692.709641595988
2023-01-21 21:00:00+00:00,13577.00802859192
2023-01-21 22:00:00+00:00,13232.445749112621
2023-01-21 23:00:00+00:00,12895.738579435694
2023-01-22 00:00:00+00:00,12865.20089929625
2023-01-22 01:00:00+00:00,13108.974629623219
2023-01-22 02:00:00+00:00,13439.265039548694
2023-01-22 03:00:00+00:00,13264.537283051766
2023-01-22 04:00:00+00:00,12941.035469379534
2023-01-22 05:00:00+00:00,12589.422183224611
2023-01-22 06:00:00+00:00,12105.526139310894
2023-01-22 07:00:00+00:00,11462.013812261413
2023-01-22 08:00:00+00:00,10872.422947917206
2023-01-22 09:00:00+00:00,10470.990804700856
2023-01-22 10:00:00+00:00,10250.591006723995
2023-01-22 11:00:00+00:00,10142.526625715682
2023-01-22 12:00:00+00:00,10216.67961182003
2023-01-22 13:00:00+00:00,10390.500847515876
2023-01-22 14:00:00+00:00,10797.238239534357
2023-01-22 15:00:00+00:00,11415.467467485514
2023-01-22 16:00:00+00:00,12030.214284314725
2023-01-22 17:00:00+00:00,12541.665217177813
2023-01-22 18:00:00+00:00,12818.130610820148
2023-01-22 19:00:00+00:00,12696.33037004363
2023-01-22 20:00:00+00:00,12492.544595289812
2023-01-22 21:00:00+00:00,12221.767595683981
2023-01-22 22:00:00+00:00,11980.399555523925
2023-01-22 23:00:00+00:00,11835.802176326757
2023-01-23 00:00:00+00:00,11856.604940517227
2023-01-23 01:00:00+00:00,12217.769388215182
2023-01-23 02:00:00+00:00,12988.525408872578
2023-01-23 03:00:00+00:00,13058.997413440244
2023-01-23 04:00:00+00:00,13022.996902035882
2023-01-23 05:00:00+00:00,12801.57502576806
2023-01-23 06:00:00+00:00,12262.567311545632
2023-01-23 07:00:00+00:00,11496.1076190625
2023-01-23 08:00:00+00:00,10857.096059893667
2023-01-23 09:00:00+00:00,10526.54620270554
2023-01-23 10:00:00+00:00,10367.860515619177
2023-01-23 11:00:00+00:00,10381.600394597235
2023-01-23 12:00:00+00:00,10549.002367403264
2023-01-23 13:00:00+00:00,11055.534044903447
2023-01-23 14:00:00+00:00,12007.949634393484
2023-01-23 15:00:00+00:00,13249.409488338546
2023-01-23 16:00:00+00:00,14047.05831378807
2023-01-23 17:00:00+00:00,14123.042561710758
2023-01-23 18:00:00+00:00,13934.714069956546
2023-01-23 19:00:00+00:00,13451.906743509468
2023-01-23 20:00:00+00:00,13043.84693471645
2023-01-23 21:00:00+00:00,12720.353532973864
2023-01-23 22:00:00+00:00,12442.111933529664
2023-01-23 23:00:00+00:00,12193.54108949615
2023-01-24 00:00:00+00:00,12170.4099808285
2023-01-24 01:00:00+00:00,12605.214917681385
2023-01-24 02:00:00+00:00,13412.71846535689
2023-01-24 03:00:00+00:00,13506.255379425238
2023-01-24 04:00:00+00:00,13322.917337759638
2023-01-24 05:00:00+00:00,12951.735582123096
2023-01-24 06:00:00+00:00,12310.595801351634
2023-01-24 07:00:00+00:00,11492.743456621565
2023-01-24 08:00:00+00:00,10835.478147789529
2023-01-24 09:00:00+00:00,10477.754734872231
2023-01-24 10:00:00+00:00,10297.28536965463
2023-01-24 11:00:00+00:00,10290.47334963929
2023-01-24 12:00:00+00:00,10456.533706758648
2023-01-24 13:00:00+00:00,10945.219180832215
2023-01-24 14:00:00+00:00,11931.910056933157
2023-01-24 15:00:00+00:00,13181.390333654756
2023-01-24 16:00:00+00:00,13894.599924008591
2023-01-24 17:00:00+00:00,13793.823290937784
2023-01-24 18:00:00+00:00,13512.06322896835
2023-01-24 19:00:00+00:00,13298.107690197121
2023-01-24 20:00:00+00:00,13014.489731374895
2023-01-24 21:00:00+00:00,12783.72414718398
2023-01-24 22:00:00+00:00,12564.255184478723
2023-01-24 23:00:00+00:00,12410.623428424522
2023-01-25 00:00:00+00:00,12464.991288376055
2023-01-25 01:00:00+00:00,12830.580338247728
2023-01-25 02:00:00+00:00,13381.329173387096
2023-01-25 03:00:00+00:00,13327.651827942082
2023-01-25 04:00:00+00:00,13050.91715817694
2023-01-25 05:00:00+00:00,12658.010303827854
2023-01-25 06:00:00+00:00,12002.163880732012
2023-01-25 07:00:00+00:00,11169.83342560484
2023-01-25 08:00:00+00:00,10511.979815856423
2023-01-25 09:00:00+00:00,10116.792096025763
2023-01-25 10:00:00+00:00,9935.809250882932
2023-01-25 11:00:00+00:00,9887.567846355436
2023-01-25 12:00:00+00:00,9982.932830269112
2023-01-25 13:00:00+00:00,10444.348676743275
2023-01-25 14:00:00+00:00,11383.699333238115
2023-01-25 15:00:00+00:00,12503.634150992377
2023-01-25 16:00:00+00:00,13190.280766914031
2023-01-25 17:00:00+00:00,13186.673622063876
2023-01-25 18:00:00+00:00,12966.544446564136
2023-01-25 19:00:00+00:00,12843.144509398922
2023-01-25 20:00:00+00:00,12478.037957653165
2023-01-25 21:00:00+00:00,12326.470729045395
2023-01-25 22:00:00+00:00,12092.083574638327
2023-01-25 23:00:00+00:00,11932.412810069536
2023-01-26 00:00:00+00:00,11935.091906688505
2023-01-26 01:00:00+00:00,12247.47679404299
2023-01-26 02:00:00+00:00,12877.028839373916
2023-01-26 03:00:00+00:00,12901.995981458454
2023-01-26 04:00:00+00:00,12686.19351333475
2023-01-26 05:00:00+00:00,12371.663354732398
2023-01-26 06:00:00+00:00,11766.095396511719
2023-01-26 07:00:00+00:00,10997.539285017705
2023-01-26 08:00:00+00:00,10355.998574330002
2023-01-26 09:00:00+00:00,10004.592911444486
2023-01-26 10:00:00+00:00,9805.172712174495
2023-01-26 11:00:00+00:00,9776.725567614827
2023-01-26 12:00:00+00:00,9926.402029791603
2023-01-26 13:00:00+00:00,10374.112868215763
2023-01-26 14:00:00+00:00,11311.115413039544
2023-01-26 15:00:00+00:00,12517.861098619633
2023-01-26 16:00:00+00:00,13271.928720325806
2023-01-26 17:00:00+00:00,13272.515453069453
2023-01-26 18:00:00+00:00,13108.869967442719
2023-01-26 19:00:00+00:00,12890.703968064974
2023-01-26 20:00:00+00:00,12634.232564922784
2023-01-26 21:00:00+00:00,12458.482705313612
2023-01-26 22:00:00+00:00,12313.571375571275
2023-01-26 23:00:00+00:00,12157.845303930553
2023-01-27 00:00:00+00:00,12153.697796123668
2023-01-27 01:00:00+00:00,12534.129875743518
2023-01-27 02:00:00+00:00,13056.838148311674
2023-01-27 03:00:00+00:00,13047.24953778153
2023-01-27 04:00:00+00:00,12783.011120430452
2023-01-27 05:00:00+00:00,12400.518797044691
2023-01-27 06:00:00+00:00,11787.744544173413
2023-01-27 07:00:00+00:00,10990.53794704077
2023-01-27 08:00:00+00:00,10340.869269465202
2023-01-27 09:00:00+00:00,9946.22694301802
2023-01-27 10:00:00+00:00,9720.279608641507
2023-01-27 11:00:00+00:00,9642.936840694469
2023-01-27 12:00:00+00:00,9726.475367404706
2023-01-27 13:00:00+00:00,10056.801838613437
2023-01-27 14:00:00+00:00,10855.693677724603
2023-01-27 15:00:00+00:00,11896.231115374612
2023-01-27 16:00:00+00:00,12559.587245820097
2023-01-27 17:00:00+00:00,12750.120287772581
2023-01-27 18:00:00+00:00,12673.305055735666
2023-01-27 19:00:00+00:00,12482.038206783436
2023-01-27 20:00:00+00:00,12251.898427087674
2023-01-27 21:00:00+00:00,12025.8485916352
2023-01-27 22:00:00+00:00,11821.170186257405
2023-01-27 23:00:00+00:00,11653.32481854376
2023-01-28 00:00:00+00:00,11610.454167800326
2023-01-28 01:00:00+00:00,11887.855174645736
2023-01-28 02:00:00+00:00,12365.02866566999
2023-01-28 03:00:00+00:00,12301.653842787211
2023-01-28 04:00:00+00:00,12013.177061000677
2023-01-28 05:00:00+00:00,11689.519345241584
2023-01-28 06:00:00+00:00,11228.697207372596
2023-01-28 07:00:00+00:00,10642.062075568057
2023-01-28 08:00:00+00:00,10132.057987254964
2023-01-28 09:00:00+00:00,9766.732852473153
2023-01-28 10:00:00+00:00,9532.126669849094
2023-01-28 11:00:00+00:00,9407.852346806087
2023-01-28 12:00:00+00:00,9416.05714981395
2023-01-28 13:00:00+00:00,9682.878357937521
2023-01-28 14:00:00+00:00,10106.844279329443
2023-01-28 15:00:00+00:00,10738.992509970749
2023-01-28 16:00:00+00:00,11373.587508325792
2023-01-28 17:00:00+00:00,11847.879766585402
2023-01-28 18:00:00+00:00,12139.218199295892
2023-01-28 19:00:00+00:00,12211.078496202168
2023-01-28 20:00:00+00:00,12130.326065125162
2023-01-28 21:00:00+00:00,12031.07746134845
2023-01-28 22:00:00+00:00,11847.759026592725
2023-01-28 23:00:00+00:00,11730.589031065125
2023-01-29 00:00:00+00:00,11727.732680956782
2023-01-29 01:00:00+00:00,12123.319899646172
2023-01-29 02:00:00+00:00,12777.454102876218
2023-01-29 03:00:00+00:00,12931.82715980189
2023-01-29 04:00:00+00:00,12786.01862376909
2023-01-29 05:00:00+00:00,12573.890994847636
2023-01-29 06:00:00+00:00,12250.929107088277
2023-01-29 07:00:00+00:00,11751.642061227
2023-01-29 08:00:00+00:00,11335.443693201145
2023-01-29 09:00:00+00:00,11095.87756974308
2023-01-29 10:00:00+00:00,11018.758061248756
2023-01-29 11:00:00+00:00,11052.836528422189
2023-01-29 12:00:00+00:00,11220.992751157422
2023-01-29 13:00:00+00:00,11549.78893656394
2023-01-29 14:00:00+00:00,12069.178927785177
2023-01-29 15:00:00+00:00,12784.311509822262
2023-01-29 16:00:00+00:00,13562.928030568663
2023-01-29 17:00:00+00:00,14100.701086383771
2023-01-29 18:00:00+00:00,14136.684468799865
2023-01-29 19:00:00+00:00,13814.128193175766
2023-01-29 20:00:00+00:00,13424.09131344932
2023-01-29 21:00:00+00:00,13037.142360937612
2023-01-29 22:00:00+00:00,12729.557600455664
2023-01-29 23:00:00+00:00,12459.074815660311
2023-01-30 00:00:00+00:00,12465.483675838006
2023-01-30 01:00:00+00:00,12965.247416639559
2023-01-30 02:00:00+00:00,13962.611772405851
2023-01-30 03:00:00+00:00,14325.836194847569
2023-01-30 04:00:00+00:00,14436.45377575571
2023-01-30 05:00:00+00:00,14287.57747714745
2023-01-30 06:00:00+00:00,13761.938212126117
2023-01-30 07:00:00+00:00,13038.34248371678
2023-01-30 08:00:00+00:00,12513.967315176838
2023-01-30 09:00:00+00:00,12292.779866651661
2023-01-30 10:00:00+00:00,12356.139738138832
2023-01-30 11:00:00+00:00,12477.180411212972
2023-01-30 12:00:00+00:00,12826.020441149481
2023-01-30 13:00:00+00:00,13471.880208560367
2023-01-30 14:00:00+00:00,14537.116507156394
2023-01-30 15:00:00+00:00,15884.707385458307
2023-01-30 16:00:00+00:00,16794.881844712483
2023-01-30 17:00:00+00:00,16837.238142808852
2023-01-30 18:00:00+00:00,16263.65359703485
2023-01-30 19:00:00+00:00,15562.643537034699
2023-01-30 20:00:00+00:00,14928.117196417665
2023-01-30 21:00:00+00:00,14352.608980776451
2023-01-30 22:00:00+00:00,13872.846327011423
2023-01-30 23:00:00+00:00,13563.913258242668
2023-01-31 00:00:00+00:00,13598.196991400962
2023-01-31 01:00:00+00:00,14033.636536054264
2023-01-31 02:00:00+00:00,14883.691235341284
2023-01-31 03:00:00+00:00,15032.835879808794
2023-01-31 04:00:00+00:00,14806.70031774228
2023-01-31 05:00:00+00:00,14393.19599799823
2023-01-31 06:00:00+00:00,13676.973942445937
2023-01-31 07:00:00+00:00,12806.911956217777
2023-01-31 08:00:00+00:00,12109.64949764888
2023-01-31 09:00:00+00:00,11755.387873408397
2023-01-31 10:00:00+00:00,11657.562574519869
2023-01-31 11:00:00+00:00,11714.970096667394
2023-01-31 12:00:00+00:00,11924.109901624352
2023-01-31 13:00:00+00:00,12413.816246617094
2023-01-31 14:00:00+00:00,13414.866641129114
2023-01-31 15:00:00+00:00,14600.615324368524
2023-01-31 16:00:00+00:00,15342.689632354286
2023-01-31 17:00:00+00:00,15317.0994850857
2023-01-31 18:00:00+00:00,15073.871904607411
2023-01-31 19:00:00+00:00,14721.732459923836
2023-01-31 20:00:00+00:00,14347.636447996694
2023-01-31 21:00:00+00:00,14038.232025874262
2023-01-31 22:00:00+00:00,13671.073551430352
2023-01-31 23:00:00+00:00,13456.80309921299
2023-02-01 00:00:00+00:00,13455.12790689869
2023-02-01 01:00:00+00:00,13839.388195307532
2023-02-01 02:00:00+00:00,14450.981639991247
2023-02-01 03:00:00+00:00,14490.508704808373
2023-02-01 04:00:00+00:00,14221.628434266486
2023-02-01 05:00:00+00:00,13800.303981419642
2023-02-01 06:00:00+00:00,13143.097455635547
2023-02-01 07:00:00+00:00,12287.606234298673
2023-02-01 08:00:00+00:00,11622.714761362158
2023-02-01 09:00:00+00:00,11272.399152209447
2023-02-01 10:00:00+00:00,11178.113760571116
2023-02-01 11:00:00+00:00,11183.688976444055
2023-02-01 12:00:00+00:00,11378.761306780669
2023-02-01 13:00:00+00:00,11900.195187897294
2023-02-01 14:00:00+00:00,12866.582748751087
2023-02-01 15:00:00+00:00,14117.215065522878
2023-02-01 16:00:00+00:00,14845.57459192419
2023-02-01 17:00:00+00:00,14844.133009145788
2023-02-01 18:00:00+00:00,14496.85985407073
2023-02-01 19:00:00+00:00,13899.782624140775
2023-02-01 20:00:00+00:00,13386.136966068329
2023-02-01 21:00:00+00:00,12915.51754772049
2023-02-01 22:00:00+00:00,12478.522593064987
2023-02-01 23:00:00+00:00,12245.701688601126
2023-02-02 00:00:00+00:00,12132.389749645532
2023-02-02 01:00:00+00:00,12440.648281378004
2023-02-02 02:00:00+00:00,13311.254453667641
2023-02-02 03:00:00+00:00,13560.306185601181
2023-02-02 04:00:00+00:00,13484.827035811275
2023-02-02 05:00:00+00:00,13231.353413943096
2023-02-02 06:00:00+00:00,12707.114392399437
2023-02-02 07:00:00+00:00,11943.501077581534
2023-02-02 08:00:00+00:00,11370.021657014693
2023-02-02 09:00:00+00:00,11104.27890063974
2023-02-02 10:00:00+00:00,11074.088296043836
2023-02-02 11:00:00+00:00,11118.790069919722
2023-02-02 12:00:00+00:00,11361.857828990527
2023-02-02 13:00:00+00:00,11889.428072710689
2023-02-02 14:00:00+00:00,12941.17506211655
2023-02-02 15:00:00+00:00,14243.63441870855
2023-02-02 16:00:00+00:00,15027.808307668098
2023-02-02 17:00:00+00:00,14938.991150455147
2023-02-02 18:00:00+00:00,14404.060167718337
2023-02-02 19:00:00+00:00,13778.050404775495
2023-02-02 20:00:00+00:00,13208.341996381721
2023-02-02 21:00:00+00:00,12674.568461690455
2023-02-02 22:00:00+00:00,12285.740356672077
2023-02-02 23:00:00+00:00,12000.577326470404
2023-02-03 00:00:00+00:00,11891.435616969557
2023-02-03 01:00:00+00:00,12291.629032436636
2023-02-03 02:00:00+00:00,13103.539969013395
2023-02-03 03:00:00+00:00,13306.310284995605
2023-02-03 04:00:00+00:00,13159.943607184772
2023-02-03 05:00:00+00:00,12796.02209510961
2023-02-03 06:00:00+00:00,12214.416549464344
2023-02-03 07:00:00+00:00,11419.204733350472
2023-02-03 08:00:00+00:00,10805.185100447809
2023-02-03 09:00:00+00:00,10450.743660173452
2023-02-03 10:00:00+00:00,10330.058128989625
2023-02-03 11:00:00+00:00,10300.792694398166
2023-02-03 12:00:00+00:00,10483.751846273253
2023-02-03 13:00:00+00:00,10929.844462974232
2023-02-03 14:00:00+00:00,11798.107843874684
2023-02-03 15:00:00+00:00,12869.697181914722
2023-02-03 16:00:00+00:00,13622.560349078141
2023-02-03 17:00:00+00:00,13722.486232317819
2023-02-03 18:00:00+00:00,13610.390155795596
2023-02-03 19:00:00+00:00,13367.075885914453
2023-02-03 20:00:00+00:00,13119.207252626904
2023-02-03 21:00:00+00:00,12866.024341996883
2023-02-03 22:00:00+00:00,12574.415970779806
2023-02-03 23:00:00+00:00,12402.603440198262
2023-02-04 00:00:00+00:00,12362.857420636894
2023-02-04 01:00:00+00:00,12556.016858381758
2023-02-04 02:00:00+00:00,12880.382079672967
2023-02-04 03:00:00+00:00,12744.738709234265
2023-02-04 04:00:00+00:00,12348.459407645645
2023-02-04 05:00:00+00:00,11930.422045615973
2023-02-04 06:00:00+00:00,11403.621799047214
2023-02-04 07:00:00+00:00,10734.46919469631
2023-02-04 08:00:00+00:00,10148.249742376984
2023-02-04 09:00:00+00:00,9744.590643495427
2023-02-04 10:00:00+00:00,9496.124392822177
2023-02-04 11:00:00+00:00,9370.828298946206
2023-02-04 12:00:00+00:00,9336.877833106
2023-02-04 13:00:00+00:00,9546.120052191445
2023-02-04 14:00:00+00:00,9967.165765132659
2023-02-04 15:00:00+00:00,10519.396070078537
2023-02-04 16:00:00+00:00,11127.06528090444
2023-02-04 17:00:00+00:00,11627.27813933303
2023-02-04 18:00:00+00:00,11872.603210762529
2023-02-04 19:00:00+00:00,11892.995478762192
2023-02-04 20:00:00+00:00,11756.917424805604
2023-02-04 21:00:00+00:00,11491.785290690625
2023-02-04 22:00:00+00:00,11257.721211661483
2023-02-04 23:00:00+00:00,11131.96006336171
2023-02-05 00:00:00+00:00,11119.617591420832
2023-02-05 01:00:00+00:00,11349.481640169291
2023-02-05 02:00:00+00:00,11728.753826765489
2023-02-05 03:00:00+00:00,11735.74974150568
2023-02-05 04:00:00+00:00,11503.973669540184
2023-02-05 05:00:00+00:00,11263.473938754085
2023-02-05 06:00:00+00:00,10800.391487755598
2023-02-05 07:00:00+00:00,10313.768571072114
2023-02-05 08:00:00+00:00,9835.69344445489
2023-02-05 09:00:00+00:00,9516.040762367
2023-02-05 10:00:00+00:00,9270.464471631676
2023-02-05 11:00:00+00:00,9181.97029128656
2023-02-05 12:00:00+00:00,9235.93581037204
2023-02-05 13:00:00+00:00,9389.791705352305
2023-02-05 14:00:00+00:00,9753.608621206968
2023-02-05 15:00:00+00:00,10281.255417657801
2023-02-05 16:00:00+00:00,10861.415345235817
2023-02-05 17:00:00+00:00,11427.195510074944
2023-02-05 18:00:00+00:00,11760.253475878933
2023-02-05 19:00:00+00:00,11797.80653447133
2023-02-05 20:00:00+00:00,11729.859953191399
2023-02-05 21:00:00+00:00,11694.991165126523
2023-02-05 22:00:00+00:00,11642.233262346082
2023-02-05 23:00:00+00:00,11532.426758332751
2023-02-06 00:00:00+00:00,11542.694931515738
2023-02-06 01:00:00+00:00,11747.370486830847
2023-02-06 02:00:00+00:00,12240.719331743405
2023-02-06 03:00:00+00:00,12339.099383512268
2023-02-06 04:00:00+00:00,12165.668864807085
2023-02-06 05:00:00+00:00,11847.958673527137
2023-02-06 06:00:00+00:00,11322.796155334489
2023-02-06 07:00:00+00:00,10585.235781637668
2023-02-06 08:00:00+00:00,9976.087772034132
2023-02-06 09:00:00+00:00,9612.127565130175
2023-02-06 10:00:00+00:00,9463.77965663844
2023-02-06 11:00:00+00:00,9447.773781282209
2023-02-06 12:00:00+00:00,9592.277271891258
2023-02-06 13:00:00+00:00,10109.518413142343
2023-02-06 14:00:00+00:00,11004.14403678375
2023-02-06 15:00:00+00:00,12157.902708530528
2023-02-06 16:00:00+00:00,12857.545583125597
2023-02-06 17:00:00+00:00,12903.478863703369
2023-02-06 18:00:00+00:00,12843.976626395066
2023-02-06 19:00:00+00:00,12689.072056376952
2023-02-06 20:00:00+00:00,12505.753610087277
2023-02-06 21:00:00+00:00,12341.725336745267
2023-02-06 22:00:00+00:00,12209.833282308862
2023-02-06 23:00:00+00:00,12076.535151709988
2023-02-07 00:00:00+00:00,12086.61878440021
2023-02-07 01:00:00+00:00,12288.977429361268
2023-02-07 02:00:00+00:00,12852.88908626748
2023-02-07 03:00:00+00:00,12916.352343638031
2023-02-07 04:00:00+00:00,12638.386680322768
2023-02-07 05:00:00+00:00,12226.786562998643
2023-02-07 06:00:00+00:00,11537.820122279365
2023-02-07 07:00:00+00:00,10770.270054004375
2023-02-07 08:00:00+00:00,10115.359732198216
2023-02-07 09:00:00+00:00,9710.68180899345
2023-02-07 10:00:00+00:00,9505.906611432554
2023-02-07 11:00:00+00:00,9446.606643184443
2023-02-07 12:00:00+00:00,9572.208724480717
2023-02-07 13:00:00+00:00,10003.481780762731
2023-02-07 14:00:00+00:00,10875.670500101633
2023-02-07 15:00:00+00:00,12024.515201717893
2023-02-07 16:00:00+00:00,12738.130989504487
2023-02-07 17:00:00+00:00,12786.466905606614
2023-02-07 18:00:00+00:00,12706.513714210254
2023-02-07 19:00:00+00:00,12597.238735357869
2023-02-07 20:00:00+00:00,12536.61938313508
2023-02-07 21:00:00+00:00,12439.102703212639
2023-02-07 22:00:00+00:00,12133.810576783795
2023-02-07 23:00:00+00:00,11857.217767604023
2023-02-08 00:00:00+00:00,11791.730604076169
2023-02-08 01:00:00+00:00,12077.81392643232
2023-02-08 02:00:00+00:00,12779.812006750637
2023-02-08 03:00:00+00:00,12992.907536096993
2023-02-08 04:00:00+00:00,12822.683629921956
2023-02-08 05:00:00+00:00,12527.351144194088
2023-02-08 06:00:00+00:00,11936.70575687816
2023-02-08 07:00:00+00:00,11165.396755932346
2023-02-08 08:00:00+00:00,10548.54198241303
2023-02-08 09:00:00+00:00,10179.229195343521
2023-02-08 10:00:00+00:00,9985.93007109862
2023-02-08 11:00:00+00:00,9994.502586109624
2023-02-08 12:00:00+00:00,10161.423695274269
2023-02-08 13:00:00+00:00,10679.148176585255
2023-02-08 14:00:00+00:00,11628.444332617404
2023-02-08 15:00:00+00:00,12846.269163857405
2023-02-08 16:00:00+00:00,13628.379977937362
2023-02-08 17:00:00+00:00,13534.68965704127
2023-02-08 18:00:00+00:00,13097.15773904545
2023-02-08 19:00:00+00:00,12648.100791712142
2023-02-08 20:00:00+00:00,12270.905040584325
2023-02-08 21:00:00+00:00,11936.684869278883
2023-02-08 22:00:00+00:00,11611.994175240137
2023-02-08 23:00:00+00:00,11415.133819448627
2023-02-09 00:00:00+00:00,11267.125878835162
2023-02-09 01:00:00+00:00,11554.281726130044
2023-02-09 02:00:00+00:00,12387.094325357908
2023-02-09 03:00:00+00:00,12704.95875589064
2023-02-09 04:00:00+00:00,12601.51266005852
2023-02-09 05:00:00+00:00,12293.706190021949
2023-02-09 06:00:00+00:00,11711.532601054028
2023-02-09 07:00:00+00:00,10945.90761082311
2023-02-09 08:00:00+00:00,10322.312416981164
2023-02-09 09:00:00+00:00,9977.180058046239
2023-02-09 10:00:00+00:00,9828.923920363854
2023-02-09 11:00:00+00:00,9802.738760442453
2023-02-09 12:00:00+00:00,9956.517282458548
2023-02-09 13:00:00+00:00,10422.722663222403
2023-02-09 14:00:00+00:00,11363.727049788411
2023-02-09 15:00:00+00:00,12605.013328686899
2023-02-09 16:00:00+00:00,13296.925295902807
2023-02-09 17:00:00+00:00,13194.862193972192
2023-02-09 18:00:00+00:00,12892.023168208225
2023-02-09 19:00:00+00:00,12546.98950249476
2023-02-09 20:00:00+00:00,12173.562547504707
2023-02-09 21:00:00+00:00,11792.932443110632
2023-02-09 22:00:00+00:00,11359.52622842015
2023-02-09 23:00:00+00:00,11016.355110397866
2023-02-10 00:00:00+00:00,10816.793420948767
2023-02-10 01:00:00+00:00,11047.599401639949
2023-02-10 02:00:00+00:00,11753.5205215127
2023-02-10 03:00:00+00:00,12076.284762551611
2023-02-10 04:00:00+00:00,11992.79140900254
2023-02-10 05:00:00+00:00,11724.392769407044
2023-02-10 06:00:00+00:00,11177.315202414728
2023-02-10 07:00:00+00:00,10469.967945496006
2023-02-10 08:00:00+00:00,9867.501349891994
2023-02-10 09:00:00+00:00,9463.063079278309
2023-02-10 10:00:00+00:00,9299.834637557295
2023-02-10 11:00:00+00:00,9231.018488176433
2023-02-10 12:00:00+00:00,9367.921112006286
2023-02-10 13:00:00+00:00,9767.79655025551
2023-02-10 14:00:00+00:00,10646.082441375507
2023-02-10 15:00:00+00:00,11772.256799523093
2023-02-10 16:00:00+00:00,12496.561917912499
2023-02-10 17:00:00+00:00,12578.982843989921
2023-02-10 18:00:00+00:00,12353.723623336442
2023-02-10 19:00:00+00:00,12007.157383270427
2023-02-10 20:00:00+00:00,11611.364677630361
2023-02-10 21:00:00+00:00,11311.072051934567
2023-02-10 22:00:00+00:00,11036.717100753107
2023-02-10 23:00:00+00:00,10748.884488521662
2023-02-11 00:00:00+00:00,10660.659552018418
2023-02-11 01:00:00+00:00,10927.387826854707
2023-02-11 02:00:00+00:00,11526.943588122722
2023-02-11 03:00:00+00:00,11821.427579563784
2023-02-11 04:00:00+00:00,11690.321820510648
2023-02-11 05:00:00+00:00,11463.546070400356
2023-02-11 06:00:00+00:00,11118.990760002433
2023-02-11 07:00:00+00:00,10581.599413247255
2023-02-11 08:00:00+00:00,10115.781640382802
2023-02-11 09:00:00+00:00,9804.912215698
2023-02-11 10:00:00+00:00,9663.192877615824
2023-02-11 11:00:00+00:00,9652.297803051717
2023-02-11 12:00:00+00:00,9774.560280684454
2023-02-11 13:00:00+00:00,10064.93649072033
2023-02-11 14:00:00+00:00,10574.642402587418
2023-02-11 15:00:00+00:00,11266.724593584198
2023-02-11 16:00:00+00:00,12029.395988319942
2023-02-11 17:00:00+00:00,12506.015489889784
2023-02-11 18:00:00+00:00,12441.981020404894
2023-02-11 19:00:00+00:00,12120.718680556984
2023-02-11 20:00:00+00:00,11762.425433996956
2023-02-11 21:00:00+00:00,11332.243057961232
2023-02-11 22:00:00+00:00,10961.359902400774
2023-02-11 23:00:00+00:00,10706.969652128479
2023-02-12 00:00:00+00:00,10721.597633791162
2023-02-12 01:00:00+00:00,10949.169593906267
2023-02-12 02:00:00+00:00,11586.111291899077
2023-02-12 03:00:00+00:00,11907.154117227814
2023-02-12 04:00:00+00:00,11824.051865752353
2023-02-12 05:00:00+00:00,11682.13784530618
2023-02-12 06:00:00+00:00,11389.666525710882
2023-02-12 07:00:00+00:00,10969.239373337012
2023-02-12 08:00:00+00:00,10516.296842484633
2023-02-12 09:00:00+00:00,10331.531327478777
2023-02-12 10:00:00+00:00,10216.41664110828
2023-02-12 11:00:00+00:00,10224.021319456257
2023-02-12 12:00:00+00:00,10329.063075697117
2023-02-12 13:00:00+00:00,10592.03363698861
2023-02-12 14:00:00+00:00,11052.877954040312
2023-02-12 15:00:00+00:00,11694.960192128916
2023-02-12 16:00:00+00:00,12375.419049927312
2023-02-12 17:00:00+00:00,12822.799339107372
2023-02-12 18:00:00+00:00,12806.06952876965
2023-02-12 19:00:00+00:00,12445.493102573215
2023-02-12 20:00:00+00:00,12016.487315849115
2023-02-12 21:00:00+00:00,11679.09990764604
2023-02-12 22:00:00+00:00,11375.087064351292
2023-02-12 23:00:00+00:00,11165.250367172126
2023-02-13 00:00:00+00:00,10973.593902951603
2023-02-13 01:00:00+00:00,10903.538448559746
2023-02-13 02:00:00+00:00,11925.533520291157
2023-02-13 03:00:00+00:00,11529.004300690187
2023-02-13 04:00:00+00:00,11553.668816439433
2023-02-13 05:00:00+00:00,11532.258951906395
2023-02-13 06:00:00+00:00,11040.735274230747
2023-02-13 07:00:00+00:00,10330.809683328996
2023-02-13 08:00:00+00:00,9737.632916057442
2023-02-13 09:00:00+00:00,9339.056897368015
2023-02-13 10:00:00+00:00,9208.039996482217
2023-02-13 11:00:00+00:00,9200.875466562673
2023-02-13 12:00:00+00:00,9416.33302851402
2023-02-13 13:00:00+00:00,9915.847446749309
2023-02-13 14:00:00+00:00,10860.218877824625
2023-02-13 15:00:00+00:00,12028.752550086036
2023-02-13 16:00:00+00:00,12811.80515788186
2023-02-13 17:00:00+00:00,12911.791063672204
2023-02-13 18:00:00+00:00,12804.066761378148
2023-02-13 19:00:00+00:00,12603.073495236666
2023-02-13 20:00:00+00:00,12464.035074216548
2023-02-13 21:00:00+00:00,12269.584017030864
2023-02-13 22:00:00+00:00,12164.759485256056
2023-02-13 23:00:00+00:00,12119.643467997887
2023-02-14 00:00:00+00:00,12244.651061118468
2023-02-14 01:00:00+00:00,12638.297721865536
2023-02-14 02:00:00+00:00,13247.918270936558
2023-02-14 03:00:00+00:00,13524.76062740011
2023-02-14 04:00:00+00:00,13317.016481966695
2023-02-14 05:00:00+00:00,13038.818165970652
2023-02-14 06:00:00+00:00,12513.631180144215
2023-02-14 07:00:00+00:00,11712.602558188939
2023-02-14 08:00:00+00:00,11096.899869318639
2023-02-14 09:00:00+00:00,10770.196208073414
2023-02-14 10:00:00+00:00,10687.220290198973
2023-02-14 11:00:00+00:00,10733.937662361377
2023-02-14 12:00:00+00:00,10938.693684489997
2023-02-14 13:00:00+00:00,11467.466910337089
2023-02-14 14:00:00+00:00,12442.851526359058
2023-02-14 15:00:00+00:00,13641.951680711398
2023-02-14 16:00:00+00:00,14413.787557661695
2023-02-14 17:00:00+00:00,14389.695985294997
2023-02-14 18:00:00+00:00,13958.077607890742
2023-02-14 19:00:00+00:00,13490.343398691235
2023-02-14 20:00:00+00:00,12969.505785680723
2023-02-14 21:00:00+00:00,12680.738084812256
2023-02-14 22:00:00+00:00,12389.970668150783
2023-02-14 23:00:00+00:00,12104.092499908442
2023-02-15 00:00:00+00:00,12017.338241597148
2023-02-15 01:00:00+00:00,12275.241964007855
2023-02-15 02:00:00+00:00,12969.84381868452
2023-02-15 03:00:00+00:00,13412.806550277635
2023-02-15 04:00:00+00:00,13319.953197074354
2023-02-15 05:00:00+00:00,13121.367831499423
2023-02-15 06:00:00+00:00,12602.973293866395
2023-02-15 07:00:00+00:00,11945.761228160683
2023-02-15 08:00:00+00:00,11367.296612282867
2023-02-15 09:00:00+00:00,11156.001946176988
2023-02-15 10:00:00+00:00,11124.549869459473
2023-02-15 11:00:00+00:00,11262.142357184015
2023-02-15 12:00:00+00:00,11500.083904587527
2023-02-15 13:00:00+00:00,12065.595352867724
2023-02-15 14:00:00+00:00,13114.227633990244
2023-02-15 15:00:00+00:00,14362.297563246218
2023-02-15 16:00:00+00:00,15134.480607013444
2023-02-15 17:00:00+00:00,14904.43843297035
2023-02-15 18:00:00+00:00,14328.839284527017
2023-02-15 19:00:00+00:00,13662.064172819662
2023-02-15 20:00:00+00:00,13087.855025424178
2023-02-15 21:00:00+00:00,12577.700163904137
2023-02-15 22:00:00+00:00,12101.29294589138
2023-02-15 23:00:00+00:00,11772.712816845815
2023-02-16 00:00:00+00:00,11680.508521725646
2023-02-16 01:00:00+00:00,11941.724950503361
2023-02-16 02:00:00+00:00,12725.369175355208
2023-02-16 03:00:00+00:00,13276.995331636472
2023-02-16 04:00:00+00:00,13249.005236038163
2023-02-16 05:00:00+00:00,13038.257967106947
2023-02-16 06:00:00+00:00,12533.705228343257
2023-02-16 07:00:00+00:00,11769.678237738362
2023-02-16 08:00:00+00:00,11186.005051532338
2023-02-16 09:00:00+00:00,10900.858211824107
2023-02-16 10:00:00+00:00,10800.340619697497
2023-02-16 11:00:00+00:00,10858.535473529275
2023-02-16 12:00:00+00:00,11010.750572701681
2023-02-16 13:00:00+00:00,11534.798686766238
2023-02-16 14:00:00+00:00,12534.650222218643
2023-02-16 15:00:00+00:00,13837.887486887968
2023-02-16 16:00:00+00:00,14493.93502629277
2023-02-16 17:00:00+00:00,14358.796380907477
2023-02-16 18:00:00+00:00,13951.350649010803
2023-02-16 19:00:00+00:00,13426.934368500897
2023-02-16 20:00:00+00:00,12930.49935704301
2023-02-16 21:00:00+00:00,12579.7734813905
2023-02-16 22:00:00+00:00,12264.245286279922
2023-02-16 23:00:00+00:00,12022.050226933616
2023-02-17 00:00:00+00:00,12008.848110975083
2023-02-17 01:00:00+00:00,12248.886542042563
2023-02-17 02:00:00+00:00,12822.900858200972
2023-02-17 03:00:00+00:00,13012.799864796772
2023-02-17 04:00:00+00:00,12813.328526619001
2023-02-17 05:00:00+00:00,12447.359094373885
2023-02-17 06:00:00+00:00,11852.714253331662
2023-02-17 07:00:00+00:00,11090.127152243607
2023-02-17 08:00:00+00:00,10434.931968558718
2023-02-17 09:00:00+00:00,10041.140056133383
2023-02-17 10:00:00+00:00,9877.369544252211
2023-02-17 11:00:00+00:00,9850.367106799522
2023-02-17 12:00:00+00:00,9964.32768706829
2023-02-17 13:00:00+00:00,10438.897026480125
2023-02-17 14:00:00+00:00,11314.786886476106
2023-02-17 15:00:00+00:00,12451.993754527397
2023-02-17 16:00:00+00:00,13144.767215441569
2023-02-17 17:00:00+00:00,13221.807987496066
2023-02-17 18:00:00+00:00,13132.395044055867
2023-02-17 19:00:00+00:00,12874.164756169042
2023-02-17 20:00:00+00:00,12577.566617809935
2023-02-17 21:00:00+00:00,12268.042666121919
2023-02-17 22:00:00+00:00,11941.87151771631
2023-02-17 23:00:00+00:00,11661.397695511187
2023-02-18 00:00:00+00:00,11571.18191871268
2023-02-18 01:00:00+00:00,11692.938925935528
2023-02-18 02:00:00+00:00,12142.050801807227
2023-02-18 03:00:00+00:00,12409.921632536914
2023-02-18 04:00:00+00:00,12209.684983878034
2023-02-18 05:00:00+00:00,11934.418691415322
2023-02-18 06:00:00+00:00,11507.169445202579
2023-02-18 07:00:00+00:00,10944.457740117741
2023-02-18 08:00:00+00:00,10375.075808231857
2023-02-18 09:00:00+00:00,9995.263942657159
2023-02-18 10:00:00+00:00,9787.175339624535
2023-02-18 11:00:00+00:00,9727.833234422516
2023-02-18 12:00:00+00:00,9769.1597550678
2023-02-18 13:00:00+00:00,10002.177120660366
2023-02-18 14:00:00+00:00,10419.481279151327
2023-02-18 15:00:00+00:00,11040.474166605214
2023-02-18 16:00:00+00:00,11688.200256279744
2023-02-18 17:00:00+00:00,12162.656052090326
2023-02-18 18:00:00+00:00,12389.257100903153
2023-02-18 19:00:00+00:00,12330.957058129316
2023-02-18 20:00:00+00:00,12076.551597358792
2023-02-18 21:00:00+00:00,11728.665935584413
2023-02-18 22:00:00+00:00,11413.520225989316
2023-02-18 23:00:00+00:00,11150.11035967567
2023-02-19 00:00:00+00:00,11067.216478512135
2023-02-19 01:00:00+00:00,11238.788102554763
2023-02-19 02:00:00+00:00,11668.148132718423
2023-02-19 03:00:00+00:00,11863.426128748728
2023-02-19 04:00:00+00:00,11660.455469169197
2023-02-19 05:00:00+00:00,11423.937751564537
2023-02-19 06:00:00+00:00,11069.266840484426
2023-02-19 07:00:00+00:00,10600.918838527903
2023-02-19 08:00:00+00:00,10144.375535513786
2023-02-19 09:00:00+00:00,9816.515372266162
2023-02-19 10:00:00+00:00,9631.502654551372
2023-02-19 11:00:00+00:00,9580.802004785417
2023-02-19 12:00:00+00:00,9638.187926261615
2023-02-19 13:00:00+00:00,9822.666478106064
2023-02-19 14:00:00+00:00,10223.445990920782
2023-02-19 15:00:00+00:00,10782.896725837028
2023-02-19 16:00:00+00:00,11373.495001441008
2023-02-19 17:00:00+00:00,11795.606765099314
2023-02-19 18:00:00+00:00,11995.50661590478
2023-02-19 19:00:00+00:00,11952.11986926151
2023-02-19 20:00:00+00:00,11822.388435079927
2023-02-19 21:00:00+00:00,11660.667293096203
2023-02-19 22:00:00+00:00,11484.070321001727
2023-02-19 23:00:00+00:00,11346.96489766664
2023-02-20 00:00:00+00:00,11342.04071875256
2023-02-20 01:00:00+00:00,11538.600946325052
2023-02-20 02:00:00+00:00,11959.377982864886
2023-02-20 03:00:00+00:00,12068.793099804532
2023-02-20 04:00:00+00:00,11838.783690303755
2023-02-20 05:00:00+00:00,11500.223030692003
2023-02-20 06:00:00+00:00,10982.21978957132
2023-02-20 07:00:00+00:00,10369.686216864606
2023-02-20 08:00:00+00:00,9804.355709149495
2023-02-20 09:00:00+00:00,9397.574826456343
2023-02-20 10:00:00+00:00,9210.640500126672
2023-02-20 11:00:00+00:00,9182.60405949343
2023-02-20 12:00:00+00:00,9287.12052214359
2023-02-20 13:00:00+00:00,9676.06000310092
2023-02-20 14:00:00+00:00,10397.763662507727
2023-02-20 15:00:00+00:00,11212.006139214114
2023-02-20 16:00:00+00:00,11818.859935887778
2023-02-20 17:00:00+00:00,12115.267337256286
2023-02-20 18:00:00+00:00,12289.330715579777
2023-02-20 19:00:00+00:00,12317.233788414367
2023-02-20 20:00:00+00:00,12236.475804147587
2023-02-20 21:00:00+00:00,12156.790350395238
2023-02-20 22:00:00+00:00,12084.721473200243
2023-02-20 23:00:00+00:00,12013.132563764453
2023-02-21 00:00:00+00:00,11989.914523037254
2023-02-21 01:00:00+00:00,12124.030598469237
2023-02-21 02:00:00+00:00,12533.229434745095
2023-02-21 03:00:00+00:00,12561.680528218772
2023-02-21 04:00:00+00:00,12300.142669575716
2023-02-21 05:00:00+00:00,11879.780634508003
2023-02-21 06:00:00+00:00,11231.474093250408
2023-02-21 07:00:00+00:00,10502.025172504795
2023-02-21 08:00:00+00:00,9905.976475292871
2023-02-21 09:00:00+00:00,9623.249293656558
2023-02-21 10:00:00+00:00,9535.748926133432
2023-02-21 11:00:00+00:00,9523.181034320558
2023-02-21 12:00:00+00:00,9694.198073934478
2023-02-21 13:00:00+00:00,10204.467940374587
2023-02-21 14:00:00+00:00,11168.722539635088
2023-02-21 15:00:00+00:00,12372.274119919093
2023-02-21 16:00:00+00:00,13113.478647929016
2023-02-21 17:00:00+00:00,13161.330574795988
2023-02-21 18:00:00+00:00,13003.408907795427
2023-02-21 19:00:00+00:00,12818.373783091283
2023-02-21 20:00:00+00:00,12630.196054022852
2023-02-21 21:00:00+00:00,12492.171661019616
2023-02-21 22:00:00+00:00,12305.859015018188
2023-02-21 23:00:00+00:00,12173.970502485787
2023-02-22 00:00:00+00:00,12156.198019542251
2023-02-22 01:00:00+00:00,12501.610531399261
2023-02-22 02:00:00+00:00,13190.584608195984
2023-02-22 03:00:00+00:00,13556.876935278686
2023-02-22 04:00:00+00:00,13391.996944576584
2023-02-22 05:00:00+00:00,13085.264860967043
2023-02-22 06:00:00+00:00,12436.201113621772
2023-02-22 07:00:00+00:00,11666.153911643367
2023-02-22 08:00:00+00:00,11058.165495756708
2023-02-22 09:00:00+00:00,10711.414360127914
2023-02-22 10:00:00+00:00,10630.390855035694
2023-02-22 11:00:00+00:00,10646.370175301661
2023-02-22 12:00:00+00:00,10859.400672890846
2023-02-22 13:00:00+00:00,11360.9939122521
2023-02-22 14:00:00+00:00,12394.372736755904
2023-02-22 15:00:00+00:00,13661.518483467366
2023-02-22 16:00:00+00:00,14457.435923169749
2023-02-22 17:00:00+00:00,14591.620610142689
2023-02-22 18:00:00+00:00,14535.207965865126
2023-02-22 19:00:00+00:00,14272.404131572848
2023-02-22 20:00:00+00:00,14130.198597522109
2023-02-22 21:00:00+00:00,13928.323491365467
2023-02-22 22:00:00+00:00,13717.841160138703
2023-02-22 23:00:00+00:00,13642.84819426664
2023-02-23 00:00:00+00:00,13794.60564963563
2023-02-23 01:00:00+00:00,14153.743397176784
2023-02-23 02:00:00+00:00,14676.92395195517
2023-02-23 03:00:00+00:00,14883.411321873777
2023-02-23 04:00:00+00:00,14709.873930249914
2023-02-23 05:00:00+00:00,14353.752542541404
2023-02-23 06:00:00+00:00,13734.789923221038
2023-02-23 07:00:00+00:00,12963.712872843533
2023-02-23 08:00:00+00:00,12418.620798431779
2023-02-23 09:00:00+00:00,12133.644504374211
2023-02-23 10:00:00+00:00,12075.800268642746
2023-02-23 11:00:00+00:00,12149.713292465134
2023-02-23 12:00:00+00:00,12389.560030189963
2023-02-23 13:00:00+00:00,12915.773805350951
2023-02-23 14:00:00+00:00,13902.94679292173
2023-02-23 15:00:00+00:00,15072.640356936932
2023-02-23 16:00:00+00:00,15825.675752545409
2023-02-23 17:00:00+00:00,15993.390493747373
2023-02-23 18:00:00+00:00,15810.641544973147
2023-02-23 19:00:00+00:00,15446.265269880814
2023-02-23 20:00:00+00:00,14985.64434768732
2023-02-23 21:00:00+00:00,14586.02624993492
2023-02-23 22:00:00+00:00,14271.554515781976
2023-02-23 23:00:00+00:00,13965.614199199033
2023-02-24 00:00:00+00:00,13869.030464331232
2023-02-24 01:00:00+00:00,14100.558185197313
2023-02-24 02:00:00+00:00,14777.91612909008
2023-02-24 03:00:00+00:00,15313.823124279785
2023-02-24 04:00:00+00:00,15299.145516848328
2023-02-24 05:00:00+00:00,15042.738831802886
2023-02-24 06:00:00+00:00,14460.986714575074
2023-02-24 07:00:00+00:00,13698.303269886494
2023-02-24 08:00:00+00:00,13151.237662846619
2023-02-24 09:00:00+00:00,12901.514720638359
2023-02-24 10:00:00+00:00,12883.846164829698
2023-02-24 11:00:00+00:00,12959.765197525105
2023-02-24 12:00:00+00:00,13184.581917320771
2023-02-24 13:00:00+00:00,13749.815490148
2023-02-24 14:00:00+00:00,14668.039232624305
2023-02-24 15:00:00+00:00,15904.444499780053
2023-02-24 16:00:00+00:00,16617.96183392983
2023-02-24 17:00:00+00:00,16449.80785291496
2023-02-24 18:00:00+00:00,15810.457967334276
2023-02-24 19:00:00+00:00,15202.65417108279
2023-02-24 20:00:00+00:00,14601.707992289648
2023-02-24 21:00:00+00:00,14083.113582561953
2023-02-24 22:00:00+00:00,13548.161852905614
2023-02-24 23:00:00+00:00,13148.82916637334
2023-02-25 00:00:00+00:00,12939.256681575263
2023-02-25 01:00:00+00:00,13104.956628209411
2023-02-25 02:00:00+00:00,13777.626090245189
2023-02-25 03:00:00+00:00,14319.926541568675
2023-02-25 04:00:00+00:00,14269.444164681954
2023-02-25 05:00:00+00:00,14058.666230061199
2023-02-25 06:00:00+00:00,13627.800146307367
2023-02-25 07:00:00+00:00,13049.181402021435
2023-02-25 08:00:00+00:00,12575.979244415896
2023-02-25 09:00:00+00:00,12396.380857925766
2023-02-25 10:00:00+00:00,12339.278043456361
2023-02-25 11:00:00+00:00,12458.178106779902
2023-02-25 12:00:00+00:00,12607.845437658012
2023-02-25 13:00:00+00:00,12973.288842965247
2023-02-25 14:00:00+00:00,13509.253220585164
2023-02-25 15:00:00+00:00,14246.889621651708
2023-02-25 16:00:00+00:00,14921.461183067704
2023-02-25 17:00:00+00:00,15077.646329931677
2023-02-25 18:00:00+00:00,14693.621225127867
2023-02-25 19:00:00+00:00,14197.438183569951
2023-02-25 20:00:00+00:00,13614.09456732891
2023-02-25 21:00:00+00:00,12952.98900238268
2023-02-25 22:00:00+00:00,12416.296590007392
2023-02-25 23:00:00+00:00,12086.976195248075
2023-02-26 00:00:00+00:00,12005.63687336565
2023-02-26 01:00:00+00:00,12178.3928418772
2023-02-26 02:00:00+00:00,12694.571194118618
2023-02-26 03:00:00+00:00,13048.527295333024
2023-02-26 04:00:00+00:00,12884.316985623234
2023-02-26 05:00:00+00:00,12643.014189862346
2023-02-26 06:00:00+00:00,12276.41667225791
2023-02-26 07:00:00+00:00,11756.327243010393
2023-02-26 08:00:00+00:00,11328.079358852212
2023-02-26 09:00:00+00:00,11066.618610307853
2023-02-26 10:00:00+00:00,11045.188434123813
2023-02-26 11:00:00+00:00,11030.982168597075
2023-02-26 12:00:00+00:00,11028.950403566212
2023-02-26 13:00:00+00:00,11209.537516625476
2023-02-26 14:00:00+00:00,11624.824119502939
2023-02-26 15:00:00+00:00,12181.884409803608
2023-02-26 16:00:00+00:00,12793.24861991078
2023-02-26 17:00:00+00:00,13229.713569892105
2023-02-26 18:00:00+00:00,13315.5002037739
2023-02-26 19:00:00+00:00,13107.967857506717
2023-02-26 20:00:00+00:00,12771.620130324596
2023-02-26 21:00:00+00:00,12554.669078044251
2023-02-26 22:00:00+00:00,12207.701589726748
2023-02-26 23:00:00+00:00,12059.525105898576
2023-02-27 00:00:00+00:00,12051.33409171713
2023-02-27 01:00:00+00:00,12237.875770800245
2023-02-27 02:00:00+00:00,12932.645354736416
2023-02-27 03:00:00+00:00,13449.80800896133
2023-02-27 04:00:00+00:00,13409.39222640417
2023-02-27 05:00:00+00:00,13122.308732390105
2023-02-27 06:00:00+00:00,12585.487605594328
2023-02-27 07:00:00+00:00,11790.19531170102
2023-02-27 08:00:00+00:00,11202.287723336487
2023-02-27 09:00:00+00:00,10909.183905561336
2023-02-27 10:00:00+00:00,10786.72341662755
2023-02-27 11:00:00+00:00,10811.824816001359
2023-02-27 12:00:00+00:00,11064.921637907542
2023-02-27 13:00:00+00:00,11600.338755549714
2023-02-27 14:00:00+00:00,12588.89138529912
2023-02-27 15:00:00+00:00,13832.17925489756
2023-02-27 16:00:00+00:00,14542.898199639623
2023-02-27 17:00:00+00:00,14453.151142415145
2023-02-27 18:00:00+00:00,14267.041613388292
2023-02-27 19:00:00+00:00,14018.12709460304
2023-02-27 20:00:00+00:00,13770.262042217752
2023-02-27 21:00:00+00:00,13567.199120031866
2023-02-27 22:00:00+00:00,13368.011833312063
2023-02-27 23:00:00+00:00,13091.852106421336
2023-02-28 00:00:00+00:00,12950.903064046694
2023-02-28 01:00:00+00:00,13122.118492871034
2023-02-28 02:00:00+00:00,13606.530025161233
2023-02-28 03:00:00+00:00,13899.814627379212
2023-02-28 04:00:00+00:00,13703.30858711484
2023-02-28 05:00:00+00:00,13320.069829478369
2023-02-28 06:00:00+00:00,12683.722402548332
2023-02-28 07:00:00+00:00,11855.571665883488
2023-02-28 08:00:00+00:00,11242.339282083096
2023-02-28 09:00:00+00:00,10931.77671678379
2023-02-28 10:00:00+00:00,10828.324017341076
2023-02-28 11:00:00+00:00,10857.211083523194
2023-02-28 12:00:00+00:00,11042.501502649173
2023-02-28 13:00:00+00:00,11509.891265354965
2023-02-28 14:00:00+00:00,12516.642595054145
2023-02-28 15:00:00+00:00,13710.551638694831
2023-02-28 16:00:00+00:00,14423.37214368058
2023-02-28 17:00:00+00:00,14390.349553831411
2023-02-28 18:00:00+00:00,14032.991281670607
2023-02-28 19:00:00+00:00,13700.641515222296
2023-02-28 20:00:00+00:00,13375.73851692808
2023-02-28 21:00:00+00:00,13096.280320773669
2023-02-28 22:00:00+00:00,12801.29933892234
2023-02-28 23:00:00+00:00,12601.262698996543
2023-03-01 00:00:00+00:00,12492.572013526176
2023-03-01 01:00:00+00:00,12683.806602363045
2023-03-01 02:00:00+00:00,13201.723564253114
2023-03-01 03:00:00+00:00,13764.393211182685
2023-03-01 04:00:00+00:00,13746.43079518338
2023-03-01 05:00:00+00:00,13467.551645756152
2023-03-01 06:00:00+00:00,12881.802076133383
2023-03-01 07:00:00+00:00,12129.670972859994
2023-03-01 08:00:00+00:00,11589.855712010813
2023-03-01 09:00:00+00:00,11352.892643747791
2023-03-01 10:00:00+00:00,11307.378188977857
2023-03-01 11:00:00+00:00,11347.384553582484
2023-03-01 12:00:00+00:00,11582.8459333177
2023-03-01 13:00:00+00:00,12082.426468036412
2023-03-01 14:00:00+00:00,13042.329371893826
2023-03-01 15:00:00+00:00,14302.805534314486
2023-03-01 16:00:00+00:00,15039.625753871906
2023-03-01 17:00:00+00:00,14841.595644196808
2023-03-01 18:00:00+00:00,14227.758188847352
2023-03-01 19:00:00+00:00,13722.686526930807
2023-03-01 20:00:00+00:00,13148.368868394866
2023-03-01 21:00:00+00:00,12670.569415798005
2023-03-01 22:00:00+00:00,12306.864555977585
2023-03-01 23:00:00+00:00,12159.385447576915
2023-03-02 00:00:00+00:00,12255.46826945457
2023-03-02 01:00:00+00:00,12502.526192884716
2023-03-02 02:00:00+00:00,12996.114670663084
2023-03-02 03:00:00+00:00,13377.881366749883
2023-03-02 04:00:00+00:00,13315.24073726473
2023-03-02 05:00:00+00:00,12981.577432002661
2023-03-02 06:00:00+00:00,12398.736409351935
2023-03-02 07:00:00+00:00,11585.754395721911
2023-03-02 08:00:00+00:00,10967.776858768682
2023-03-02 09:00:00+00:00,10594.363950465367
2023-03-02 10:00:00+00:00,10507.76099774438
2023-03-02 11:00:00+00:00,10462.961150606916
2023-03-02 12:00:00+00:00,10616.294151519847
2023-03-02 13:00:00+00:00,11067.853110691247
2023-03-02 14:00:00+00:00,12019.12884638128
2023-03-02 15:00:00+00:00,13260.736910734848
2023-03-02 16:00:00+00:00,13898.703114643567
2023-03-02 17:00:00+00:00,13866.04613302729
2023-03-02 18:00:00+00:00,13673.903362834557
2023-03-02 19:00:00+00:00,13316.913335573501
2023-03-02 20:00:00+00:00,12969.173513838588
2023-03-02 21:00:00+00:00,12668.674605577808
2023-03-02 22:00:00+00:00,12287.097306503189
2023-03-02 23:00:00+00:00,12024.336313463908
2023-03-03 00:00:00+00:00,11947.116858585257
2023-03-03 01:00:00+00:00,12162.507663413866
2023-03-03 02:00:00+00:00,12735.754348797438
2023-03-03 03:00:00+00:00,13253.32568270625
2023-03-03 04:00:00+00:00,13244.291887124517
2023-03-03 05:00:00+00:00,12953.992971809206
2023-03-03 06:00:00+00:00,12379.324453916412
2023-03-03 07:00:00+00:00,11661.91223943772
2023-03-03 08:00:00+00:00,11095.400892662406
2023-03-03 09:00:00+00:00,10737.74182728247
2023-03-03 10:00:00+00:00,10610.968131615671
2023-03-03 11:00:00+00:00,10581.825545921482
2023-03-03 12:00:00+00:00,10750.255982499983
2023-03-03 13:00:00+00:00,11222.164832848839
2023-03-03 14:00:00+00:00,12157.02125993319
2023-03-03 15:00:00+00:00,13342.206379969613
2023-03-03 16:00:00+00:00,14043.360509935443
2023-03-03 17:00:00+00:00,14026.205935284299
2023-03-03 18:00:00+00:00,13686.571232443499
2023-03-03 19:00:00+00:00,13320.276711774259
2023-03-03 20:00:00+00:00,12976.507873820628
2023-03-03 21:00:00+00:00,12725.683175155431
2023-03-03 22:00:00+00:00,12506.384307251728
2023-03-03 23:00:00+00:00,12429.487128460845
2023-03-04 00:00:00+00:00,12458.67418793023
2023-03-04 01:00:00+00:00,12681.117595734237
2023-03-04 02:00:00+00:00,13025.953988713285
2023-03-04 03:00:00+00:00,13183.052733887253
2023-03-04 04:00:00+00:00,12928.455550081071
2023-03-04 05:00:00+00:00,12583.422307285378
2023-03-04 06:00:00+00:00,12074.750792021452
2023-03-04 07:00:00+00:00,11433.487017185193
2023-03-04 08:00:00+00:00,10877.121187026689
2023-03-04 09:00:00+00:00,10532.34969721063
2023-03-04 10:00:00+00:00,10363.669598398486
2023-03-04 11:00:00+00:00,10324.748884257058
2023-03-04 12:00:00+00:00,10370.26573996944
2023-03-04 13:00:00+00:00,10572.380824639675
2023-03-04 14:00:00+00:00,11011.764767165536
2023-03-04 15:00:00+00:00,11664.0692510641
2023-03-04 16:00:00+00:00,12314.703445897001
2023-03-04 17:00:00+00:00,12756.811615540151
2023-03-04 18:00:00+00:00,12951.775038136102
2023-03-04 19:00:00+00:00,12973.812779294853
2023-03-04 20:00:00+00:00,12823.807099812613
2023-03-04 21:00:00+00:00,12515.609756095739
2023-03-04 22:00:00+00:00,12168.268258572916
2023-03-04 23:00:00+00:00,11925.915710051913
2023-03-05 00:00:00+00:00,11851.153890826472
2023-03-05 01:00:00+00:00,11956.948671649077
2023-03-05 02:00:00+00:00,12223.508823650263
2023-03-05 03:00:00+00:00,12540.188641028099
2023-03-05 04:00:00+00:00,12413.775478076172
2023-03-05 05:00:00+00:00,12164.40262712068
2023-03-05 06:00:00+00:00,11802.567222965223
2023-03-05 07:00:00+00:00,11296.970092576597
2023-03-05 08:00:00+00:00,10838.006997716458
2023-03-05 09:00:00+00:00,10563.623472617945
2023-03-05 10:00:00+00:00,10475.018192052847
2023-03-05 11:00:00+00:00,10472.6480449195
2023-03-05 12:00:00+00:00,10598.60089593143
2023-03-05 13:00:00+00:00,10877.280353741977
2023-03-05 14:00:00+00:00,11377.489538352074
2023-03-05 15:00:00+00:00,12024.28147360149
2023-03-05 16:00:00+00:00,12685.755049083842
2023-03-05 17:00:00+00:00,12948.56279371026
2023-03-05 18:00:00+00:00,12774.399748619284
2023-03-05 19:00:00+00:00,12421.094862921376
2023-03-05 20:00:00+00:00,12038.620578369952
2023-03-05 21:00:00+00:00,11743.801253196069
2023-03-05 22:00:00+00:00,11427.72465232146
2023-03-05 23:00:00+00:00,11265.873949223656
2023-03-06 00:00:00+00:00,11319.04832767606
2023-03-06 01:00:00+00:00,11643.480427676837
2023-03-06 02:00:00+00:00,12175.552368700528
2023-03-06 03:00:00+00:00,12657.69228845354
2023-03-06 04:00:00+00:00,12634.928170774228
2023-03-06 05:00:00+00:00,12364.449081807112
2023-03-06 06:00:00+00:00,11863.188777463936
2023-03-06 07:00:00+00:00,11139.8864930102
2023-03-06 08:00:00+00:00,10578.301156757727
2023-03-06 09:00:00+00:00,10322.676522398726
2023-03-06 10:00:00+00:00,10222.235881395463
2023-03-06 11:00:00+00:00,10293.140490609056
2023-03-06 12:00:00+00:00,10509.75034065295
2023-03-06 13:00:00+00:00,11078.757891176652
2023-03-06 14:00:00+00:00,12114.841812275667
2023-03-06 15:00:00+00:00,13393.69310381975
2023-03-06 16:00:00+00:00,14088.093197790462
2023-03-06 17:00:00+00:00,13878.186958014581
2023-03-06 18:00:00+00:00,13414.700261938971
2023-03-06 19:00:00+00:00,12848.116756656716
2023-03-06 20:00:00+00:00,12451.531986824068
2023-03-06 21:00:00+00:00,12105.50901105664
2023-03-06 22:00:00+00:00,11856.92173933289
2023-03-06 23:00:00+00:00,11624.109778729584
2023-03-07 00:00:00+00:00,11579.347988170566
2023-03-07 01:00:00+00:00,11829.420229520907
2023-03-07 02:00:00+00:00,12367.819440961364
2023-03-07 03:00:00+00:00,12875.257840146007
2023-03-07 04:00:00+00:00,12839.11416174228
2023-03-07 05:00:00+00:00,12489.76624538354
2023-03-07 06:00:00+00:00,11915.703599799137
2023-03-07 07:00:00+00:00,11143.726828562194
2023-03-07 08:00:00+00:00,10534.113735049103
2023-03-07 09:00:00+00:00,10224.545146594115
2023-03-07 10:00:00+00:00,10119.779406813157
2023-03-07 11:00:00+00:00,10139.439930177447
2023-03-07 12:00:00+00:00,10319.098514396286
2023-03-07 13:00:00+00:00,10801.581330359873
2023-03-07 14:00:00+00:00,11759.282225579955
2023-03-07 15:00:00+00:00,13043.262177271105
2023-03-07 16:00:00+00:00,13708.287394810852
2023-03-07 17:00:00+00:00,13488.58040318814
2023-03-07 18:00:00+00:00,12960.345572643788
2023-03-07 19:00:00+00:00,12379.58693688506
2023-03-07 20:00:00+00:00,11926.851734817545
2023-03-07 21:00:00+00:00,11586.791193337613
2023-03-07 22:00:00+00:00,11343.526505499442
2023-03-07 23:00:00+00:00,11132.52385234555
2023-03-08 00:00:00+00:00,11244.196848372074
2023-03-08 01:00:00+00:00,11578.032240937546
2023-03-08 02:00:00+00:00,12096.467901327147
2023-03-08 03:00:00+00:00,12614.951141828235
2023-03-08 04:00:00+00:00,12684.509910632052
2023-03-08 05:00:00+00:00,12474.708935077202
2023-03-08 06:00:00+00:00,11942.750539212171
2023-03-08 07:00:00+00:00,11251.322581786737
2023-03-08 08:00:00+00:00,10694.995384797572
2023-03-08 09:00:00+00:00,10439.770731400777
2023-03-08 10:00:00+00:00,10375.807924929528
2023-03-08 11:00:00+00:00,10466.19364042773
2023-03-08 12:00:00+00:00,10677.408622036335
2023-03-08 13:00:00+00:00,11224.199041488708
2023-03-08 14:00:00+00:00,12212.660464851017
2023-03-08 15:00:00+00:00,13459.236345346246
2023-03-08 16:00:00+00:00,14110.92151341242
2023-03-08 17:00:00+00:00,13919.665546288486
2023-03-08 18:00:00+00:00,13468.97728957918
2023-03-08 19:00:00+00:00,12937.456560867997
2023-03-08 20:00:00+00:00,12461.387424684039
2023-03-08 21:00:00+00:00,12195.048391090302
2023-03-08 22:00:00+00:00,12008.051685065882
2023-03-08 23:00:00+00:00,11916.904535138352
2023-03-09 00:00:00+00:00,11935.710124035186
2023-03-09 01:00:00+00:00,12172.22012967754
2023-03-09 02:00:00+00:00,12590.280212008172
2023-03-09 03:00:00+00:00,13043.807798535749
2023-03-09 04:00:00+00:00,12981.132700082882
2023-03-09 05:00:00+00:00,12743.05483037648
2023-03-09 06:00:00+00:00,12152.435744716282
2023-03-09 07:00:00+00:00,11450.718818447418
2023-03-09 08:00:00+00:00,10881.26332126873
2023-03-09 09:00:00+00:00,10562.935271896125
2023-03-09 10:00:00+00:00,10480.94152370797
2023-03-09 11:00:00+00:00,10534.328275370823
2023-03-09 12:00:00+00:00,10724.163179545694
2023-03-09 13:00:00+00:00,11215.695422442943
2023-03-09 14:00:00+00:00,12150.261012468383
2023-03-09 15:00:00+00:00,13308.955834054117
2023-03-09 16:00:00+00:00,13899.552768795002
2023-03-09 17:00:00+00:00,13803.38415499203
2023-03-09 18:00:00+00:00,13561.65752129478
2023-03-09 19:00:00+00:00,13245.13589030786
2023-03-09 20:00:00+00:00,12849.055647153835
2023-03-09 21:00:00+00:00,12451.717640165849
2023-03-09 22:00:00+00:00,12223.22450603786
2023-03-09 23:00:00+00:00,12116.317861181164
2023-03-10 00:00:00+00:00,12139.133694910483
2023-03-10 01:00:00+00:00,12416.092924471317
2023-03-10 02:00:00+00:00,12829.592576052406
2023-03-10 03:00:00+00:00,13113.747197358178
2023-03-10 04:00:00+00:00,12929.714134178246
2023-03-10 05:00:00+00:00,12569.967785669087
2023-03-10 06:00:00+00:00,11926.048687585908
2023-03-10 07:00:00+00:00,11113.948569234102
2023-03-10 08:00:00+00:00,10448.400502824195
2023-03-10 09:00:00+00:00,10084.107223979334
2023-03-10 10:00:00+00:00,9919.146149480015
2023-03-10 11:00:00+00:00,9953.320297538772
2023-03-10 12:00:00+00:00,10086.092907040762
2023-03-10 13:00:00+00:00,10506.885359279817
2023-03-10 14:00:00+00:00,11410.300498759018
2023-03-10 15:00:00+00:00,12594.305624887314
2023-03-10 16:00:00+00:00,13305.02386690031
2023-03-10 17:00:00+00:00,13332.786143527783
2023-03-10 18:00:00+00:00,13156.440066006133
2023-03-10 19:00:00+00:00,12920.105854039895
2023-03-10 20:00:00+00:00,12590.651627265424
2023-03-10 21:00:00+00:00,12308.589874153135
2023-03-10 22:00:00+00:00,11962.734494926019
2023-03-10 23:00:00+00:00,11702.302685349148
2023-03-11 00:00:00+00:00,11605.293247663558
2023-03-11 01:00:00+00:00,11796.989365246498
2023-03-11 02:00:00+00:00,12124.420109072182
2023-03-11 03:00:00+00:00,12424.344217587932
2023-03-11 04:00:00+00:00,12319.418908449592
2023-03-11 05:00:00+00:00,12007.168732967184
2023-03-11 06:00:00+00:00,11556.905917146742
2023-03-11 07:00:00+00:00,10952.324111028864
2023-03-11 08:00:00+00:00,10420.808339134981
2023-03-11 09:00:00+00:00,10044.022036904806
2023-03-11 10:00:00+00:00,9867.503621683336
2023-03-11 11:00:00+00:00,9818.693636144999
2023-03-11 12:00:00+00:00,9885.55551332689
2023-03-11 13:00:00+00:00,10141.857510856213
2023-03-11 14:00:00+00:00,10595.937489331944
2023-03-11 15:00:00+00:00,11224.844700523794
2023-03-11 16:00:00+00:00,11788.76450640408
2023-03-11 17:00:00+00:00,12065.348787354855
2023-03-11 18:00:00+00:00,12009.736332910841
2023-03-11 19:00:00+00:00,11779.676923111343
2023-03-11 20:00:00+00:00,11388.867589471534
2023-03-11 21:00:00+00:00,11029.163077379219
2023-03-11 22:00:00+00:00,10659.829342578014
2023-03-11 23:00:00+00:00,10411.521280858538
2023-03-12 00:00:00+00:00,10290.21436244627
2023-03-12 01:00:00+00:00,10489.404883147283
2023-03-12 02:00:00+00:00,10845.351362450174
2023-03-12 03:00:00+00:00,11299.411101270176
2023-03-12 04:00:00+00:00,11373.761967911569
2023-03-12 05:00:00+00:00,11234.721677230607
2023-03-12 06:00:00+00:00,10960.688285428334
2023-03-12 07:00:00+00:00,10585.961168462261
2023-03-12 08:00:00+00:00,10205.285788527255
2023-03-12 09:00:00+00:00,9960.927018560904
2023-03-12 10:00:00+00:00,9916.80721534153
2023-03-12 11:00:00+00:00,10049.39219765969
2023-03-12 12:00:00+00:00,10265.10937323466
2023-03-12 13:00:00+00:00,10644.441635330637
2023-03-12 14:00:00+00:00,11205.657897340907
2023-03-12 15:00:00+00:00,11817.086017431273
2023-03-12 16:00:00+00:00,12241.046330337222
2023-03-12 17:00:00+00:00,12449.791592602753
2023-03-12 18:00:00+00:00,12434.608347412648
2023-03-12 19:00:00+00:00,12303.449663460011
2023-03-12 20:00:00+00:00,11994.388621403074
2023-03-12 21:00:00+00:00,11752.190106690465
2023-03-12 22:00:00+00:00,11573.69633952311
2023-03-12 23:00:00+00:00,11493.785090543515
2023-03-13 00:00:00+00:00,11585.848984934193
2023-03-13 01:00:00+00:00,11709.826091548777
2023-03-13 02:00:00+00:00,11833.093989300665
2023-03-13 03:00:00+00:00,12033.442956373983
2023-03-13 04:00:00+00:00,11799.05217194061
2023-03-13 05:00:00+00:00,11298.667133506615
2023-03-13 06:00:00+00:00,10519.708660389788
2023-03-13 07:00:00+00:00,9801.11793848195
2023-03-13 08:00:00+00:00,9315.774732624384
2023-03-13 09:00:00+00:00,9126.49017112504
2023-03-13 10:00:00+00:00,9043.096631661576
2023-03-13 11:00:00+00:00,9120.839411870102
2023-03-13 12:00:00+00:00,9482.712496118558
2023-03-13 13:00:00+00:00,10319.703927447614
2023-03-13 14:00:00+00:00,11406.747328149135
2023-03-13 15:00:00+00:00,12250.602649249955
2023-03-13 16:00:00+00:00,12517.361128857236
2023-03-13 17:00:00+00:00,12482.112763644942
2023-03-13 18:00:00+00:00,12521.245254693935
2023-03-13 19:00:00+00:00,12539.909563161249
2023-03-13 20:00:00+00:00,12429.595084240003
2023-03-13 21:00:00+00:00,12387.500737962519
2023-03-13 22:00:00+00:00,12263.935745352457
2023-03-13 23:00:00+00:00,12103.766420433618
2023-03-14 00:00:00+00:00,12004.964087458411
2023-03-14 01:00:00+00:00,12071.23462158408
2023-03-14 02:00:00+00:00,12224.614316098692
2023-03-14 03:00:00+00:00,12597.681476628359
2023-03-14 04:00:00+00:00,12554.974589473704
2023-03-14 05:00:00+00:00,12093.451096051915
2023-03-14 06:00:00+00:00,11322.541207932467
2023-03-14 07:00:00+00:00,10660.11288211433
2023-03-14 08:00:00+00:00,10211.900362376886
2023-03-14 09:00:00+00:00,10072.994058578217
2023-03-14 10:00:00+00:00,10051.267817204996
2023-03-14 11:00:00+00:00,10212.859955118636
2023-03-14 12:00:00+00:00,10704.626955110949
2023-03-14 13:00:00+00:00,11647.749372456075
2023-03-14 14:00:00+00:00,12870.70672466207
2023-03-14 15:00:00+00:00,13716.95383062747
2023-03-14 16:00:00+00:00,13721.119381812628
2023-03-14 17:00:00+00:00,13333.606485905233
2023-03-14 18:00:00+00:00,12774.967888898384
2023-03-14 19:00:00+00:00,12260.083839274876
2023-03-14 20:00:00+00:00,11907.68132189447
2023-03-14 21:00:00+00:00,11640.039010334078
2023-03-14 22:00:00+00:00,11124.951768619285
2023-03-14 23:00:00+00:00,10894.1200890944
2023-03-15 00:00:00+00:00,10856.548210787118
2023-03-15 01:00:00+00:00,11033.910486905477
2023-03-15 02:00:00+00:00,11310.925037224046
2023-03-15 03:00:00+00:00,11712.001044810972
2023-03-15 04:00:00+00:00,11906.650753586015
2023-03-15 05:00:00+00:00,11456.088631654016
2023-03-15 06:00:00+00:00,10781.767127046773
2023-03-15 07:00:00+00:00,10175.081580700737
2023-03-15 08:00:00+00:00,9835.86769231117
2023-03-15 09:00:00+00:00,9722.785853932603
2023-03-15 10:00:00+00:00,9719.69809173996
2023-03-15 11:00:00+00:00,9849.035992664445
2023-03-15 12:00:00+00:00,10351.038402022088
2023-03-15 13:00:00+00:00,11258.907211728298
2023-03-15 14:00:00+00:00,12468.99131498408
2023-03-15 15:00:00+00:00,13295.713774690192
2023-03-15 16:00:00+00:00,13275.56012002814
2023-03-15 17:00:00+00:00,12833.377188702834
2023-03-15 18:00:00+00:00,12369.777564712414
2023-03-15 19:00:00+00:00,12013.743736865597
2023-03-15 20:00:00+00:00,11661.452651257327
2023-03-15 21:00:00+00:00,11275.277283839956
2023-03-15 22:00:00+00:00,10980.434904144675
2023-03-15 23:00:00+00:00,10760.122093291388
2023-03-16 00:00:00+00:00,10833.750158869052
2023-03-16 01:00:00+00:00,10994.104849779147
2023-03-16 02:00:00+00:00,11190.94429778164
2023-03-16 03:00:00+00:00,11651.660529686638
2023-03-16 04:00:00+00:00,11756.544142959527
2023-03-16 05:00:00+00:00,11405.440585484204
2023-03-16 06:00:00+00:00,10754.29641610786
2023-03-16 07:00:00+00:00,10218.068056637358
2023-03-16 08:00:00+00:00,9960.925524510207
2023-03-16 09:00:00+00:00,9935.765310564828
2023-03-16 10:00:00+00:00,10051.622551152212
2023-03-16 11:00:00+00:00,10320.45613724196
2023-03-16 12:00:00+00:00,10886.832854986184
2023-03-16 13:00:00+00:00,11965.693521279834
2023-03-16 14:00:00+00:00,13334.044829250295
2023-03-16 15:00:00+00:00,14236.73028276714
2023-03-16 16:00:00+00:00,14157.99542621845
2023-03-16 17:00:00+00:00,13588.82048245081
2023-03-16 18:00:00+00:00,12855.33884818147
2023-03-16 19:00:00+00:00,12230.377691807551
2023-03-16 20:00:00+00:00,11695.990889868237
2023-03-16 21:00:00+00:00,11177.03427755726
2023-03-16 22:00:00+00:00,10769.756109521857
2023-03-16 23:00:00+00:00,10513.904954339501
2023-03-17 00:00:00+00:00,10420.596770706577
2023-03-17 01:00:00+00:00,10516.218721629875
2023-03-17 02:00:00+00:00,10684.984917839232
2023-03-17 03:00:00+00:00,11214.505418901656
2023-03-17 04:00:00+00:00,11359.801605343553
2023-03-17 05:00:00+00:00,11034.583136065861
2023-03-17 06:00:00+00:00,10436.553041087107
2023-03-17 07:00:00+00:00,9871.36885133649
2023-03-17 08:00:00+00:00,9631.460166656398
2023-03-17 09:00:00+00:00,9585.655818356909
2023-03-17 10:00:00+00:00,9660.660156093672
2023-03-17 11:00:00+00:00,9851.631344048108
2023-03-17 12:00:00+00:00,10353.92753172421
2023-03-17 13:00:00+00:00,11328.609169049032
2023-03-17 14:00:00+00:00,12629.424975622756
2023-03-17 15:00:00+00:00,13514.769727525598
2023-03-17 16:00:00+00:00,13483.99628591601
2023-03-17 17:00:00+00:00,12937.463054095515
2023-03-17 18:00:00+00:00,12226.711162358224
2023-03-17 19:00:00+00:00,11593.53814608298
2023-03-17 20:00:00+00:00,11114.853703323162
2023-03-17 21:00:00+00:00,10645.83747270121
2023-03-17 22:00:00+00:00,10296.108695132589
2023-03-17 23:00:00+00:00,10039.803058234937
2023-03-18 00:00:00+00:00,9979.438562973479
2023-03-18 01:00:00+00:00,10030.106128677313
2023-03-18 02:00:00+00:00,10104.287850947278
2023-03-18 03:00:00+00:00,10368.342564704748
2023-03-18 04:00:00+00:00,10394.772975161743
2023-03-18 05:00:00+00:00,10102.01192897846
2023-03-18 06:00:00+00:00,9657.125260211182
2023-03-18 07:00:00+00:00,9195.865071217318
2023-03-18 08:00:00+00:00,8886.17050182335
2023-03-18 09:00:00+00:00,8767.597628345622
2023-03-18 10:00:00+00:00,8773.189153682271
2023-03-18 11:00:00+00:00,8878.676807995978
2023-03-18 12:00:00+00:00,9160.098195366558
2023-03-18 13:00:00+00:00,9664.969404752563
2023-03-18 14:00:00+00:00,10379.366011014661
2023-03-18 15:00:00+00:00,11155.792444048288
2023-03-18 16:00:00+00:00,11653.76109268387
2023-03-18 17:00:00+00:00,11514.798774548026
2023-03-18 18:00:00+00:00,11093.12476820566
2023-03-18 19:00:00+00:00,10601.937518877454
2023-03-18 20:00:00+00:00,10103.597809369765
2023-03-18 21:00:00+00:00,9691.82222518878
2023-03-18 22:00:00+00:00,9344.028189918781
2023-03-18 23:00:00+00:00,9171.70432244149
2023-03-19 00:00:00+00:00,9138.735780965939
2023-03-19 01:00:00+00:00,9211.76654227399
2023-03-19 02:00:00+00:00,9356.18767070076
2023-03-19 03:00:00+00:00,9674.777688416994
2023-03-19 04:00:00+00:00,9733.068405781252
2023-03-19 05:00:00+00:00,9553.999364420724
2023-03-19 06:00:00+00:00,9146.709032635152
2023-03-19 07:00:00+00:00,8733.134030938381
2023-03-19 08:00:00+00:00,8422.612669813181
2023-03-19 09:00:00+00:00,8302.599557502901
2023-03-19 10:00:00+00:00,8277.06013185807
2023-03-19 11:00:00+00:00,8359.196728999526
2023-03-19 12:00:00+00:00,8553.631586001053
2023-03-19 13:00:00+00:00,8951.441426233603
2023-03-19 14:00:00+00:00,9578.321016525097
2023-03-19 15:00:00+00:00,10234.748609633763
2023-03-19 16:00:00+00:00,10760.40023662423
2023-03-19 17:00:00+00:00,10983.029949135786
2023-03-19 18:00:00+00:00,10901.58631612002
2023-03-19 19:00:00+00:00,10700.521210960893
2023-03-19 20:00:00+00:00,10409.659364070088
2023-03-19 21:00:00+00:00,10104.663129233599
2023-03-19 22:00:00+00:00,9882.903709906148
2023-03-19 23:00:00+00:00,9815.672888719357
2023-03-20 00:00:00+00:00,9940.660563581956
2023-03-20 01:00:00+00:00,10194.53036079
2023-03-20 02:00:00+00:00,10373.08679138935
2023-03-20 03:00:00+00:00,10625.446618347587
2023-03-20 04:00:00+00:00,10539.056661061364
2023-03-20 05:00:00+00:00,10071.481240820534
2023-03-20 06:00:00+00:00,9410.677121568924
2023-03-20 07:00:00+00:00,8793.220886636022
2023-03-20 08:00:00+00:00,8448.306507593363
2023-03-20 09:00:00+00:00,8271.238569595398
2023-03-20 10:00:00+00:00,8255.132320052144
2023-03-20 11:00:00+00:00,8378.604965339056
2023-03-20 12:00:00+00:00,8794.369619119256
2023-03-20 13:00:00+00:00,9639.269578470656
2023-03-20 14:00:00+00:00,10715.555658772084
2023-03-20 15:00:00+00:00,11519.76665891755
2023-03-20 16:00:00+00:00,11716.824247972496
2023-03-20 17:00:00+00:00,11693.746508583085
2023-03-20 18:00:00+00:00,11576.05642356379
2023-03-20 19:00:00+00:00,11464.048325100888
2023-03-20 20:00:00+00:00,11265.83607345081
2023-03-20 21:00:00+00:00,10953.013603602523
2023-03-20 22:00:00+00:00,10711.165474726553
2023-03-20 23:00:00+00:00,10528.658555528982
2023-03-21 00:00:00+00:00,10609.641874466668
2023-03-21 01:00:00+00:00,10849.763190104028
2023-03-21 02:00:00+00:00,10990.7849076914
2023-03-21 03:00:00+00:00,11227.987537294042
2023-03-21 04:00:00+00:00,11119.042334217185
2023-03-21 05:00:00+00:00,10629.226934663859
2023-03-21 06:00:00+00:00,9892.081078760688
2023-03-21 07:00:00+00:00,9255.811156920117
2023-03-21 08:00:00+00:00,8909.535179511726
2023-03-21 09:00:00+00:00,8730.720733331813
2023-03-21 10:00:00+00:00,8708.854509864372
2023-03-21 11:00:00+00:00,8815.691267051709
2023-03-21 12:00:00+00:00,9250.282992943325
2023-03-21 13:00:00+00:00,10147.612421313452
2023-03-21 14:00:00+00:00,11360.636740019176
2023-03-21 15:00:00+00:00,12131.80154469154
2023-03-21 16:00:00+00:00,12142.492106324198
2023-03-21 17:00:00+00:00,11883.39706566431
2023-03-21 18:00:00+00:00,11529.541204513811
2023-03-21 19:00:00+00:00,11189.296908059534
2023-03-21 20:00:00+00:00,10817.073854522632
2023-03-21 21:00:00+00:00,10499.903138456077
2023-03-21 22:00:00+00:00,10149.412333176184
2023-03-21 23:00:00+00:00,9913.641200055752
2023-03-22 00:00:00+00:00,9853.128033802948
2023-03-22 01:00:00+00:00,9989.574228385663
2023-03-22 02:00:00+00:00,10143.919996454237
2023-03-22 03:00:00+00:00,10535.557442681384
2023-03-22 04:00:00+00:00,10693.712156204645
2023-03-22 05:00:00+00:00,10321.979271072296
2023-03-22 06:00:00+00:00,9702.132660532425
2023-03-22 07:00:00+00:00,9172.138628146722
2023-03-22 08:00:00+00:00,8852.737950851297
2023-03-22 09:00:00+00:00,8774.438036239155
2023-03-22 10:00:00+00:00,8837.684797843664
2023-03-22 11:00:00+00:00,9025.384827516269
2023-03-22 12:00:00+00:00,9507.74060354679
2023-03-22 13:00:00+00:00,10514.39489998576
2023-03-22 14:00:00+00:00,11815.449164376238
2023-03-22 15:00:00+00:00,12659.520689786374
2023-03-22 16:00:00+00:00,12505.593296750547
2023-03-22 17:00:00+00:00,11929.9191343852
2023-03-22 18:00:00+00:00,11424.51323478824
2023-03-22 19:00:00+00:00,10959.300357259628
2023-03-22 20:00:00+00:00,10580.927207602983
2023-03-22 21:00:00+00:00,10248.501411565518
2023-03-22 22:00:00+00:00,9933.759498681935
2023-03-22 23:00:00+00:00,9782.65160228033
2023-03-23 00:00:00+00:00,9773.717049891085
2023-03-23 01:00:00+00:00,9922.800417293387
2023-03-23 02:00:00+00:00,10105.828038549773
2023-03-23 03:00:00+00:00,10423.736266834556
2023-03-23 04:00:00+00:00,10525.263533985471
2023-03-23 05:00:00+00:00,10153.449657727328
2023-03-23 06:00:00+00:00,9538.649025530724
2023-03-23 07:00:00+00:00,8993.7567167044
2023-03-23 08:00:00+00:00,8697.375680512796
2023-03-23 09:00:00+00:00,8567.79076707477
2023-03-23 10:00:00+00:00,8526.586555140446
2023-03-23 11:00:00+00:00,8663.186348496536
2023-03-23 12:00:00+00:00,9059.80309106132
2023-03-23 13:00:00+00:00,9935.107852060493
2023-03-23 14:00:00+00:00,11111.083707182956
2023-03-23 15:00:00+00:00,11835.031962704608
2023-03-23 16:00:00+00:00,11926.635768525417
2023-03-23 17:00:00+00:00,11882.337835560347
2023-03-23 18:00:00+00:00,11727.284067387569
2023-03-23 19:00:00+00:00,11601.77896269912
2023-03-23 20:00:00+00:00,11505.458096066128
2023-03-23 21:00:00+00:00,11400.76333738193
2023-03-23 22:00:00+00:00,11300.924411034915
2023-03-23 23:00:00+00:00,11299.152930097089
2023-03-24 00:00:00+00:00,11420.8610109658
2023-03-24 01:00:00+00:00,11746.972561010894
2023-03-24 02:00:00+00:00,11888.605576345299
2023-03-24 03:00:00+00:00,12176.68607746375
2023-03-24 04:00:00+00:00,12143.352877628926
2023-03-24 05:00:00+00:00,11661.328612185005
2023-03-24 06:00:00+00:00,10929.418776293773
2023-03-24 07:00:00+00:00,10289.922844541874
2023-03-24 08:00:00+00:00,9975.35449499585
2023-03-24 09:00:00+00:00,9795.645637695397
2023-03-24 10:00:00+00:00,9778.685393611855
2023-03-24 11:00:00+00:00,9915.9802019175
2023-03-24 12:00:00+00:00,10363.07653804431
2023-03-24 13:00:00+00:00,11230.355614757436
2023-03-24 14:00:00+00:00,12431.780580262188
2023-03-24 15:00:00+00:00,13250.40931055704
2023-03-24 16:00:00+00:00,13416.043170860368
2023-03-24 17:00:00+00:00,13358.509207659323
2023-03-24 18:00:00+00:00,13056.583215141083
2023-03-24 19:00:00+00:00,12690.973919721304
2023-03-24 20:00:00+00:00,12418.661569442998
2023-03-24 21:00:00+00:00,12071.549841893659
2023-03-24 22:00:00+00:00,11805.89038608475
2023-03-24 23:00:00+00:00,11652.909148105266
2023-03-25 00:00:00+00:00,11753.720798184888
2023-03-25 01:00:00+00:00,11950.377574192393
2023-03-25 02:00:00+00:00,12020.873145113148
2023-03-25 03:00:00+00:00,12170.083452086676
2023-03-25 04:00:00+00:00,12113.515525430748
2023-03-25 05:00:00+00:00,11764.335089030665
2023-03-25 06:00:00+00:00,11186.010084907266
2023-03-25 07:00:00+00:00,10638.748152064116
2023-03-25 08:00:00+00:00,10315.051362751841
2023-03-25 09:00:00+00:00,10139.045997019197
2023-03-25 10:00:00+00:00,10074.900816000916
2023-03-25 11:00:00+00:00,10150.468526389084
2023-03-25 12:00:00+00:00,10399.185237786565
2023-03-25 13:00:00+00:00,10856.550480430607
2023-03-25 14:00:00+00:00,11514.021321073033
2023-03-25 15:00:00+00:00,12160.120408718383
2023-03-25 16:00:00+00:00,12660.584332461656
2023-03-25 17:00:00+00:00,12737.713475371975
2023-03-25 18:00:00+00:00,12514.95238527993
2023-03-25 19:00:00+00:00,12119.066134408411
2023-03-25 20:00:00+00:00,11663.720970696279
2023-03-25 21:00:00+00:00,11109.246373685768
2023-03-25 22:00:00+00:00,10776.853364888291
2023-03-25 23:00:00+00:00,10549.62627961513
2023-03-26 00:00:00+00:00,10547.567875816818
2023-03-26 01:00:00+00:00,10626.45387476071
2023-03-26 02:00:00+00:00,10814.303228841709
2023-03-26 03:00:00+00:00,11189.298228977405
2023-03-26 04:00:00+00:00,11354.574655782853
2023-03-26 05:00:00+00:00,11122.71059742058
2023-03-26 06:00:00+00:00,10685.380846285076
2023-03-26 07:00:00+00:00,10248.269246629769
2023-03-26 08:00:00+00:00,9941.932957466901
2023-03-26 09:00:00+00:00,9791.996078189548
2023-03-26 10:00:00+00:00,9771.430001595922
2023-03-26 11:00:00+00:00,9871.757393928656
2023-03-26 12:00:00+00:00,10118.930942877387
2023-03-26 13:00:00+00:00,10499.303425636877
2023-03-26 14:00:00+00:00,11108.981567443607
2023-03-26 15:00:00+00:00,11711.537162060476
2023-03-26 16:00:00+00:00,12108.46065369816
2023-03-26 17:00:00+00:00,12193.14960934082
2023-03-26 18:00:00+00:00,11882.774425700443
2023-03-26 19:00:00+00:00,11583.489011301532
2023-03-26 20:00:00+00:00,11213.643907355225
2023-03-26 21:00:00+00:00,10931.700171997867
2023-03-26 22:00:00+00:00,10591.290073523798
2023-03-26 23:00:00+00:00,10424.905819087251
2023-03-27 00:00:00+00:00,10451.149108300093
2023-03-27 01:00:00+00:00,10632.565004130602
2023-03-27 02:00:00+00:00,10802.33536262547
2023-03-27 03:00:00+00:00,11244.955306762771
2023-03-27 04:00:00+00:00,11503.213950622981
2023-03-27 05:00:00+00:00,11165.427981514165
2023-03-27 06:00:00+00:00,10560.03887184132
2023-03-27 07:00:00+00:00,10013.475029095545
2023-03-27 08:00:00+00:00,9801.775019088951
2023-03-27 09:00:00+00:00,9721.397975977487
2023-03-27 10:00:00+00:00,9854.487527649822
2023-03-27 11:00:00+00:00,10073.489821712057
2023-03-27 12:00:00+00:00,10617.048067429145
2023-03-27 13:00:00+00:00,11752.36406960462
2023-03-27 14:00:00+00:00,13047.242157745237
2023-03-27 15:00:00+00:00,13852.014194240171
2023-03-27 16:00:00+00:00,13786.641949650366
2023-03-27 17:00:00+00:00,13214.926016329933
2023-03-27 18:00:00+00:00,12592.22754053969
2023-03-27 19:00:00+00:00,12048.188887695007
2023-03-27 20:00:00+00:00,11594.721813457807
2023-03-27 21:00:00+00:00,11175.052012356336
2023-03-27 22:00:00+00:00,10879.507713218092
2023-03-27 23:00:00+00:00,10763.882032732245
2023-03-28 00:00:00+00:00,10764.069705245234
2023-03-28 01:00:00+00:00,10985.839554459277
2023-03-28 02:00:00+00:00,11130.300309871935
2023-03-28 03:00:00+00:00,11356.860295074848
2023-03-28 04:00:00+00:00,11446.889467842992
2023-03-28 05:00:00+00:00,11029.319588521717
2023-03-28 06:00:00+00:00,10288.214659775516
2023-03-28 07:00:00+00:00,9693.974902563126
2023-03-28 08:00:00+00:00,9332.192810121545
2023-03-28 09:00:00+00:00,9162.774375056219
2023-03-28 10:00:00+00:00,9120.460393247387
2023-03-28 11:00:00+00:00,9273.58768161312
2023-03-28 12:00:00+00:00,9690.564829615478
2023-03-28 13:00:00+00:00,10569.413237639126
2023-03-28 14:00:00+00:00,11723.520977126345
2023-03-28 15:00:00+00:00,12422.265685479564
2023-03-28 16:00:00+00:00,12423.922667610004
2023-03-28 17:00:00+00:00,12111.10853881691
2023-03-28 18:00:00+00:00,11810.448682327573
2023-03-28 19:00:00+00:00,11569.46096005963
2023-03-28 20:00:00+00:00,11278.06362629795
2023-03-28 21:00:00+00:00,10956.717677958606
2023-03-28 22:00:00+00:00,10647.655664183614
2023-03-28 23:00:00+00:00,10593.728547116287
2023-03-29 00:00:00+00:00,10734.958052195294
2023-03-29 01:00:00+00:00,11019.92254924126
2023-03-29 02:00:00+00:00,11160.83532867463
2023-03-29 03:00:00+00:00,11355.484885806383
2023-03-29 04:00:00+00:00,11226.694989868367
2023-03-29 05:00:00+00:00,10737.088560346026
2023-03-29 06:00:00+00:00,10040.849164202498
2023-03-29 07:00:00+00:00,9439.633759996988
2023-03-29 08:00:00+00:00,9093.150053539985
2023-03-29 09:00:00+00:00,8949.983547682146
2023-03-29 10:00:00+00:00,8931.349393985744
2023-03-29 11:00:00+00:00,9086.646603143381
2023-03-29 12:00:00+00:00,9557.000155192529
2023-03-29 13:00:00+00:00,10495.065010563732
2023-03-29 14:00:00+00:00,11703.007727349175
2023-03-29 15:00:00+00:00,12455.471097544896
2023-03-29 16:00:00+00:00,12453.978853960465
2023-03-29 17:00:00+00:00,12037.528015297077
2023-03-29 18:00:00+00:00,11589.768794495272
2023-03-29 19:00:00+00:00,11133.003559913857
2023-03-29 20:00:00+00:00,10816.886350810091
2023-03-29 21:00:00+00:00,10442.099853455813
2023-03-29 22:00:00+00:00,10168.562964608436
2023-03-29 23:00:00+00:00,10005.186751588692
2023-03-30 00:00:00+00:00,9992.45105095146
2023-03-30 01:00:00+00:00,10124.878111968588
2023-03-30 02:00:00+00:00,10212.198828870605
2023-03-30 03:00:00+00:00,10460.534542258005
2023-03-30 04:00:00+00:00,10655.201819982383
2023-03-30 05:00:00+00:00,10298.645093723764
2023-03-30 06:00:00+00:00,9703.246302659543
2023-03-30 07:00:00+00:00,9169.828518519695
2023-03-30 08:00:00+00:00,8876.652243670596
2023-03-30 09:00:00+00:00,8770.227825977445
2023-03-30 10:00:00+00:00,8755.496684249074
2023-03-30 11:00:00+00:00,8900.526678358363
2023-03-30 12:00:00+00:00,9288.306958132618
2023-03-30 13:00:00+00:00,10210.15266405774
2023-03-30 14:00:00+00:00,11346.976713021035
2023-03-30 15:00:00+00:00,12123.07539016
2023-03-30 16:00:00+00:00,12133.602871892675
2023-03-30 17:00:00+00:00,11915.251936319393
2023-03-30 18:00:00+00:00,11632.976332390306
2023-03-30 19:00:00+00:00,11320.690535646227
2023-03-30 20:00:00+00:00,10928.05791843529
2023-03-30 21:00:00+00:00,10586.715177414151
2023-03-30 22:00:00+00:00,10310.564172823753
2023-03-30 23:00:00+00:00,10205.463823834303
2023-03-31 00:00:00+00:00,10337.371149991666
2023-03-31 01:00:00+00:00,10528.256922726854
2023-03-31 02:00:00+00:00,10693.50533400214
2023-03-31 03:00:00+00:00,10991.076951718243
2023-03-31 04:00:00+00:00,11103.406739096758
2023-03-31 05:00:00+00:00,10670.230456501631
2023-03-31 06:00:00+00:00,10042.301227396374
2023-03-31 07:00:00+00:00,9445.876794002535
2023-03-31 08:00:00+00:00,9093.054435398533
2023-03-31 09:00:00+00:00,8884.12354644677
2023-03-31 10:00:00+00:00,8881.393307849288
2023-03-31 11:00:00+00:00,9042.282719233444
2023-03-31 12:00:00+00:00,9360.460217558855
2023-03-31 13:00:00+00:00,10197.179791599423
2023-03-31 14:00:00+00:00,11258.06409236011
2023-03-31 15:00:00+00:00,11987.997579061375
2023-03-31 16:00:00+00:00,12148.110844990773
2023-03-31 17:00:00+00:00,12043.576759400477
2023-03-31 18:00:00+00:00,11961.471836052178
2023-03-31 19:00:00+00:00,11841.983943738882
2023-03-31 20:00:00+00:00,11686.879866494917
2023-03-31 21:00:00+00:00,11545.53561232773
2023-03-31 22:00:00+00:00,11441.598531873891
2023-03-31 23:00:00+00:00,11362.986335480726
2023-04-01 00:00:00+00:00,11444.13629010014
2023-04-01 01:00:00+00:00,11538.150948573357
2023-04-01 02:00:00+00:00,11544.878968559404
2023-04-01 03:00:00+00:00,11639.467656066596
2023-04-01 04:00:00+00:00,11490.914522897145
2023-04-01 05:00:00+00:00,11106.491510754104
2023-04-01 06:00:00+00:00,10476.229389009392
2023-04-01 07:00:00+00:00,9891.41642690864
2023-04-01 08:00:00+00:00,9537.129638016402
2023-04-01 09:00:00+00:00,9288.758085058442
2023-04-01 10:00:00+00:00,9223.143233777648
2023-04-01 11:00:00+00:00,9323.68995703208
2023-04-01 12:00:00+00:00,9528.750316405582
2023-04-01 13:00:00+00:00,9984.511958446741
2023-04-01 14:00:00+00:00,10609.081695191542
2023-04-01 15:00:00+00:00,11273.132147470566
2023-04-01 16:00:00+00:00,11807.140160842077
2023-04-01 17:00:00+00:00,12023.648773668656
2023-04-01 18:00:00+00:00,11883.2502208531
2023-04-01 19:00:00+00:00,11655.552623198571
2023-04-01 20:00:00+00:00,11381.394996219604
2023-04-01 21:00:00+00:00,10975.133176027217
2023-04-01 22:00:00+00:00,10694.706753238517
2023-04-01 23:00:00+00:00,10554.766238562439
2023-04-02 00:00:00+00:00,10553.257120105682
2023-04-02 01:00:00+00:00,10604.635541433456
2023-04-02 02:00:00+00:00,10742.643422912824
2023-04-02 03:00:00+00:00,11050.403377168957
2023-04-02 04:00:00+00:00,11248.771582079216
2023-04-02 05:00:00+00:00,11029.04155606192
2023-04-02 06:00:00+00:00,10579.36548673364
2023-04-02 07:00:00+00:00,10091.643619321692
2023-04-02 08:00:00+00:00,9745.969578287748
2023-04-02 09:00:00+00:00,9567.958056292146
2023-04-02 10:00:00+00:00,9494.681596772905
2023-04-02 11:00:00+00:00,9560.214824992074
2023-04-02 12:00:00+00:00,9768.25709696134
2023-04-02 13:00:00+00:00,10157.962269345402
2023-04-02 14:00:00+00:00,10748.135718612573
2023-04-02 15:00:00+00:00,11386.175245842143
2023-04-02 16:00:00+00:00,11882.091931187377
2023-04-02 17:00:00+00:00,12023.066400393325
2023-04-02 18:00:00+00:00,11953.251573584252
2023-04-02 19:00:00+00:00,11814.764080946721
2023-04-02 20:00:00+00:00,11561.695012548533
2023-04-02 21:00:00+00:00,11236.45980438244
2023-04-02 22:00:00+00:00,10934.651758918631
2023-04-02 23:00:00+00:00,10861.232327020016
2023-04-03 00:00:00+00:00,10904.536019914087
2023-04-03 01:00:00+00:00,11142.847092315
2023-04-03 02:00:00+00:00,11342.150011006515
2023-04-03 03:00:00+00:00,11633.659849232388
2023-04-03 04:00:00+00:00,11790.319023548844
2023-04-03 05:00:00+00:00,11410.647000246916
2023-04-03 06:00:00+00:00,10757.697373325467
2023-04-03 07:00:00+00:00,10274.229716191765
2023-04-03 08:00:00+00:00,9812.049636945047
2023-04-03 09:00:00+00:00,9746.624588601706
2023-04-03 10:00:00+00:00,9755.88651851606
2023-04-03 11:00:00+00:00,10010.020332619819
2023-04-03 12:00:00+00:00,10505.261850571891
2023-04-03 13:00:00+00:00,11361.697524404595
2023-04-03 14:00:00+00:00,12495.542530146546
2023-04-03 15:00:00+00:00,13227.04474040908
2023-04-03 16:00:00+00:00,13341.836361409005
2023-04-03 17:00:00+00:00,13154.16185184219
2023-04-03 18:00:00+00:00,12837.45694921057
2023-04-03 19:00:00+00:00,12493.789824247966
2023-04-03 20:00:00+00:00,12075.940754458441
2023-04-03 21:00:00+00:00,11628.993386094668
2023-04-03 22:00:00+00:00,11268.065960692165
2023-04-03 23:00:00+00:00,11017.726210591574
2023-04-04 00:00:00+00:00,10925.309069800496
2023-04-04 01:00:00+00:00,11085.867382886538
2023-04-04 02:00:00+00:00,11267.73604623184
2023-04-04 03:00:00+00:00,11560.611935651596
2023-04-04 04:00:00+00:00,11687.180252008837
2023-04-04 05:00:00+00:00,11303.062947812774
2023-04-04 06:00:00+00:00,10632.499590514226
2023-04-04 07:00:00+00:00,10053.33363175161
2023-04-04 08:00:00+00:00,9786.664501545505
2023-04-04 09:00:00+00:00,9722.358986331932
2023-04-04 10:00:00+00:00,9767.005957805395
2023-04-04 11:00:00+00:00,9936.32887218184
2023-04-04 12:00:00+00:00,10374.612177062138
2023-04-04 13:00:00+00:00,11309.85808082989
2023-04-04 14:00:00+00:00,12442.622754696304
2023-04-04 15:00:00+00:00,13120.315060093893
2023-04-04 16:00:00+00:00,13073.99234334226
2023-04-04 17:00:00+00:00,12762.256127420042
2023-04-04 18:00:00+00:00,12381.882576878523
2023-04-04 19:00:00+00:00,11960.738253813593
2023-04-04 20:00:00+00:00,11541.725354641116
2023-04-04 21:00:00+00:00,11205.703250469027
2023-04-04 22:00:00+00:00,10841.691583187023
2023-04-04 23:00:00+00:00,10586.326588724269
2023-04-05 00:00:00+00:00,10530.940899616688
2023-04-05 01:00:00+00:00,10599.430221888138
2023-04-05 02:00:00+00:00,10710.168547335617
2023-04-05 03:00:00+00:00,10989.503927287322
2023-04-05 04:00:00+00:00,11303.844992230674
2023-04-05 05:00:00+00:00,11013.073290738226
2023-04-05 06:00:00+00:00,10424.908883175285
2023-04-05 07:00:00+00:00,9919.957775074845
2023-04-05 08:00:00+00:00,9627.968083718832
2023-04-05 09:00:00+00:00,9555.059796532025
2023-04-05 10:00:00+00:00,9647.795050466968
2023-04-05 11:00:00+00:00,9840.401247053022
2023-04-05 12:00:00+00:00,10330.502252487686
2023-04-05 13:00:00+00:00,11236.85539962312
2023-04-05 14:00:00+00:00,12336.667442987065
2023-04-05 15:00:00+00:00,12951.825645505303
2023-04-05 16:00:00+00:00,12841.18929293817
2023-04-05 17:00:00+00:00,12406.508990328402
2023-04-05 18:00:00+00:00,11873.809437250186
2023-04-05 19:00:00+00:00,11455.89894898798
2023-04-05 20:00:00+00:00,11134.025900631797
2023-04-05 21:00:00+00:00,10803.842356321044
2023-04-05 22:00:00+00:00,10531.995527058316
2023-04-05 23:00:00+00:00,10375.390744397659
2023-04-06 00:00:00+00:00,10377.595713343513
2023-04-06 01:00:00+00:00,10524.404400623067
2023-04-06 02:00:00+00:00,10650.427913288131
2023-04-06 03:00:00+00:00,10877.607870305177
2023-04-06 04:00:00+00:00,10963.76800602736
2023-04-06 05:00:00+00:00,10569.48934257245
2023-04-06 06:00:00+00:00,9888.701151492183
2023-04-06 07:00:00+00:00,9313.936660505757
2023-04-06 08:00:00+00:00,8922.198793125646
2023-04-06 09:00:00+00:00,8772.820577530423
2023-04-06 10:00:00+00:00,8717.330901169622
2023-04-06 11:00:00+00:00,8825.81908240537
2023-04-06 12:00:00+00:00,9192.988346891621
2023-04-06 13:00:00+00:00,9982.326916057911
2023-04-06 14:00:00+00:00,11024.292182491617
2023-04-06 15:00:00+00:00,11676.34648514093
2023-04-06 16:00:00+00:00,11745.369529500085
2023-04-06 17:00:00+00:00,11659.174173030742
2023-04-06 18:00:00+00:00,11432.340376400489
2023-04-06 19:00:00+00:00,11236.943378667203
2023-04-06 20:00:00+00:00,11052.983609313118
2023-04-06 21:00:00+00:00,10801.730275484973
2023-04-06 22:00:00+00:00,10626.109200290657
2023-04-06 23:00:00+00:00,10541.337375852441
2023-04-07 00:00:00+00:00,10603.060893606422
2023-04-07 01:00:00+00:00,10782.551944632336
2023-04-07 02:00:00+00:00,10823.980068452298
2023-04-07 03:00:00+00:00,10891.342335203593
2023-04-07 04:00:00+00:00,10782.285026378688
2023-04-07 05:00:00+00:00,10319.848574182824
2023-04-07 06:00:00+00:00,9624.836323818941
2023-04-07 07:00:00+00:00,8997.479147396121
2023-04-07 08:00:00+00:00,8582.961726568088
2023-04-07 09:00:00+00:00,8380.774315710445
2023-04-07 10:00:00+00:00,8284.625337977548
2023-04-07 11:00:00+00:00,8319.889526787198
2023-04-07 12:00:00+00:00,8629.533287396349
2023-04-07 13:00:00+00:00,9285.208658947093
2023-04-07 14:00:00+00:00,10187.18994799353
2023-04-07 15:00:00+00:00,10850.107089551395
2023-04-07 16:00:00+00:00,11036.915511963405
2023-04-07 17:00:00+00:00,11053.519429941469
2023-04-07 18:00:00+00:00,10873.693493236695
2023-04-07 19:00:00+00:00,10678.539778205779
2023-04-07 20:00:00+00:00,10414.909857026734
2023-04-07 21:00:00+00:00,10190.864476343158
2023-04-07 22:00:00+00:00,9943.488182894256
2023-04-07 23:00:00+00:00,9811.967994253842
2023-04-08 00:00:00+00:00,9837.731432188539
2023-04-08 01:00:00+00:00,9958.228020800916
2023-04-08 02:00:00+00:00,10023.241307884087
2023-04-08 03:00:00+00:00,10136.93988817946
2023-04-08 04:00:00+00:00,10252.88257455073
2023-04-08 05:00:00+00:00,9966.204387817581
2023-04-08 06:00:00+00:00,9463.257249975182
2023-04-08 07:00:00+00:00,8983.581159108437
2023-04-08 08:00:00+00:00,8627.267125682065
2023-04-08 09:00:00+00:00,8437.443325971226
2023-04-08 10:00:00+00:00,8336.52929864888
2023-04-08 11:00:00+00:00,8374.366723672802
2023-04-08 12:00:00+00:00,8565.039512288813
2023-04-08 13:00:00+00:00,8957.525321973242
2023-04-08 14:00:00+00:00,9522.324557848799
2023-04-08 15:00:00+00:00,10104.523991229966
2023-04-08 16:00:00+00:00,10587.005016458184
2023-04-08 17:00:00+00:00,10790.865611883783
2023-04-08 18:00:00+00:00,10763.738906548511
2023-04-08 19:00:00+00:00,10652.216792965837
2023-04-08 20:00:00+00:00,10475.288016251081
2023-04-08 21:00:00+00:00,10241.604915961623
2023-04-08 22:00:00+00:00,10087.959351644271
2023-04-08 23:00:00+00:00,10002.48233080777
2023-04-09 00:00:00+00:00,9953.687218305
2023-04-09 01:00:00+00:00,10005.833558407046
2023-04-09 02:00:00+00:00,9990.123448112183
2023-04-09 03:00:00+00:00,10043.168452786711
2023-04-09 04:00:00+00:00,10072.371660035604
2023-04-09 05:00:00+00:00,9744.828675051906
2023-04-09 06:00:00+00:00,9267.820444808518
2023-04-09 07:00:00+00:00,8767.013850548694
2023-04-09 08:00:00+00:00,8386.039248833635
2023-04-09 09:00:00+00:00,8163.244590422782
2023-04-09 10:00:00+00:00,8015.105692553632
2023-04-09 11:00:00+00:00,8014.89110128206
2023-04-09 12:00:00+00:00,8144.631417109386
2023-04-09 13:00:00+00:00,8448.816492853075
2023-04-09 14:00:00+00:00,8945.730370313435
2023-04-09 15:00:00+00:00,9561.600106302989
2023-04-09 16:00:00+00:00,10089.305574897508
2023-04-09 17:00:00+00:00,10381.854560315449
2023-04-09 18:00:00+00:00,10429.910294669166
2023-04-09 19:00:00+00:00,10344.253967442619
2023-04-09 20:00:00+00:00,10284.867583652507
2023-04-09 21:00:00+00:00,10098.862616509303
2023-04-09 22:00:00+00:00,9901.530921889407
2023-04-09 23:00:00+00:00,9783.602305928767
2023-04-10 00:00:00+00:00,9744.820438364392
2023-04-10 01:00:00+00:00,9845.181290003025
2023-04-10 02:00:00+00:00,9850.89121781487
2023-04-10 03:00:00+00:00,10003.78709632127
2023-04-10 04:00:00+00:00,10045.203226713056
2023-04-10 05:00:00+00:00,9658.45478365666
2023-04-10 06:00:00+00:00,9064.593550749645
2023-04-10 07:00:00+00:00,8478.617300039403
2023-04-10 08:00:00+00:00,8160.130559975169
2023-04-10 09:00:00+00:00,7972.478226239903
2023-04-10 10:00:00+00:00,7925.2348548533
2023-04-10 11:00:00+00:00,8009.719889717035
2023-04-10 12:00:00+00:00,8392.991970060884
2023-04-10 13:00:00+00:00,9175.648394240308
2023-04-10 14:00:00+00:00,10232.553497350282
2023-04-10 15:00:00+00:00,10927.125066567603
2023-04-10 16:00:00+00:00,11210.701409694448
2023-04-10 17:00:00+00:00,11198.624314254877
2023-04-10 18:00:00+00:00,11252.950560468615
2023-04-10 19:00:00+00:00,11256.571828143862
2023-04-10 20:00:00+00:00,11146.436665977284
2023-04-10 21:00:00+00:00,11000.00610090949
2023-04-10 22:00:00+00:00,10840.667259166357
2023-04-10 23:00:00+00:00,10827.022835857479
2023-04-11 00:00:00+00:00,11009.291867456594
2023-04-11 01:00:00+00:00,11218.186862668921
2023-04-11 02:00:00+00:00,11290.992088434621
2023-04-11 03:00:00+00:00,11362.582871240385
2023-04-11 04:00:00+00:00,11259.126317902823
2023-04-11 05:00:00+00:00,10737.550572829086
2023-04-11 06:00:00+00:00,10018.826903368725
2023-04-11 07:00:00+00:00,9392.918266501923
2023-04-11 08:00:00+00:00,8970.60162392871
2023-04-11 09:00:00+00:00,8776.126589964893
2023-04-11 10:00:00+00:00,8738.652338655189
2023-04-11 11:00:00+00:00,8857.649324031954
2023-04-11 12:00:00+00:00,9284.479781162274
2023-04-11 13:00:00+00:00,10180.230243638305
2023-04-11 14:00:00+00:00,11291.197726332071
2023-04-11 15:00:00+00:00,12020.55762316515
2023-04-11 16:00:00+00:00,12224.730055126964
2023-04-11 17:00:00+00:00,12145.783334908338
2023-04-11 18:00:00+00:00,11882.56202134556
2023-04-11 19:00:00+00:00,11529.91355102606
2023-04-11 20:00:00+00:00,11272.91740757432
2023-04-11 21:00:00+00:00,10943.313032546383
2023-04-11 22:00:00+00:00,10627.10939800909
2023-04-11 23:00:00+00:00,10359.01235561835
2023-04-12 00:00:00+00:00,10368.220802071197
2023-04-12 01:00:00+00:00,10435.299756782486
2023-04-12 02:00:00+00:00,10531.967516420193
2023-04-12 03:00:00+00:00,10798.723945350666
2023-04-12 04:00:00+00:00,11075.006026313444
2023-04-12 05:00:00+00:00,10746.082032850452
2023-04-12 06:00:00+00:00,10102.931692451544
2023-04-12 07:00:00+00:00,9509.831907707265
2023-04-12 08:00:00+00:00,9237.438826123345
2023-04-12 09:00:00+00:00,9156.482614632014
2023-04-12 10:00:00+00:00,9179.055565141984
2023-04-12 11:00:00+00:00,9332.796968401655
2023-04-12 12:00:00+00:00,9816.489888236578
2023-04-12 13:00:00+00:00,10809.66224220733
2023-04-12 14:00:00+00:00,11933.036782005383
2023-04-12 15:00:00+00:00,12610.856164055987
2023-04-12 16:00:00+00:00,12505.881947383767
2023-04-12 17:00:00+00:00,12087.1993042667
2023-04-12 18:00:00+00:00,11710.006344073503
2023-04-12 19:00:00+00:00,11327.496801752388
2023-04-12 20:00:00+00:00,10975.664730246075
2023-04-12 21:00:00+00:00,10630.434121734439
2023-04-12 22:00:00+00:00,10299.065408231376
2023-04-12 23:00:00+00:00,10080.78740082594
2023-04-13 00:00:00+00:00,10063.692861280906
2023-04-13 01:00:00+00:00,10195.445207912639
2023-04-13 02:00:00+00:00,10281.531145439281
2023-04-13 03:00:00+00:00,10509.52807866186
2023-04-13 04:00:00+00:00,10872.001760624971
2023-04-13 05:00:00+00:00,10554.055642731082
2023-04-13 06:00:00+00:00,9969.993256222488
2023-04-13 07:00:00+00:00,9449.785446642718
2023-04-13 08:00:00+00:00,9182.710782003753
2023-04-13 09:00:00+00:00,9121.464990318029
2023-04-13 10:00:00+00:00,9163.187709944197
2023-04-13 11:00:00+00:00,9319.730355644448
2023-04-13 12:00:00+00:00,9783.51370026413
2023-04-13 13:00:00+00:00,10720.69412045543
2023-04-13 14:00:00+00:00,11863.583292538522
2023-04-13 15:00:00+00:00,12474.481504817535
2023-04-13 16:00:00+00:00,12364.182380752121
2023-04-13 17:00:00+00:00,12024.460429156268
2023-04-13 18:00:00+00:00,11691.690998476372
2023-04-13 19:00:00+00:00,11381.72987006492
2023-04-13 20:00:00+00:00,10999.722133650064
2023-04-13 21:00:00+00:00,10696.541524027674
2023-04-13 22:00:00+00:00,10360.12930662544
2023-04-13 23:00:00+00:00,10185.608416205894
2023-04-14 00:00:00+00:00,10204.531148803126
2023-04-14 01:00:00+00:00,10409.079780740856
2023-04-14 02:00:00+00:00,10458.861114528594
2023-04-14 03:00:00+00:00,10650.908637878503
2023-04-14 04:00:00+00:00,10870.550616293887
2023-04-14 05:00:00+00:00,10545.152900698502
2023-04-14 06:00:00+00:00,9909.09119509272
2023-04-14 07:00:00+00:00,9375.819397832238
2023-04-14 08:00:00+00:00,9039.074174326604
2023-04-14 09:00:00+00:00,8946.139429278455
2023-04-14 10:00:00+00:00,8984.88606381837
2023-04-14 11:00:00+00:00,9142.670245142705
2023-04-14 12:00:00+00:00,9677.096030112836
2023-04-14 13:00:00+00:00,10575.409913139662
2023-04-14 14:00:00+00:00,11761.182935033137
2023-04-14 15:00:00+00:00,12446.716290785942
2023-04-14 16:00:00+00:00,12261.688125194169
2023-04-14 17:00:00+00:00,11815.743923748229
2023-04-14 18:00:00+00:00,11305.840386511667
2023-04-14 19:00:00+00:00,10861.7763906729
2023-04-14 20:00:00+00:00,10429.269695095489
2023-04-14 21:00:00+00:00,10080.774518524406
2023-04-14 22:00:00+00:00,9758.854568506644
2023-04-14 23:00:00+00:00,9531.756027302072
2023-04-15 00:00:00+00:00,9463.814716722367
2023-04-15 01:00:00+00:00,9476.102207126423
2023-04-15 02:00:00+00:00,9442.160547892361
2023-04-15 03:00:00+00:00,9569.271568729784
2023-04-15 04:00:00+00:00,9857.053472753752
2023-04-15 05:00:00+00:00,9680.653786853944
2023-04-15 06:00:00+00:00,9211.769618461973
2023-04-15 07:00:00+00:00,8767.286441895665
2023-04-15 08:00:00+00:00,8470.732513202245
2023-04-15 09:00:00+00:00,8362.619242314846
2023-04-15 10:00:00+00:00,8354.085246850675
2023-04-15 11:00:00+00:00,8476.625323355978
2023-04-15 12:00:00+00:00,8716.437404200087
2023-04-15 13:00:00+00:00,9177.14562607918
2023-04-15 14:00:00+00:00,9794.823465795995
2023-04-15 15:00:00+00:00,10408.263127508093
2023-04-15 16:00:00+00:00,10745.950445731783
2023-04-15 17:00:00+00:00,10780.650217613551
2023-04-15 18:00:00+00:00,10610.700731462226
2023-04-15 19:00:00+00:00,10352.527265471052
2023-04-15 20:00:00+00:00,10130.641977093315
2023-04-15 21:00:00+00:00,9919.455325364277
2023-04-15 22:00:00+00:00,9803.712133559355
2023-04-15 23:00:00+00:00,9704.195797428612
2023-04-16 00:00:00+00:00,9704.561240742407
2023-04-16 01:00:00+00:00,9776.900233603354
2023-04-16 02:00:00+00:00,9743.736368800537
2023-04-16 03:00:00+00:00,9782.18702208565
2023-04-16 04:00:00+00:00,9916.347912849767
2023-04-16 05:00:00+00:00,9621.608864163692
2023-04-16 06:00:00+00:00,9130.655440003418
2023-04-16 07:00:00+00:00,8660.33743028511
2023-04-16 08:00:00+00:00,8321.423510145863
2023-04-16 09:00:00+00:00,8113.997509952653
2023-04-16 10:00:00+00:00,8041.401482853476
2023-04-16 11:00:00+00:00,8051.934466387791
2023-04-16 12:00:00+00:00,8204.372627659797
2023-04-16 13:00:00+00:00,8528.518115746592
2023-04-16 14:00:00+00:00,9051.842489650977
2023-04-16 15:00:00+00:00,9650.114980238759
2023-04-16 16:00:00+00:00,10145.07767262287
2023-04-16 17:00:00+00:00,10464.1766585663
2023-04-16 18:00:00+00:00,10681.69004189563
2023-04-16 19:00:00+00:00,10728.44372967978
2023-04-16 20:00:00+00:00,10760.903184310939
2023-04-16 21:00:00+00:00,10591.752634854607
2023-04-16 22:00:00+00:00,10269.671915482595
2023-04-16 23:00:00+00:00,10129.623662585123
2023-04-17 00:00:00+00:00,10284.336210823547
2023-04-17 01:00:00+00:00,10432.269969275485
2023-04-17 02:00:00+00:00,10445.572181525326
2023-04-17 03:00:00+00:00,10630.142380691745
2023-04-17 04:00:00+00:00,10898.786639790105
2023-04-17 05:00:00+00:00,10596.263167765364
2023-04-17 06:00:00+00:00,9941.425807868445
2023-04-17 07:00:00+00:00,9312.323867726702
2023-04-17 08:00:00+00:00,8991.316520295106
2023-04-17 09:00:00+00:00,8887.968455198494
2023-04-17 10:00:00+00:00,8938.550089553024
2023-04-17 11:00:00+00:00,9129.365490055616
2023-04-17 12:00:00+00:00,9679.417776762664
2023-04-17 13:00:00+00:00,10662.732481865865
2023-04-17 14:00:00+00:00,11885.54760822066
2023-04-17 15:00:00+00:00,12449.12900209126
2023-04-17 16:00:00+00:00,12278.782182577906
2023-04-17 17:00:00+00:00,11918.24065323752
2023-04-17 18:00:00+00:00,11673.211839148385
2023-04-17 19:00:00+00:00,11467.968868004606
2023-04-17 20:00:00+00:00,11392.836127478919
2023-04-17 21:00:00+00:00,11291.53278022898
2023-04-17 22:00:00+00:00,11171.425771904149
2023-04-17 23:00:00+00:00,11106.67237725844
2023-04-18 00:00:00+00:00,11170.652163712031
2023-04-18 01:00:00+00:00,11252.708376067632
2023-04-18 02:00:00+00:00,11291.029176733131
2023-04-18 03:00:00+00:00,11418.453461457033
2023-04-18 04:00:00+00:00,11564.256953913467
2023-04-18 05:00:00+00:00,11118.909122329
2023-04-18 06:00:00+00:00,10389.28326868506
2023-04-18 07:00:00+00:00,9783.050966957313
2023-04-18 08:00:00+00:00,9460.571278014377
2023-04-18 09:00:00+00:00,9339.963595590465
2023-04-18 10:00:00+00:00,9355.86537851323
2023-04-18 11:00:00+00:00,9564.075895734975
2023-04-18 12:00:00+00:00,10056.427531751642
2023-04-18 13:00:00+00:00,11023.85249359386
2023-04-18 14:00:00+00:00,12247.478628971816
2023-04-18 15:00:00+00:00,12930.012295147311
2023-04-18 16:00:00+00:00,12927.736837165696
2023-04-18 17:00:00+00:00,12699.903367295605
2023-04-18 18:00:00+00:00,12340.387282415499
2023-04-18 19:00:00+00:00,12007.543940512682
2023-04-18 20:00:00+00:00,11794.183351361993
2023-04-18 21:00:00+00:00,11492.975838593184
2023-04-18 22:00:00+00:00,11330.409449081539
2023-04-18 23:00:00+00:00,11235.20504733109
2023-04-19 00:00:00+00:00,11185.793341298457
2023-04-19 01:00:00+00:00,11279.378484000152
2023-04-19 02:00:00+00:00,11383.392263880265
2023-04-19 03:00:00+00:00,11516.687744833403
2023-04-19 04:00:00+00:00,11707.608700989298
2023-04-19 05:00:00+00:00,11306.27645077658
2023-04-19 06:00:00+00:00,10570.338437690196
2023-04-19 07:00:00+00:00,9934.1656820126
2023-04-19 08:00:00+00:00,9607.773747769046
2023-04-19 09:00:00+00:00,9461.274675195176
2023-04-19 10:00:00+00:00,9473.646716449573
2023-04-19 11:00:00+00:00,9605.56162323105
2023-04-19 12:00:00+00:00,10035.318160457524
2023-04-19 13:00:00+00:00,10900.299648383529
2023-04-19 14:00:00+00:00,12036.705119106233
2023-04-19 15:00:00+00:00,12627.182281763053
2023-04-19 16:00:00+00:00,12518.97237687005
2023-04-19 17:00:00+00:00,12152.608305232194
2023-04-19 18:00:00+00:00,11757.823527112956
2023-04-19 19:00:00+00:00,11419.375302406688
2023-04-19 20:00:00+00:00,11135.318050840751
2023-04-19 21:00:00+00:00,10853.074089772419
2023-04-19 22:00:00+00:00,10674.868481466281
2023-04-19 23:00:00+00:00,10605.98400751232
2023-04-20 00:00:00+00:00,10589.571425309392
2023-04-20 01:00:00+00:00,10671.33474932456
2023-04-20 02:00:00+00:00,10741.33611319969
2023-04-20 03:00:00+00:00,10906.466364350345
2023-04-20 04:00:00+00:00,11258.388125828234
2023-04-20 05:00:00+00:00,11009.365465520428
2023-04-20 06:00:00+00:00,10367.024960394298
2023-04-20 07:00:00+00:00,9766.55797359189
2023-04-20 08:00:00+00:00,9469.946742905327
2023-04-20 09:00:00+00:00,9379.806170305445
2023-04-20 10:00:00+00:00,9439.375478268528
2023-04-20 11:00:00+00:00,9635.22708765745
2023-04-20 12:00:00+00:00,10155.822280787495
2023-04-20 13:00:00+00:00,11125.185896861847
2023-04-20 14:00:00+00:00,12313.00611919719
2023-04-20 15:00:00+00:00,12915.434477590205
2023-04-20 16:00:00+00:00,12763.683912966675
2023-04-20 17:00:00+00:00,12432.111442045581
2023-04-20 18:00:00+00:00,12146.787137564324
2023-04-20 19:00:00+00:00,11963.168005812862
2023-04-20 20:00:00+00:00,11882.958503734659
2023-04-20 21:00:00+00:00,11739.199358083875
2023-04-20 22:00:00+00:00,11630.408413825364
2023-04-20 23:00:00+00:00,11585.556512956498
2023-04-21 00:00:00+00:00,11753.916803792406
2023-04-21 01:00:00+00:00,11956.236645363904
2023-04-21 02:00:00+00:00,11959.195727541479
2023-04-21 03:00:00+00:00,11912.971364321895
2023-04-21 04:00:00+00:00,11865.22166860548
2023-04-21 05:00:00+00:00,11308.580241786829
2023-04-21 06:00:00+00:00,10492.172000056173
2023-04-21 07:00:00+00:00,9803.654293296717
2023-04-21 08:00:00+00:00,9396.632119864793
2023-04-21 09:00:00+00:00,9176.57305375487
2023-04-21 10:00:00+00:00,9126.334482379447
2023-04-21 11:00:00+00:00,9234.555537470405
2023-04-21 12:00:00+00:00,9588.415134718978
2023-04-21 13:00:00+00:00,10399.828592150016
2023-04-21 14:00:00+00:00,11405.458835102678
2023-04-21 15:00:00+00:00,12013.34781878974
2023-04-21 16:00:00+00:00,11981.248592518703
2023-04-21 17:00:00+00:00,11765.528710777697
2023-04-21 18:00:00+00:00,11536.806149005752
2023-04-21 19:00:00+00:00,11271.51905432361
2023-04-21 20:00:00+00:00,10979.311755786754
2023-04-21 21:00:00+00:00,10640.898446694331
2023-04-21 22:00:00+00:00,10389.725717542113
2023-04-21 23:00:00+00:00,10271.124307390995
2023-04-22 00:00:00+00:00,10258.718884766966
2023-04-22 01:00:00+00:00,10267.815217689003
2023-04-22 02:00:00+00:00,10268.719902934958
2023-04-22 03:00:00+00:00,10212.046687369211
2023-04-22 04:00:00+00:00,10312.8656685386
2023-04-22 05:00:00+00:00,10064.881268007171
2023-04-22 06:00:00+00:00,9508.97585437431
2023-04-22 07:00:00+00:00,8985.236376799081
2023-04-22 08:00:00+00:00,8584.897068045457
2023-04-22 09:00:00+00:00,8390.402494543312
2023-04-22 10:00:00+00:00,8292.286188223854
2023-04-22 11:00:00+00:00,8318.37795994601
2023-04-22 12:00:00+00:00,8469.684260138878
2023-04-22 13:00:00+00:00,8856.618564138833
2023-04-22 14:00:00+00:00,9395.862123884313
2023-04-22 15:00:00+00:00,9946.780994587747
2023-04-22 16:00:00+00:00,10272.600574918913
2023-04-22 17:00:00+00:00,10343.559567449793
2023-04-22 18:00:00+00:00,10178.266502379593
2023-04-22 19:00:00+00:00,9975.922941042336
2023-04-22 20:00:00+00:00,9648.88543847833
2023-04-22 21:00:00+00:00,9354.112832246894
2023-04-22 22:00:00+00:00,9108.974461439939
2023-04-22 23:00:00+00:00,9004.493329782197
2023-04-23 00:00:00+00:00,9046.033481388075
2023-04-23 01:00:00+00:00,9109.320708526806
2023-04-23 02:00:00+00:00,9118.224537624596
2023-04-23 03:00:00+00:00,9145.179704606056
2023-04-23 04:00:00+00:00,9227.065480599222
2023-04-23 05:00:00+00:00,8995.960816122313
2023-04-23 06:00:00+00:00,8618.082345785411
2023-04-23 07:00:00+00:00,8169.157612882096
2023-04-23 08:00:00+00:00,7819.06463231916
2023-04-23 09:00:00+00:00,7606.854269000448
2023-04-23 10:00:00+00:00,7500.382817931087
2023-04-23 11:00:00+00:00,7478.765705212882
2023-04-23 12:00:00+00:00,7571.739707298287
2023-04-23 13:00:00+00:00,7864.780571606596
2023-04-23 14:00:00+00:00,8304.053771706775
2023-04-23 15:00:00+00:00,8897.308164856311
2023-04-23 16:00:00+00:00,9481.584042238967
2023-04-23 17:00:00+00:00,9756.419429988367
2023-04-23 18:00:00+00:00,9808.456955750516
2023-04-23 19:00:00+00:00,9788.803980084387
2023-04-23 20:00:00+00:00,9727.82523128162
2023-04-23 21:00:00+00:00,9683.90784292602
2023-04-23 22:00:00+00:00,9608.550696138504
2023-04-23 23:00:00+00:00,9643.006933812065
2023-04-24 00:00:00+00:00,9865.233850572058
2023-04-24 01:00:00+00:00,10125.00708845004
2023-04-24 02:00:00+00:00,10189.783032920339
2023-04-24 03:00:00+00:00,10257.837043919082
2023-04-24 04:00:00+00:00,10321.110336099307
2023-04-24 05:00:00+00:00,9941.569053376306
2023-04-24 06:00:00+00:00,9222.88809428253
2023-04-24 07:00:00+00:00,8625.481218015306
2023-04-24 08:00:00+00:00,8255.01178329073
2023-04-24 09:00:00+00:00,8089.53919250675
2023-04-24 10:00:00+00:00,8077.952494441159
2023-04-24 11:00:00+00:00,8173.88565517241
2023-04-24 12:00:00+00:00,8585.260114690793
2023-04-24 13:00:00+00:00,9495.031915559417
2023-04-24 14:00:00+00:00,10600.32120644525
2023-04-24 15:00:00+00:00,11259.821967366426
2023-04-24 16:00:00+00:00,11310.329517607339
2023-04-24 17:00:00+00:00,11141.502534208208
2023-04-24 18:00:00+00:00,10864.732240708508
2023-04-24 19:00:00+00:00,10651.38982594677
2023-04-24 20:00:00+00:00,10349.556513521064
2023-04-24 21:00:00+00:00,10130.13805589503
2023-04-24 22:00:00+00:00,9861.657617888906
2023-04-24 23:00:00+00:00,9777.2072220216
2023-04-25 00:00:00+00:00,9764.372323686479
2023-04-25 01:00:00+00:00,9888.620164413624
2023-04-25 02:00:00+00:00,9944.137472022665
2023-04-25 03:00:00+00:00,9998.341239847434
2023-04-25 04:00:00+00:00,10199.072982820622
2023-04-25 05:00:00+00:00,9888.233497137451
2023-04-25 06:00:00+00:00,9241.14970469502
2023-04-25 07:00:00+00:00,8740.014054523768
2023-04-25 08:00:00+00:00,8294.026879090965
2023-04-25 09:00:00+00:00,8166.62586103158
2023-04-25 10:00:00+00:00,8147.855972172138
2023-04-25 11:00:00+00:00,8289.274049753216
2023-04-25 12:00:00+00:00,8697.715179822135
2023-04-25 13:00:00+00:00,9581.506403055611
2023-04-25 14:00:00+00:00,10656.333160110551
2023-04-25 15:00:00+00:00,11293.210452282543
2023-04-25 16:00:00+00:00,11224.955867625398
2023-04-25 17:00:00+00:00,10920.337568718645
2023-04-25 18:00:00+00:00,10643.604531112835
2023-04-25 19:00:00+00:00,10392.454036014524
2023-04-25 20:00:00+00:00,10117.137580595552
2023-04-25 21:00:00+00:00,9832.882803956349
2023-04-25 22:00:00+00:00,9588.13253364626
2023-04-25 23:00:00+00:00,9480.582174365529
2023-04-26 00:00:00+00:00,9497.722700578492
2023-04-26 01:00:00+00:00,9592.635820192914
2023-04-26 02:00:00+00:00,9629.744344961606
2023-04-26 03:00:00+00:00,9676.871643195085
2023-04-26 04:00:00+00:00,9929.919550223733
2023-04-26 05:00:00+00:00,9684.634141683371
2023-04-26 06:00:00+00:00,9005.895449920066
2023-04-26 07:00:00+00:00,8405.0087249326
2023-04-26 08:00:00+00:00,8067.280143616409
2023-04-26 09:00:00+00:00,7894.852630796027
2023-04-26 10:00:00+00:00,7894.66236585535
2023-04-26 11:00:00+00:00,8013.095744600128
2023-04-26 12:00:00+00:00,8417.68116201352
2023-04-26 13:00:00+00:00,9253.676238252228
2023-04-26 14:00:00+00:00,10329.713901386831
2023-04-26 15:00:00+00:00,10992.570478771446
2023-04-26 16:00:00+00:00,10946.36203785616
2023-04-26 17:00:00+00:00,10686.525924555219
2023-04-26 18:00:00+00:00,10373.931022107196
2023-04-26 19:00:00+00:00,10088.423704558722
2023-04-26 20:00:00+00:00,9860.131162784937
2023-04-26 21:00:00+00:00,9695.666259476753
2023-04-26 22:00:00+00:00,9572.564959426554
2023-04-26 23:00:00+00:00,9525.928434285484
2023-04-27 00:00:00+00:00,9545.948413634436
2023-04-27 01:00:00+00:00,9659.845365830333
2023-04-27 02:00:00+00:00,9634.34993419847
2023-04-27 03:00:00+00:00,9662.948927905862
2023-04-27 04:00:00+00:00,9797.332430265315
2023-04-27 05:00:00+00:00,9480.799960255003
2023-04-27 06:00:00+00:00,8783.940690350853
2023-04-27 07:00:00+00:00,8144.942668038271
2023-04-27 08:00:00+00:00,7730.199923217248
2023-04-27 09:00:00+00:00,7530.924084829224
2023-04-27 10:00:00+00:00,7464.078193203393
2023-04-27 11:00:00+00:00,7504.747474438332
2023-04-27 12:00:00+00:00,7795.005717654096
2023-04-27 13:00:00+00:00,8505.670146596287
2023-04-27 14:00:00+00:00,9503.440922697251
2023-04-27 15:00:00+00:00,10152.919294330344
2023-04-27 16:00:00+00:00,10224.835984288253
2023-04-27 17:00:00+00:00,10114.240078077968
2023-04-27 18:00:00+00:00,9954.755319415359
2023-04-27 19:00:00+00:00,9864.755033843268
2023-04-27 20:00:00+00:00,9802.24519380685
2023-04-27 21:00:00+00:00,9691.301947468135
2023-04-27 22:00:00+00:00,9584.477549664227
2023-04-27 23:00:00+00:00,9544.823022220553
2023-04-28 00:00:00+00:00,9606.070450022959
2023-04-28 01:00:00+00:00,9647.753812780289
2023-04-28 02:00:00+00:00,9606.87321761846
2023-04-28 03:00:00+00:00,9582.354987166334
2023-04-28 04:00:00+00:00,9682.209066314103
2023-04-28 05:00:00+00:00,9397.354719745483
2023-04-28 06:00:00+00:00,8715.51490927188
2023-04-28 07:00:00+00:00,8065.29117870983
2023-04-28 08:00:00+00:00,7654.326372363605
2023-04-28 09:00:00+00:00,7406.385840374557
2023-04-28 10:00:00+00:00,7327.722194125337
2023-04-28 11:00:00+00:00,7375.729079106765
2023-04-28 12:00:00+00:00,7669.096013949834
2023-04-28 13:00:00+00:00,8356.874721745307
2023-04-28 14:00:00+00:00,9304.92902271207
2023-04-28 15:00:00+00:00,9896.242414882612
2023-04-28 16:00:00+00:00,9958.250443795025
2023-04-28 17:00:00+00:00,9893.88657709657
2023-04-28 18:00:00+00:00,9809.722704780168
2023-04-28 19:00:00+00:00,9747.985510578574
2023-04-28 20:00:00+00:00,9702.365703518635
2023-04-28 21:00:00+00:00,9688.917578820588
2023-04-28 22:00:00+00:00,9686.693781130809
2023-04-28 23:00:00+00:00,9731.1566284712
2023-04-29 00:00:00+00:00,9851.85636763187
2023-04-29 01:00:00+00:00,9914.739129604122
2023-04-29 02:00:00+00:00,9786.116517634071
2023-04-29 03:00:00+00:00,9614.240459251801
2023-04-29 04:00:00+00:00,9520.466281891524
2023-04-29 05:00:00+00:00,9248.934924408319
2023-04-29 06:00:00+00:00,8652.053058215335
2023-04-29 07:00:00+00:00,8029.821410850015
2023-04-29 08:00:00+00:00,7553.056642171449
2023-04-29 09:00:00+00:00,7229.710828663818
2023-04-29 10:00:00+00:00,7056.794972274795
2023-04-29 11:00:00+00:00,6973.64688207538
2023-04-29 12:00:00+00:00,7009.864208547577
2023-04-29 13:00:00+00:00,7229.492627962446
2023-04-29 14:00:00+00:00,7567.911828628982
2023-04-29 15:00:00+00:00,8145.46359265692
2023-04-29 16:00:00+00:00,8660.754704203224
2023-04-29 17:00:00+00:00,8997.320788140576
2023-04-29 18:00:00+00:00,9119.718844881374
2023-04-29 19:00:00+00:00,9178.34107176768
2023-04-29 20:00:00+00:00,9189.092488567974
2023-04-29 21:00:00+00:00,9177.361348948212
2023-04-29 22:00:00+00:00,9237.885379909818
2023-04-29 23:00:00+00:00,9336.371076295145
2023-04-30 00:00:00+00:00,9481.40852935038
2023-04-30 01:00:00+00:00,9569.985832789407
2023-04-30 02:00:00+00:00,9527.716084026044
2023-04-30 03:00:00+00:00,9355.206718972639
2023-04-30 04:00:00+00:00,9264.54693177712
2023-04-30 05:00:00+00:00,9012.363200761365
2023-04-30 06:00:00+00:00,8448.452467413428
2023-04-30 07:00:00+00:00,7833.479987501443
2023-04-30 08:00:00+00:00,7386.326269292887
2023-04-30 09:00:00+00:00,7105.411903515045
2023-04-30 10:00:00+00:00,6967.748296001615
2023-04-30 11:00:00+00:00,6916.159188238638
2023-04-30 12:00:00+00:00,6971.468399373572
2023-04-30 13:00:00+00:00,7148.376841633969
2023-04-30 14:00:00+00:00,7433.641031740332
2023-04-30 15:00:00+00:00,7981.211833418956
2023-04-30 16:00:00+00:00,8622.673259510459
2023-04-30 17:00:00+00:00,9067.14911818323
2023-04-30 18:00:00+00:00,9208.48410884558
2023-04-30 19:00:00+00:00,9307.74307491443
2023-04-30 20:00:00+00:00,9336.183725019828
2023-04-30 21:00:00+00:00,9246.49693589171
2023-04-30 22:00:00+00:00,9198.601325390931
2023-04-30 23:00:00+00:00,9188.776132497747
2023-05-01 00:00:00+00:00,9314.871719129318
2023-05-01 01:00:00+00:00,9467.159359071615
2023-05-01 02:00:00+00:00,9493.779525089014
2023-05-01 03:00:00+00:00,9461.995609554777
2023-05-01 04:00:00+00:00,9556.90806312488
2023-05-01 05:00:00+00:00,9268.422215588804
2023-05-01 06:00:00+00:00,8585.506462009625
2023-05-01 07:00:00+00:00,7936.327947510375
2023-05-01 08:00:00+00:00,7519.644067362484
2023-05-01 09:00:00+00:00,7291.827305036569
2023-05-01 10:00:00+00:00,7194.196158210612
2023-05-01 11:00:00+00:00,7237.739262615939
2023-05-01 12:00:00+00:00,7535.0408815736755
2023-05-01 13:00:00+00:00,8265.756956171892
2023-05-01 14:00:00+00:00,9173.565944057651
2023-05-01 15:00:00+00:00,9824.947394616658
2023-05-01 16:00:00+00:00,10013.256547942792
2023-05-01 17:00:00+00:00,10052.891244325217
2023-05-01 18:00:00+00:00,9999.812113510514
2023-05-01 19:00:00+00:00,9956.808689837966
2023-05-01 20:00:00+00:00,9893.29122374995
2023-05-01 21:00:00+00:00,9861.586174569054
2023-05-01 22:00:00+00:00,9795.704985350225
2023-05-01 23:00:00+00:00,9760.827835881519
2023-05-02 00:00:00+00:00,9900.069554944539
2023-05-02 01:00:00+00:00,10105.892228378983
2023-05-02 02:00:00+00:00,10165.2990134252
2023-05-02 03:00:00+00:00,10094.87413960656
2023-05-02 04:00:00+00:00,10081.760413416188
2023-05-02 05:00:00+00:00,9666.881757316587
2023-05-02 06:00:00+00:00,8874.243229743639
2023-05-02 07:00:00+00:00,8275.260751634702
2023-05-02 08:00:00+00:00,7868.954901091148
2023-05-02 09:00:00+00:00,7657.623953570958
2023-05-02 10:00:00+00:00,7564.757664026359
2023-05-02 11:00:00+00:00,7565.270997612952
2023-05-02 12:00:00+00:00,7840.503569572446
2023-05-02 13:00:00+00:00,8544.016088144564
2023-05-02 14:00:00+00:00,9462.802598044813
2023-05-02 15:00:00+00:00,10064.797311403665
2023-05-02 16:00:00+00:00,10161.539577257532
2023-05-02 17:00:00+00:00,10112.797319163768
2023-05-02 18:00:00+00:00,10042.047917676808
2023-05-02 19:00:00+00:00,9929.599703079632
2023-05-02 20:00:00+00:00,9784.23746474369
2023-05-02 21:00:00+00:00,9709.127070980536
2023-05-02 22:00:00+00:00,9620.376225993927
2023-05-02 23:00:00+00:00,9571.915009158321
2023-05-03 00:00:00+00:00,9641.968971594322
2023-05-03 01:00:00+00:00,9783.67799247797
2023-05-03 02:00:00+00:00,9705.51514653777
2023-05-03 03:00:00+00:00,9636.490379257026
2023-05-03 04:00:00+00:00,9704.5520604648
2023-05-03 05:00:00+00:00,9425.577762642828
2023-05-03 06:00:00+00:00,8722.33808139315
2023-05-03 07:00:00+00:00,8015.355633956468
2023-05-03 08:00:00+00:00,7624.956730115002
2023-05-03 09:00:00+00:00,7370.98482195181
2023-05-03 10:00:00+00:00,7209.19632007268
2023-05-03 11:00:00+00:00,7216.0684326921
2023-05-03 12:00:00+00:00,7475.391034877452
2023-05-03 13:00:00+00:00,8086.5878286988
2023-05-03 14:00:00+00:00,8905.801826465724
2023-05-03 15:00:00+00:00,9534.973592097456
2023-05-03 16:00:00+00:00,9682.894412702859
2023-05-03 17:00:00+00:00,9720.958238380972
2023-05-03 18:00:00+00:00,9721.04152318622
2023-05-03 19:00:00+00:00,9716.895232784995
2023-05-03 20:00:00+00:00,9759.959850222911
2023-05-03 21:00:00+00:00,9774.978488783734
2023-05-03 22:00:00+00:00,9786.366903758902
2023-05-03 23:00:00+00:00,9859.950488400167
2023-05-04 00:00:00+00:00,9959.946253192336
2023-05-04 01:00:00+00:00,10088.810708900382
2023-05-04 02:00:00+00:00,10073.614722187003
2023-05-04 03:00:00+00:00,9896.045583679756
2023-05-04 04:00:00+00:00,9957.086824319014
2023-05-04 05:00:00+00:00,9630.757818861159
2023-05-04 06:00:00+00:00,8890.12735995904
2023-05-04 07:00:00+00:00,8154.0698124438695
2023-05-04 08:00:00+00:00,7689.983987868804
2023-05-04 09:00:00+00:00,7411.926339304876
2023-05-04 10:00:00+00:00,7275.123340920697
2023-05-04 11:00:00+00:00,7264.718677333076
2023-05-04 12:00:00+00:00,7459.475716779335
2023-05-04 13:00:00+00:00,8071.306542456633
2023-05-04 14:00:00+00:00,8900.565998232083
2023-05-04 15:00:00+00:00,9613.101386325634
2023-05-04 16:00:00+00:00,9873.115334511329
2023-05-04 17:00:00+00:00,9994.320060663907
2023-05-04 18:00:00+00:00,10008.071465110099
2023-05-04 19:00:00+00:00,10033.20249849108
2023-05-04 20:00:00+00:00,9985.060323618549
2023-05-04 21:00:00+00:00,9980.568736785368
2023-05-04 22:00:00+00:00,9939.901568549685
2023-05-04 23:00:00+00:00,9994.147118096978
2023-05-05 00:00:00+00:00,10119.388207499233
2023-05-05 01:00:00+00:00,10303.227175182472
2023-05-05 02:00:00+00:00,10335.053880241945
2023-05-05 03:00:00+00:00,10291.733565490378
2023-05-05 04:00:00+00:00,10289.132161217367
2023-05-05 05:00:00+00:00,9882.000788113004
2023-05-05 06:00:00+00:00,9167.575603132978
2023-05-05 07:00:00+00:00,8480.54381580364
2023-05-05 08:00:00+00:00,8116.036081617709
2023-05-05 09:00:00+00:00,7875.004390659224
2023-05-05 10:00:00+00:00,7779.916729285573
2023-05-05 11:00:00+00:00,7759.381839616294
2023-05-05 12:00:00+00:00,8074.290759715022
2023-05-05 13:00:00+00:00,8704.355163778338
2023-05-05 14:00:00+00:00,9618.098776120296
2023-05-05 15:00:00+00:00,10267.39347065035
2023-05-05 16:00:00+00:00,10492.218040078842
2023-05-05 17:00:00+00:00,10582.522173643189
2023-05-05 18:00:00+00:00,10622.874282254843
2023-05-05 19:00:00+00:00,10528.653835286541
2023-05-05 20:00:00+00:00,10384.627674551759
2023-05-05 21:00:00+00:00,10279.893855960996
2023-05-05 22:00:00+00:00,10134.249962595663
2023-05-05 23:00:00+00:00,10041.74995168198
2023-05-06 00:00:00+00:00,10082.841078567844
2023-05-06 01:00:00+00:00,10149.137383223908
2023-05-06 02:00:00+00:00,10119.63542480145
2023-05-06 03:00:00+00:00,10014.63554132167
2023-05-06 04:00:00+00:00,10035.48947923988
2023-05-06 05:00:00+00:00,9768.704252153595
2023-05-06 06:00:00+00:00,9264.349365850856
2023-05-06 07:00:00+00:00,8693.234867756464
2023-05-06 08:00:00+00:00,8316.79222269428
2023-05-06 09:00:00+00:00,8056.783378069936
2023-05-06 10:00:00+00:00,7930.909462251746
2023-05-06 11:00:00+00:00,7875.796750279354
2023-05-06 12:00:00+00:00,7987.114310536329
2023-05-06 13:00:00+00:00,8278.995126767482
2023-05-06 14:00:00+00:00,8707.973900098768
2023-05-06 15:00:00+00:00,9161.039404461022
2023-05-06 16:00:00+00:00,9634.943252923931
2023-05-06 17:00:00+00:00,9798.356271527691
2023-05-06 18:00:00+00:00,9764.697715809034
2023-05-06 19:00:00+00:00,9608.269835101579
2023-05-06 20:00:00+00:00,9420.599735838661
2023-05-06 21:00:00+00:00,9220.109520196487
2023-05-06 22:00:00+00:00,9094.262506531524
2023-05-06 23:00:00+00:00,9040.019889650188
2023-05-07 00:00:00+00:00,9058.76521942041
2023-05-07 01:00:00+00:00,9109.46052519838
2023-05-07 02:00:00+00:00,9153.766459944287
2023-05-07 03:00:00+00:00,9184.822120787281
2023-05-07 04:00:00+00:00,9276.223505234326
2023-05-07 05:00:00+00:00,9191.826546971535
2023-05-07 06:00:00+00:00,8787.644015145821
2023-05-07 07:00:00+00:00,8300.555370496364
2023-05-07 08:00:00+00:00,7929.965015131546
2023-05-07 09:00:00+00:00,7710.771712968093
2023-05-07 10:00:00+00:00,7592.591381513132
2023-05-07 11:00:00+00:00,7570.520595405569
2023-05-07 12:00:00+00:00,7692.620983534264
2023-05-07 13:00:00+00:00,7960.155243225919
2023-05-07 14:00:00+00:00,8336.141494514763
2023-05-07 15:00:00+00:00,8797.839645005657
2023-05-07 16:00:00+00:00,9220.89963593948
2023-05-07 17:00:00+00:00,9404.143859507487
2023-05-07 18:00:00+00:00,9374.42043316131
2023-05-07 19:00:00+00:00,9326.257886448588
2023-05-07 20:00:00+00:00,9233.44498109363
2023-05-07 21:00:00+00:00,9050.267075228261
2023-05-07 22:00:00+00:00,8906.852593665133
2023-05-07 23:00:00+00:00,8785.540463327945
2023-05-08 00:00:00+00:00,8917.221319207789
2023-05-08 01:00:00+00:00,9072.639320911052
2023-05-08 02:00:00+00:00,9221.546182778617
2023-05-08 03:00:00+00:00,9319.81751066141
2023-05-08 04:00:00+00:00,9448.869218407903
2023-05-08 05:00:00+00:00,9297.242938673784
2023-05-08 06:00:00+00:00,8679.238543865506
2023-05-08 07:00:00+00:00,8071.6287744604315
2023-05-08 08:00:00+00:00,7692.07789942067
2023-05-08 09:00:00+00:00,7538.571250480749
2023-05-08 10:00:00+00:00,7467.446874330625
2023-05-08 11:00:00+00:00,7556.075860753934
2023-05-08 12:00:00+00:00,7888.930513000267
2023-05-08 13:00:00+00:00,8656.053551322319
2023-05-08 14:00:00+00:00,9647.07057326077
2023-05-08 15:00:00+00:00,10265.634660368025
2023-05-08 16:00:00+00:00,10368.993409509996
2023-05-08 17:00:00+00:00,10225.53990918704
2023-05-08 18:00:00+00:00,10060.16018013493
2023-05-08 19:00:00+00:00,9930.223717406005
2023-05-08 20:00:00+00:00,9862.877966343813
2023-05-08 21:00:00+00:00,9718.877986476875
2023-05-08 22:00:00+00:00,9618.720042146497
2023-05-08 23:00:00+00:00,9554.431772448126
2023-05-09 00:00:00+00:00,9583.275593213024
2023-05-09 01:00:00+00:00,9767.755373234291
2023-05-09 02:00:00+00:00,9820.806040083053
2023-05-09 03:00:00+00:00,9824.820590636138
2023-05-09 04:00:00+00:00,9866.371292357167
2023-05-09 05:00:00+00:00,9631.206785533783
2023-05-09 06:00:00+00:00,8971.071480449029
2023-05-09 07:00:00+00:00,8328.418139512238
2023-05-09 08:00:00+00:00,7934.7412794048605
2023-05-09 09:00:00+00:00,7740.491730324853
2023-05-09 10:00:00+00:00,7651.360727118687
2023-05-09 11:00:00+00:00,7700.605749097311
2023-05-09 12:00:00+00:00,8004.790626658311
2023-05-09 13:00:00+00:00,8693.10698567053
2023-05-09 14:00:00+00:00,9640.53759584701
2023-05-09 15:00:00+00:00,10189.448233582407
2023-05-09 16:00:00+00:00,10227.838852046363
2023-05-09 17:00:00+00:00,10099.858386369873
2023-05-09 18:00:00+00:00,9947.367899943532
2023-05-09 19:00:00+00:00,9825.99624182114
2023-05-09 20:00:00+00:00,9680.963712205961
2023-05-09 21:00:00+00:00,9518.802364603684
2023-05-09 22:00:00+00:00,9382.456302500163
2023-05-09 23:00:00+00:00,9345.424311805906
2023-05-10 00:00:00+00:00,9429.312277409916
2023-05-10 01:00:00+00:00,9605.68478581693
2023-05-10 02:00:00+00:00,9630.701700783324
2023-05-10 03:00:00+00:00,9631.518965945463
2023-05-10 04:00:00+00:00,9666.416236041521
2023-05-10 05:00:00+00:00,9496.808590582434
2023-05-10 06:00:00+00:00,8875.525315125084
2023-05-10 07:00:00+00:00,8243.086211132406
2023-05-10 08:00:00+00:00,7827.349907374131
2023-05-10 09:00:00+00:00,7638.672476928512
2023-05-10 10:00:00+00:00,7601.967306674641
2023-05-10 11:00:00+00:00,7720.658621492199
2023-05-10 12:00:00+00:00,8025.407388409711
2023-05-10 13:00:00+00:00,8751.008421676992
2023-05-10 14:00:00+00:00,9666.50557154809
2023-05-10 15:00:00+00:00,10137.237239022143
2023-05-10 16:00:00+00:00,10086.24570975585
2023-05-10 17:00:00+00:00,9916.868685001333
2023-05-10 18:00:00+00:00,9756.0087610549
2023-05-10 19:00:00+00:00,9653.536763419705
2023-05-10 20:00:00+00:00,9645.700057083528
2023-05-10 21:00:00+00:00,9576.684376815689
2023-05-10 22:00:00+00:00,9556.229085336747
2023-05-10 23:00:00+00:00,9583.18812257701
2023-05-11 00:00:00+00:00,9608.740056709761
2023-05-11 01:00:00+00:00,9755.144850141032
2023-05-11 02:00:00+00:00,9742.552364165951
2023-05-11 03:00:00+00:00,9692.591202436897
2023-05-11 04:00:00+00:00,9700.144291802266
2023-05-11 05:00:00+00:00,9460.50910060569
2023-05-11 06:00:00+00:00,8813.161590608932
2023-05-11 07:00:00+00:00,8114.889569475402
2023-05-11 08:00:00+00:00,7674.118244610014
2023-05-11 09:00:00+00:00,7426.4239200794855
2023-05-11 10:00:00+00:00,7325.313164458026
2023-05-11 11:00:00+00:00,7365.733470111182
2023-05-11 12:00:00+00:00,7627.68585688541
2023-05-11 13:00:00+00:00,8285.669100594228
2023-05-11 14:00:00+00:00,9131.164868527761
2023-05-11 15:00:00+00:00,9689.00489230876
2023-05-11 16:00:00+00:00,9776.18379360053
2023-05-11 17:00:00+00:00,9757.249379862165
2023-05-11 18:00:00+00:00,9713.5045088888
2023-05-11 19:00:00+00:00,9684.530809282565
2023-05-11 20:00:00+00:00,9708.155956994775
2023-05-11 21:00:00+00:00,9713.240970958617
2023-05-11 22:00:00+00:00,9701.456437731831
2023-05-11 23:00:00+00:00,9760.103801897552
2023-05-12 00:00:00+00:00,9882.191354012934
2023-05-12 01:00:00+00:00,10004.040036050847
2023-05-12 02:00:00+00:00,9913.341344440467
2023-05-12 03:00:00+00:00,9795.331510841283
2023-05-12 04:00:00+00:00,9735.340858113257
2023-05-12 05:00:00+00:00,9522.39309249744
2023-05-12 06:00:00+00:00,8818.758746590387
2023-05-12 07:00:00+00:00,8133.803372138429
2023-05-12 08:00:00+00:00,7673.960803523015
2023-05-12 09:00:00+00:00,7395.206895118111
2023-05-12 10:00:00+00:00,7236.939700144365
2023-05-12 11:00:00+00:00,7264.8296296797
2023-05-12 12:00:00+00:00,7477.4986054724195
2023-05-12 13:00:00+00:00,8031.653082355609
2023-05-12 14:00:00+00:00,8815.838488384175
2023-05-12 15:00:00+00:00,9393.772977050483
2023-05-12 16:00:00+00:00,9617.827227230928
2023-05-12 17:00:00+00:00,9720.328864710178
2023-05-12 18:00:00+00:00,9779.824484062996
2023-05-12 19:00:00+00:00,9874.590852021747
2023-05-12 20:00:00+00:00,9963.382342906596
2023-05-12 21:00:00+00:00,10056.085421972146
2023-05-12 22:00:00+00:00,10147.742995334116
2023-05-12 23:00:00+00:00,10280.651265643668
2023-05-13 00:00:00+00:00,10417.143675639925
2023-05-13 01:00:00+00:00,10504.513576242996
2023-05-13 02:00:00+00:00,10457.656963802203
2023-05-13 03:00:00+00:00,10237.593523314377
2023-05-13 04:00:00+00:00,9996.358271159455
2023-05-13 05:00:00+00:00,9725.91854018632
2023-05-13 06:00:00+00:00,9111.957827936782
2023-05-13 07:00:00+00:00,8400.58791511149
2023-05-13 08:00:00+00:00,7891.6198326042295
2023-05-13 09:00:00+00:00,7508.299808237843
2023-05-13 10:00:00+00:00,7284.455784189644
2023-05-13 11:00:00+00:00,7191.244431314238
2023-05-13 12:00:00+00:00,7208.606386391183
2023-05-13 13:00:00+00:00,7324.332932524183
2023-05-13 14:00:00+00:00,7667.903808607192
2023-05-13 15:00:00+00:00,8141.509299128413
2023-05-13 16:00:00+00:00,8710.004356422929
2023-05-13 17:00:00+00:00,9141.850250197873
2023-05-13 18:00:00+00:00,9369.245722737634
2023-05-13 19:00:00+00:00,9556.547431400613
2023-05-13 20:00:00+00:00,9776.21322503594
2023-05-13 21:00:00+00:00,9920.392025797
2023-05-13 22:00:00+00:00,10128.795554867505
2023-05-13 23:00:00+00:00,10350.295834691391
2023-05-14 00:00:00+00:00,10620.37515091236
2023-05-14 01:00:00+00:00,10744.63770459242
2023-05-14 02:00:00+00:00,10693.834346042771
2023-05-14 03:00:00+00:00,10448.882410485901
2023-05-14 04:00:00+00:00,10169.715800085472
2023-05-14 05:00:00+00:00,9967.49783050522
2023-05-14 06:00:00+00:00,9370.5128025995
2023-05-14 07:00:00+00:00,8637.703526007139
2023-05-14 08:00:00+00:00,8034.750039452141
2023-05-14 09:00:00+00:00,7624.033609252706
2023-05-14 10:00:00+00:00,7347.702054524751
2023-05-14 11:00:00+00:00,7185.282369293903
2023-05-14 12:00:00+00:00,7143.682351129955
2023-05-14 13:00:00+00:00,7180.650337766869
2023-05-14 14:00:00+00:00,7456.863914191988
2023-05-14 15:00:00+00:00,8034.117256125534
2023-05-14 16:00:00+00:00,8750.400565932228
2023-05-14 17:00:00+00:00,9337.696113970998
2023-05-14 18:00:00+00:00,9690.64065743173
2023-05-14 19:00:00+00:00,9980.214088116403
2023-05-14 20:00:00+00:00,10248.154995342717
2023-05-14 21:00:00+00:00,10439.572446387283
2023-05-14 22:00:00+00:00,10627.410890396743
2023-05-14 23:00:00+00:00,10846.24840629147
2023-05-15 00:00:00+00:00,11091.013461954897
2023-05-15 01:00:00+00:00,11332.227014115371
2023-05-15 02:00:00+00:00,11371.839529904708
2023-05-15 03:00:00+00:00,11224.024161945204
2023-05-15 04:00:00+00:00,11005.333627092185
2023-05-15 05:00:00+00:00,10710.810506578437
2023-05-15 06:00:00+00:00,9821.284746084111
2023-05-15 07:00:00+00:00,8923.566874769214
2023-05-15 08:00:00+00:00,8254.919600609419
2023-05-15 09:00:00+00:00,7867.27405777959
2023-05-15 10:00:00+00:00,7615.973420469699
2023-05-15 11:00:00+00:00,7550.290413052386
2023-05-15 12:00:00+00:00,7682.396755043073
2023-05-15 13:00:00+00:00,8061.684505628035
2023-05-15 14:00:00+00:00,8796.298291657937
2023-05-15 15:00:00+00:00,9534.060567995366
2023-05-15 16:00:00+00:00,10045.70642118625
2023-05-15 17:00:00+00:00,10448.551818432068
2023-05-15 18:00:00+00:00,10849.095813882848
2023-05-15 19:00:00+00:00,11134.295945392618
2023-05-15 20:00:00+00:00,11496.8880885356
2023-05-15 21:00:00+00:00,11774.61671894843
2023-05-15 22:00:00+00:00,11921.87077965084
2023-05-15 23:00:00+00:00,12081.071370167212
2023-05-16 00:00:00+00:00,12229.78708289797
2023-05-16 01:00:00+00:00,12277.59601850342
2023-05-16 02:00:00+00:00,11974.272761473845
2023-05-16 03:00:00+00:00,11518.09938237794
2023-05-16 04:00:00+00:00,11107.932537757013
2023-05-16 05:00:00+00:00,10883.023897957344
2023-05-16 06:00:00+00:00,9774.7162932526
2023-05-16 07:00:00+00:00,8892.04861065754
2023-05-16 08:00:00+00:00,8312.071611829688
2023-05-16 09:00:00+00:00,7920.447742303597
2023-05-16 10:00:00+00:00,7707.875676892142
2023-05-16 11:00:00+00:00,7563.4068214654
2023-05-16 12:00:00+00:00,7681.682102931962
2023-05-16 13:00:00+00:00,8117.731095885987
2023-05-16 14:00:00+00:00,8792.142380938862
2023-05-16 15:00:00+00:00,9437.990845777778
2023-05-16 16:00:00+00:00,9762.273605544995
2023-05-16 17:00:00+00:00,9946.956897968437
2023-05-16 18:00:00+00:00,10164.848023073577
2023-05-16 19:00:00+00:00,10390.127439928197
2023-05-16 20:00:00+00:00,10658.130048837069
2023-05-16 21:00:00+00:00,10828.119446477009
2023-05-16 22:00:00+00:00,10994.44367716325
2023-05-16 23:00:00+00:00,11146.138661163275
2023-05-17 00:00:00+00:00,11329.281734597353
2023-05-17 01:00:00+00:00,11436.692332849378
2023-05-17 02:00:00+00:00,11330.366915915656
2023-05-17 03:00:00+00:00,11140.069736640768
2023-05-17 04:00:00+00:00,10819.124586183061
2023-05-17 05:00:00+00:00,10484.904156214447
2023-05-17 06:00:00+00:00,9690.702597804135
2023-05-17 07:00:00+00:00,8864.836734016975
2023-05-17 08:00:00+00:00,8243.480054384409
2023-05-17 09:00:00+00:00,7866.2238262741275
2023-05-17 10:00:00+00:00,7671.99247559923
2023-05-17 11:00:00+00:00,7588.497912400997
2023-05-17 12:00:00+00:00,7726.413510474808
2023-05-17 13:00:00+00:00,8130.6140487150515
2023-05-17 14:00:00+00:00,8865.711431103522
2023-05-17 15:00:00+00:00,9504.44376886911
2023-05-17 16:00:00+00:00,9808.415053528703
2023-05-17 17:00:00+00:00,10014.97243014465
2023-05-17 18:00:00+00:00,10215.588047267825
2023-05-17 19:00:00+00:00,10459.322058872533
2023-05-17 20:00:00+00:00,10749.792150765
2023-05-17 21:00:00+00:00,11017.50041834584
2023-05-17 22:00:00+00:00,11235.26762803907
2023-05-17 23:00:00+00:00,11417.882688878333
2023-05-18 00:00:00+00:00,11569.322612302476
2023-05-18 01:00:00+00:00,11694.933045486667
2023-05-18 02:00:00+00:00,11547.332376247576
2023-05-18 03:00:00+00:00,11303.569552070281
2023-05-18 04:00:00+00:00,10980.038770514118
2023-05-18 05:00:00+00:00,10598.174231068346
2023-05-18 06:00:00+00:00,9769.954139973388
2023-05-18 07:00:00+00:00,8940.136614741317
2023-05-18 08:00:00+00:00,8332.332666006361
2023-05-18 09:00:00+00:00,7949.557520329889
2023-05-18 10:00:00+00:00,7679.26298782052
2023-05-18 11:00:00+00:00,7584.283538950641
2023-05-18 12:00:00+00:00,7709.929230688133
2023-05-18 13:00:00+00:00,8165.8142264222815
2023-05-18 14:00:00+00:00,8889.132096499214
2023-05-18 15:00:00+00:00,9460.329717608658
2023-05-18 16:00:00+00:00,9787.380024869184
2023-05-18 17:00:00+00:00,10071.988658022507
2023-05-18 18:00:00+00:00,10293.44332044694
2023-05-18 19:00:00+00:00,10548.582064871684
2023-05-18 20:00:00+00:00,10781.865669921897
2023-05-18 21:00:00+00:00,10970.643690988623
2023-05-18 22:00:00+00:00,11118.786583741317
2023-05-18 23:00:00+00:00,11236.316247980054
2023-05-19 00:00:00+00:00,11442.111468011244
2023-05-19 01:00:00+00:00,11548.124166354075
2023-05-19 02:00:00+00:00,11437.241510202983
2023-05-19 03:00:00+00:00,11156.738046687107
2023-05-19 04:00:00+00:00,10830.948803825706
2023-05-19 05:00:00+00:00,10442.942393740741
2023-05-19 06:00:00+00:00,9642.95805197665
2023-05-19 07:00:00+00:00,8770.793776498267
2023-05-19 08:00:00+00:00,8172.002429391498
2023-05-19 09:00:00+00:00,7766.765750560223
2023-05-19 10:00:00+00:00,7523.747748084268
2023-05-19 11:00:00+00:00,7452.687244062577
2023-05-19 12:00:00+00:00,7600.689715233071
2023-05-19 13:00:00+00:00,8009.214681330193
2023-05-19 14:00:00+00:00,8760.238696277578
2023-05-19 15:00:00+00:00,9327.775520570294
2023-05-19 16:00:00+00:00,9643.90617094911
2023-05-19 17:00:00+00:00,9860.309791324864
2023-05-19 18:00:00+00:00,10050.727656379826
2023-05-19 19:00:00+00:00,10304.418615158076
2023-05-19 20:00:00+00:00,10493.435373496943
2023-05-19 21:00:00+00:00,10673.591443926663
2023-05-19 22:00:00+00:00,10852.467364610746
2023-05-19 23:00:00+00:00,11030.873697764104
2023-05-20 00:00:00+00:00,11253.183515043682
2023-05-20 01:00:00+00:00,11352.50766556755
2023-05-20 02:00:00+00:00,11136.79096227763
2023-05-20 03:00:00+00:00,10769.040318583935
2023-05-20 04:00:00+00:00,10468.481603786684
2023-05-20 05:00:00+00:00,10166.192650246483
2023-05-20 06:00:00+00:00,9530.524098793057
2023-05-20 07:00:00+00:00,8850.176671843376
2023-05-20 08:00:00+00:00,8255.094503843235
2023-05-20 09:00:00+00:00,7871.4400763554395
2023-05-20 10:00:00+00:00,7583.21622737772
2023-05-20 11:00:00+00:00,7458.5216403679315
2023-05-20 12:00:00+00:00,7424.920299871959
2023-05-20 13:00:00+00:00,7498.232070376734
2023-05-20 14:00:00+00:00,7768.22426130024
2023-05-20 15:00:00+00:00,8323.321947070632
2023-05-20 16:00:00+00:00,8923.930098472076
2023-05-20 17:00:00+00:00,9352.933008754051
2023-05-20 18:00:00+00:00,9638.603720640964
2023-05-20 19:00:00+00:00,9890.213255711613
2023-05-20 20:00:00+00:00,10051.472296418617
2023-05-20 21:00:00+00:00,10208.690807841587
2023-05-20 22:00:00+00:00,10350.384289668533
2023-05-20 23:00:00+00:00,10552.350365004751
2023-05-21 00:00:00+00:00,10711.27251923737
2023-05-21 01:00:00+00:00,10802.335079601087
2023-05-21 02:00:00+00:00,10736.21982875746
2023-05-21 03:00:00+00:00,10490.60335076014
2023-05-21 04:00:00+00:00,10195.915544595233
2023-05-21 05:00:00+00:00,9954.334572288228
2023-05-21 06:00:00+00:00,9305.796285778359
2023-05-21 07:00:00+00:00,8618.50765277568
2023-05-21 08:00:00+00:00,8103.688056228549
2023-05-21 09:00:00+00:00,7721.269316553584
2023-05-21 10:00:00+00:00,7504.3482090983825
2023-05-21 11:00:00+00:00,7403.839763231326
2023-05-21 12:00:00+00:00,7400.620569898656
2023-05-21 13:00:00+00:00,7429.3824029056395
2023-05-21 14:00:00+00:00,7620.760675760995
2023-05-21 15:00:00+00:00,7994.091979494298
2023-05-21 16:00:00+00:00,8569.73938548189
2023-05-21 17:00:00+00:00,8952.337459227032
2023-05-21 18:00:00+00:00,9205.290744080792
2023-05-21 19:00:00+00:00,9361.436485964985
2023-05-21 20:00:00+00:00,9463.014574748342
2023-05-21 21:00:00+00:00,9483.78636265052
2023-05-21 22:00:00+00:00,9468.139996800264
2023-05-21 23:00:00+00:00,9538.119804511107
2023-05-22 00:00:00+00:00,9687.024927636334
2023-05-22 01:00:00+00:00,9912.859554358607
2023-05-22 02:00:00+00:00,9874.424390670116
2023-05-22 03:00:00+00:00,9818.771051048283
2023-05-22 04:00:00+00:00,9728.636967318194
2023-05-22 05:00:00+00:00,9505.484469735464
2023-05-22 06:00:00+00:00,8842.819878482796
2023-05-22 07:00:00+00:00,8163.482130435385
2023-05-22 08:00:00+00:00,7610.812257177733
2023-05-22 09:00:00+00:00,7413.9846457981075
2023-05-22 10:00:00+00:00,7298.493166818568
2023-05-22 11:00:00+00:00,7338.867643852619
2023-05-22 12:00:00+00:00,7593.233488073433
2023-05-22 13:00:00+00:00,8181.642739112275
2023-05-22 14:00:00+00:00,9066.571695331593
2023-05-22 15:00:00+00:00,9726.18209146684
2023-05-22 16:00:00+00:00,9938.051488025412
2023-05-22 17:00:00+00:00,10049.366888181996
2023-05-22 18:00:00+00:00,10058.765503957537
2023-05-22 19:00:00+00:00,10034.764380542403
2023-05-22 20:00:00+00:00,10044.661162395838
2023-05-22 21:00:00+00:00,10064.163718457408
2023-05-22 22:00:00+00:00,9972.79984897209
2023-05-22 23:00:00+00:00,9893.21195300343
2023-05-23 00:00:00+00:00,9943.318467308525
2023-05-23 01:00:00+00:00,10079.889550439228
2023-05-23 02:00:00+00:00,10078.952423527824
2023-05-23 03:00:00+00:00,9971.684194768975
2023-05-23 04:00:00+00:00,9906.731844260377
2023-05-23 05:00:00+00:00,9735.327659307586
2023-05-23 06:00:00+00:00,9112.265297008975
2023-05-23 07:00:00+00:00,8439.475679019528
2023-05-23 08:00:00+00:00,8013.190141014083
2023-05-23 09:00:00+00:00,7802.704945129688
2023-05-23 10:00:00+00:00,7708.012342407806
2023-05-23 11:00:00+00:00,7712.079696825259
2023-05-23 12:00:00+00:00,7992.012953976796
2023-05-23 13:00:00+00:00,8573.63267733721
2023-05-23 14:00:00+00:00,9484.393601884498
2023-05-23 15:00:00+00:00,9975.885865091652
2023-05-23 16:00:00+00:00,10009.679403221648
2023-05-23 17:00:00+00:00,10000.91721360789
2023-05-23 18:00:00+00:00,9901.535966130745
2023-05-23 19:00:00+00:00,9867.346158408294
2023-05-23 20:00:00+00:00,9860.976299668433
2023-05-23 21:00:00+00:00,9832.47839067184
2023-05-23 22:00:00+00:00,9788.704256810055
2023-05-23 23:00:00+00:00,9754.911506673247
2023-05-24 00:00:00+00:00,9854.411748011134
2023-05-24 01:00:00+00:00,10020.494243226716
2023-05-24 02:00:00+00:00,10122.579353824967
2023-05-24 03:00:00+00:00,10056.027548756421
2023-05-24 04:00:00+00:00,10011.236621809898
2023-05-24 05:00:00+00:00,9778.205396589667
2023-05-24 06:00:00+00:00,9117.460297197167
2023-05-24 07:00:00+00:00,8461.680184922105
2023-05-24 08:00:00+00:00,7969.882142061843
2023-05-24 09:00:00+00:00,7776.38322809691
2023-05-24 10:00:00+00:00,7661.591220496256
2023-05-24 11:00:00+00:00,7666.030713671328
2023-05-24 12:00:00+00:00,7883.254610083736
2023-05-24 13:00:00+00:00,8448.394156307771
2023-05-24 14:00:00+00:00,9246.429080995571
2023-05-24 15:00:00+00:00,9772.515056582653
2023-05-24 16:00:00+00:00,9862.217040838468
2023-05-24 17:00:00+00:00,9838.943903048197
2023-05-24 18:00:00+00:00,9827.94143520589
2023-05-24 19:00:00+00:00,9833.789241351016
2023-05-24 20:00:00+00:00,9842.691863595768
2023-05-24 21:00:00+00:00,9835.06341050986
2023-05-24 22:00:00+00:00,9827.499497838553
2023-05-24 23:00:00+00:00,9861.39159091655
2023-05-25 00:00:00+00:00,9985.575816466997
2023-05-25 01:00:00+00:00,10226.938689357323
2023-05-25 02:00:00+00:00,10229.7049662278
2023-05-25 03:00:00+00:00,10117.074027440485
2023-05-25 04:00:00+00:00,9964.578996208604
2023-05-25 05:00:00+00:00,9842.863608926249
2023-05-25 06:00:00+00:00,9154.61043051416
2023-05-25 07:00:00+00:00,8459.024342321574
2023-05-25 08:00:00+00:00,7981.163006762239
2023-05-25 09:00:00+00:00,7698.338734000279
2023-05-25 10:00:00+00:00,7558.702400131097
2023-05-25 11:00:00+00:00,7555.866639506044
2023-05-25 12:00:00+00:00,7763.984117063208
2023-05-25 13:00:00+00:00,8274.206901946482
2023-05-25 14:00:00+00:00,9086.35273240565
2023-05-25 15:00:00+00:00,9601.399545475531
2023-05-25 16:00:00+00:00,9791.594052681607
2023-05-25 17:00:00+00:00,9900.958788480228
2023-05-25 18:00:00+00:00,10004.463383447395
2023-05-25 19:00:00+00:00,10054.572490275646
2023-05-25 20:00:00+00:00,10182.426814734927
2023-05-25 21:00:00+00:00,10255.625234953306
2023-05-25 22:00:00+00:00,10321.751498643034
2023-05-25 23:00:00+00:00,10407.796551311121
2023-05-26 00:00:00+00:00,10586.4516062294
2023-05-26 01:00:00+00:00,10701.830747478545
2023-05-26 02:00:00+00:00,10695.595894550323
2023-05-26 03:00:00+00:00,10531.209413107605
2023-05-26 04:00:00+00:00,10339.811716082417
2023-05-26 05:00:00+00:00,10072.359072692416
2023-05-26 06:00:00+00:00,9461.54465079579
2023-05-26 07:00:00+00:00,8693.957426932
2023-05-26 08:00:00+00:00,8088.274804911961
2023-05-26 09:00:00+00:00,7755.174456090226
2023-05-26 10:00:00+00:00,7569.351816974734
2023-05-26 11:00:00+00:00,7507.105382230944
2023-05-26 12:00:00+00:00,7658.174049898098
2023-05-26 13:00:00+00:00,8072.153251407525
2023-05-26 14:00:00+00:00,8728.21642460203
2023-05-26 15:00:00+00:00,9358.28997699116
2023-05-26 16:00:00+00:00,9772.034252167841
2023-05-26 17:00:00+00:00,10067.170009343004
2023-05-26 18:00:00+00:00,10249.327831914907
2023-05-26 19:00:00+00:00,10400.009356121878
2023-05-26 20:00:00+00:00,10518.949562061107
2023-05-26 21:00:00+00:00,10681.230561485221
2023-05-26 22:00:00+00:00,10782.183306037792
2023-05-26 23:00:00+00:00,10953.120295233637
2023-05-27 00:00:00+00:00,11076.791525844408
2023-05-27 01:00:00+00:00,11137.435356572278
2023-05-27 02:00:00+00:00,10911.218849968438
2023-05-27 03:00:00+00:00,10558.370528656536
2023-05-27 04:00:00+00:00,10191.070811440084
2023-05-27 05:00:00+00:00,9896.464561648609
2023-05-27 06:00:00+00:00,9334.500942133847
2023-05-27 07:00:00+00:00,8619.005962413179
2023-05-27 08:00:00+00:00,8048.62773993526
2023-05-27 09:00:00+00:00,7688.345603258711
2023-05-27 10:00:00+00:00,7417.271478373523
2023-05-27 11:00:00+00:00,7343.170376827569
2023-05-27 12:00:00+00:00,7363.920268624437
2023-05-27 13:00:00+00:00,7448.875009999892
2023-05-27 14:00:00+00:00,7635.829344173832
2023-05-27 15:00:00+00:00,8111.502758597223
2023-05-27 16:00:00+00:00,8579.485861413681
2023-05-27 17:00:00+00:00,8992.348725872265
2023-05-27 18:00:00+00:00,9232.444219224177
2023-05-27 19:00:00+00:00,9308.79942292383
2023-05-27 20:00:00+00:00,9358.140943039793
2023-05-27 21:00:00+00:00,9326.410348015357
2023-05-27 22:00:00+00:00,9360.987709860452
2023-05-27 23:00:00+00:00,9411.996341049147
2023-05-28 00:00:00+00:00,9533.987312524194
2023-05-28 01:00:00+00:00,9644.631948734588
2023-05-28 02:00:00+00:00,9609.12033372394
2023-05-28 03:00:00+00:00,9462.09241299556
2023-05-28 04:00:00+00:00,9296.973873255241
2023-05-28 05:00:00+00:00,9199.148877716052
2023-05-28 06:00:00+00:00,8737.495744008302
2023-05-28 07:00:00+00:00,8174.1637901815075
2023-05-28 08:00:00+00:00,7722.8960892453215
2023-05-28 09:00:00+00:00,7435.494610493989
2023-05-28 10:00:00+00:00,7286.758265335679
2023-05-28 11:00:00+00:00,7241.605407944011
2023-05-28 12:00:00+00:00,7259.858288568821
2023-05-28 13:00:00+00:00,7341.925635732056
2023-05-28 14:00:00+00:00,7599.168658669042
2023-05-28 15:00:00+00:00,7995.076335175936
2023-05-28 16:00:00+00:00,8451.27699558296
2023-05-28 17:00:00+00:00,8875.289610323898
2023-05-28 18:00:00+00:00,9069.187906668532
2023-05-28 19:00:00+00:00,9101.354057322918
2023-05-28 20:00:00+00:00,9164.863585086907
2023-05-28 21:00:00+00:00,9174.380819449905
2023-05-28 22:00:00+00:00,9102.011853577487
2023-05-28 23:00:00+00:00,9104.240683408636
2023-05-29 00:00:00+00:00,9244.558240004077
2023-05-29 01:00:00+00:00,9414.728583983488
2023-05-29 02:00:00+00:00,9479.720153032
2023-05-29 03:00:00+00:00,9404.285815604298
2023-05-29 04:00:00+00:00,9265.920130027569
2023-05-29 05:00:00+00:00,9219.266826214527
2023-05-29 06:00:00+00:00,8781.172040689007
2023-05-29 07:00:00+00:00,8154.062809756157
2023-05-29 08:00:00+00:00,7716.402981941105
2023-05-29 09:00:00+00:00,7399.491750325671
2023-05-29 10:00:00+00:00,7242.066870016725
2023-05-29 11:00:00+00:00,7184.3033408550955
2023-05-29 12:00:00+00:00,7290.304536896659
2023-05-29 13:00:00+00:00,7433.514260588064
2023-05-29 14:00:00+00:00,7776.649941394565
2023-05-29 15:00:00+00:00,8236.456630111014
2023-05-29 16:00:00+00:00,8753.749143422827
2023-05-29 17:00:00+00:00,9210.033317991734
2023-05-29 18:00:00+00:00,9538.163706807878
2023-05-29 19:00:00+00:00,9668.866274790309
2023-05-29 20:00:00+00:00,9732.072877599785
2023-05-29 21:00:00+00:00,9729.58561427465
2023-05-29 22:00:00+00:00,9708.633710282827
2023-05-29 23:00:00+00:00,9810.139669045131
2023-05-30 00:00:00+00:00,10020.243029337356
2023-05-30 01:00:00+00:00,10230.569123442467
2023-05-30 02:00:00+00:00,10268.63486097636
2023-05-30 03:00:00+00:00,10139.841513989895
2023-05-30 04:00:00+00:00,9967.698675373807
2023-05-30 05:00:00+00:00,9786.041224419607
2023-05-30 06:00:00+00:00,9113.305218439844
2023-05-30 07:00:00+00:00,8349.45486608554
2023-05-30 08:00:00+00:00,7827.494542980809
2023-05-30 09:00:00+00:00,7535.1834658133575
2023-05-30 10:00:00+00:00,7401.764087800961
2023-05-30 11:00:00+00:00,7424.244884075188
2023-05-30 12:00:00+00:00,7657.825304031601
2023-05-30 13:00:00+00:00,8201.11867087758
2023-05-30 14:00:00+00:00,9033.740413156753
2023-05-30 15:00:00+00:00,9702.47245298914
2023-05-30 16:00:00+00:00,9995.338927104172
2023-05-30 17:00:00+00:00,10118.912549320956
2023-05-30 18:00:00+00:00,10160.632807798094
2023-05-30 19:00:00+00:00,10219.070032118581
2023-05-30 20:00:00+00:00,10213.342832487204
2023-05-30 21:00:00+00:00,10172.325344255978
2023-05-30 22:00:00+00:00,10115.806333520828
2023-05-30 23:00:00+00:00,10094.653991615667
2023-05-31 00:00:00+00:00,10245.558607129202
2023-05-31 01:00:00+00:00,10418.874918691936
2023-05-31 02:00:00+00:00,10413.716390005904
2023-05-31 03:00:00+00:00,10281.972936191924
2023-05-31 04:00:00+00:00,10122.509354757927
2023-05-31 05:00:00+00:00,9964.005411070488
2023-05-31 06:00:00+00:00,9296.985551785794
2023-05-31 07:00:00+00:00,8613.129793391756
2023-05-31 08:00:00+00:00,8095.55521883629
2023-05-31 09:00:00+00:00,7836.6958233979285
2023-05-31 10:00:00+00:00,7717.700970279521
2023-05-31 11:00:00+00:00,7715.024098067444
2023-05-31 12:00:00+00:00,7967.437554972503
2023-05-31 13:00:00+00:00,8544.917936634587
2023-05-31 14:00:00+00:00,9303.606401951216
2023-05-31 15:00:00+00:00,9894.302023565768
2023-05-31 16:00:00+00:00,10029.333869543065
2023-05-31 17:00:00+00:00,10078.288126757267
2023-05-31 18:00:00+00:00,10060.38109577301
2023-05-31 19:00:00+00:00,10019.833889523728
2023-05-31 20:00:00+00:00,9984.99311819949
2023-05-31 21:00:00+00:00,9933.792036911012
2023-05-31 22:00:00+00:00,9846.488854303754
2023-05-31 23:00:00+00:00,9891.345417697084
2023-06-01 00:00:00+00:00,9955.294386104651
2023-06-01 01:00:00+00:00,10113.86585177526
2023-06-01 02:00:00+00:00,10109.012249232892
2023-06-01 03:00:00+00:00,10053.21700610373
2023-06-01 04:00:00+00:00,9942.22095888732
2023-06-01 05:00:00+00:00,9770.714327852898
2023-06-01 06:00:00+00:00,9202.99388148075
2023-06-01 07:00:00+00:00,8465.664254275103
2023-06-01 08:00:00+00:00,7987.755154183247
2023-06-01 09:00:00+00:00,7740.706258405943
2023-06-01 10:00:00+00:00,7602.0492731355025
2023-06-01 11:00:00+00:00,7621.911046809972
2023-06-01 12:00:00+00:00,7876.739998977434
2023-06-01 13:00:00+00:00,8446.731139334413
2023-06-01 14:00:00+00:00,9311.237979432586
2023-06-01 15:00:00+00:00,9871.29648430016
2023-06-01 16:00:00+00:00,9986.932080383222
2023-06-01 17:00:00+00:00,9989.790490077281
2023-06-01 18:00:00+00:00,9935.160241248788
2023-06-01 19:00:00+00:00,9905.8118574243
2023-06-01 20:00:00+00:00,9890.715615189925
2023-06-01 21:00:00+00:00,9847.492212956651
2023-06-01 22:00:00+00:00,9845.447710121292
2023-06-01 23:00:00+00:00,9849.292079829655
2023-06-02 00:00:00+00:00,9967.225045783463
2023-06-02 01:00:00+00:00,10126.974309606896
2023-06-02 02:00:00+00:00,10067.04316333142
2023-06-02 03:00:00+00:00,9988.052022055628
2023-06-02 04:00:00+00:00,9843.745673277912
2023-06-02 05:00:00+00:00,9669.547272938635
2023-06-02 06:00:00+00:00,9047.162364911888
2023-06-02 07:00:00+00:00,8324.626610404264
2023-06-02 08:00:00+00:00,7842.882266639776
2023-06-02 09:00:00+00:00,7577.477890186062
2023-06-02 10:00:00+00:00,7449.3329016945345
2023-06-02 11:00:00+00:00,7459.087384325366
2023-06-02 12:00:00+00:00,7694.334526506878
2023-06-02 13:00:00+00:00,8228.681486431888
2023-06-02 14:00:00+00:00,9058.133267534315
2023-06-02 15:00:00+00:00,9670.029451765766
2023-06-02 16:00:00+00:00,9866.231439981275
2023-06-02 17:00:00+00:00,9905.557193397088
2023-06-02 18:00:00+00:00,9941.910214765247
2023-06-02 19:00:00+00:00,9938.696266421832
2023-06-02 20:00:00+00:00,9956.824124333913
2023-06-02 21:00:00+00:00,10014.02943258167
2023-06-02 22:00:00+00:00,10053.761817383027
2023-06-02 23:00:00+00:00,10084.15961237406
2023-06-03 00:00:00+00:00,10226.622893181746
2023-06-03 01:00:00+00:00,10344.10473718944
2023-06-03 02:00:00+00:00,10263.237715247713
2023-06-03 03:00:00+00:00,10052.300629304838
2023-06-03 04:00:00+00:00,9761.539495610123
2023-06-03 05:00:00+00:00,9580.438135151593
2023-06-03 06:00:00+00:00,9039.699873027577
2023-06-03 07:00:00+00:00,8409.992657217776
2023-06-03 08:00:00+00:00,7863.672610858799
2023-06-03 09:00:00+00:00,7557.667759075617
2023-06-03 10:00:00+00:00,7353.527210514173
2023-06-03 11:00:00+00:00,7326.609994174648
2023-06-03 12:00:00+00:00,7397.360666105211
2023-06-03 13:00:00+00:00,7539.339405778476
2023-06-03 14:00:00+00:00,7938.989542994932
2023-06-03 15:00:00+00:00,8418.599808407898
2023-06-03 16:00:00+00:00,8909.858343721233
2023-06-03 17:00:00+00:00,9207.548963931858
2023-06-03 18:00:00+00:00,9375.618732102575
2023-06-03 19:00:00+00:00,9513.776517530607
2023-06-03 20:00:00+00:00,9530.039592802535
2023-06-03 21:00:00+00:00,9584.349204935683
2023-06-03 22:00:00+00:00,9657.049749146916
2023-06-03 23:00:00+00:00,9775.226857496731
2023-06-04 00:00:00+00:00,9941.538140123135
2023-06-04 01:00:00+00:00,10104.914973170971
2023-06-04 02:00:00+00:00,10058.648805099165
2023-06-04 03:00:00+00:00,9902.266215311669
2023-06-04 04:00:00+00:00,9596.00124090442
2023-06-04 05:00:00+00:00,9403.500140287853
2023-06-04 06:00:00+00:00,8891.299877299723
2023-06-04 07:00:00+00:00,8292.494236046761
2023-06-04 08:00:00+00:00,7777.29805139657
2023-06-04 09:00:00+00:00,7439.034554827562
2023-06-04 10:00:00+00:00,7259.830165395316
2023-06-04 11:00:00+00:00,7165.794647627514
2023-06-04 12:00:00+00:00,7208.320779278678
2023-06-04 13:00:00+00:00,7283.998489500534
2023-06-04 14:00:00+00:00,7578.7229882213105
2023-06-04 15:00:00+00:00,8049.539536503179
2023-06-04 16:00:00+00:00,8591.751460146286
2023-06-04 17:00:00+00:00,9005.040218300726
2023-06-04 18:00:00+00:00,9215.160101313688
2023-06-04 19:00:00+00:00,9416.132452822725
2023-06-04 20:00:00+00:00,9495.348366314609
2023-06-04 21:00:00+00:00,9565.539628435017
2023-06-04 22:00:00+00:00,9623.779760188481
2023-06-04 23:00:00+00:00,9746.650859863199
2023-06-05 00:00:00+00:00,9957.815138400822
2023-06-05 01:00:00+00:00,10141.519802088222
2023-06-05 02:00:00+00:00,10184.770603312161
2023-06-05 03:00:00+00:00,10087.8543030162
2023-06-05 04:00:00+00:00,9864.13623740651
2023-06-05 05:00:00+00:00,9623.603213602528
2023-06-05 06:00:00+00:00,8981.862888729696
2023-06-05 07:00:00+00:00,8203.086889242502
2023-06-05 08:00:00+00:00,7722.894863525477
2023-06-05 09:00:00+00:00,7415.158151589201
2023-06-05 10:00:00+00:00,7329.097825142232
2023-06-05 11:00:00+00:00,7318.13181508738
2023-06-05 12:00:00+00:00,7566.973407831508
2023-06-05 13:00:00+00:00,8070.895880853424
2023-06-05 14:00:00+00:00,8951.768011908742
2023-06-05 15:00:00+00:00,9648.026214890613
2023-06-05 16:00:00+00:00,9925.809702095825
2023-06-05 17:00:00+00:00,10063.744350048713
2023-06-05 18:00:00+00:00,10182.483356945128
2023-06-05 19:00:00+00:00,10320.176773366853
2023-06-05 20:00:00+00:00,10425.333245662068
2023-06-05 21:00:00+00:00,10505.64284455448
2023-06-05 22:00:00+00:00,10579.57319900508
2023-06-05 23:00:00+00:00,10669.101704609382
2023-06-06 00:00:00+00:00,10776.38013565704
2023-06-06 01:00:00+00:00,10976.20004766729
2023-06-06 02:00:00+00:00,10902.941993984008
2023-06-06 03:00:00+00:00,10685.662698004808
2023-06-06 04:00:00+00:00,10357.024257561558
2023-06-06 05:00:00+00:00,10036.488166324716
2023-06-06 06:00:00+00:00,9312.317257818748
2023-06-06 07:00:00+00:00,8516.315575135464
2023-06-06 08:00:00+00:00,7946.671005629472
2023-06-06 09:00:00+00:00,7639.058994738916
2023-06-06 10:00:00+00:00,7441.643731237171
2023-06-06 11:00:00+00:00,7406.867096396047
2023-06-06 12:00:00+00:00,7603.872389990728
2023-06-06 13:00:00+00:00,8066.152443899759
2023-06-06 14:00:00+00:00,8917.01869298217
2023-06-06 15:00:00+00:00,9561.315498608797
2023-06-06 16:00:00+00:00,9864.055211185268
2023-06-06 17:00:00+00:00,10008.974154233747
2023-06-06 18:00:00+00:00,10157.704891826104
2023-06-06 19:00:00+00:00,10378.862948035265
2023-06-06 20:00:00+00:00,10608.67674533511
2023-06-06 21:00:00+00:00,10833.614476681774
2023-06-06 22:00:00+00:00,11008.913653311636
2023-06-06 23:00:00+00:00,11268.474031039223
2023-06-07 00:00:00+00:00,11512.326549709685
2023-06-07 01:00:00+00:00,11747.411999389347
2023-06-07 02:00:00+00:00,11646.896021368053
2023-06-07 03:00:00+00:00,11412.160701551406
2023-06-07 04:00:00+00:00,11030.252555034605
2023-06-07 05:00:00+00:00,10620.492695170193
2023-06-07 06:00:00+00:00,9794.361556650603
2023-06-07 07:00:00+00:00,8890.161830759409
2023-06-07 08:00:00+00:00,8206.381688582136
2023-06-07 09:00:00+00:00,7886.458815023557
2023-06-07 10:00:00+00:00,7613.936840844624
2023-06-07 11:00:00+00:00,7537.820553520593
2023-06-07 12:00:00+00:00,7624.719553499022
2023-06-07 13:00:00+00:00,8015.22733377741
2023-06-07 14:00:00+00:00,8750.280685698666
2023-06-07 15:00:00+00:00,9499.666025707149
2023-06-07 16:00:00+00:00,9873.685444983756
2023-06-07 17:00:00+00:00,10177.169900177618
2023-06-07 18:00:00+00:00,10429.879830109941
2023-06-07 19:00:00+00:00,10699.454692239186
2023-06-07 20:00:00+00:00,10994.459534924194
2023-06-07 21:00:00+00:00,11224.218640839494
2023-06-07 22:00:00+00:00,11473.266604722818
2023-06-07 23:00:00+00:00,11721.483356282914
2023-06-08 00:00:00+00:00,12001.469948655189
2023-06-08 01:00:00+00:00,12178.173964206278
2023-06-08 02:00:00+00:00,12036.633489435655
2023-06-08 03:00:00+00:00,11720.763396399405
2023-06-08 04:00:00+00:00,11285.550910277992
2023-06-08 05:00:00+00:00,10794.675013728334
2023-06-08 06:00:00+00:00,9995.741366142785
2023-06-08 07:00:00+00:00,9095.397934182107
2023-06-08 08:00:00+00:00,8421.19669210055
2023-06-08 09:00:00+00:00,7990.907189010109
2023-06-08 10:00:00+00:00,7717.065904420582
2023-06-08 11:00:00+00:00,7606.951704658162
2023-06-08 12:00:00+00:00,7714.980748530814
2023-06-08 13:00:00+00:00,8108.675948169436
2023-06-08 14:00:00+00:00,8845.689353332164
2023-06-08 15:00:00+00:00,9515.388099096645
2023-06-08 16:00:00+00:00,9815.149569301302
2023-06-08 17:00:00+00:00,10051.024225409641
2023-06-08 18:00:00+00:00,10221.748168834642
2023-06-08 19:00:00+00:00,10363.827339384743
2023-06-08 20:00:00+00:00,10529.600639440047
2023-06-08 21:00:00+00:00,10616.646137086022
2023-06-08 22:00:00+00:00,10639.323897149607
2023-06-08 23:00:00+00:00,10739.773631814549
2023-06-09 00:00:00+00:00,10850.002003049316
2023-06-09 01:00:00+00:00,10897.382645651662
2023-06-09 02:00:00+00:00,10688.502441707562
2023-06-09 03:00:00+00:00,10440.442902470855
2023-06-09 04:00:00+00:00,10258.298343415056
2023-06-09 05:00:00+00:00,10033.280592494759
2023-06-09 06:00:00+00:00,9376.57763375663
2023-06-09 07:00:00+00:00,8598.365836010136
2023-06-09 08:00:00+00:00,8026.165583405089
2023-06-09 09:00:00+00:00,7683.488246611324
2023-06-09 10:00:00+00:00,7470.770326442053
2023-06-09 11:00:00+00:00,7383.171700087712
2023-06-09 12:00:00+00:00,7542.953176649755
2023-06-09 13:00:00+00:00,7918.250090768582
2023-06-09 14:00:00+00:00,8621.265426153384
2023-06-09 15:00:00+00:00,9205.174965045653
2023-06-09 16:00:00+00:00,9516.187080746135
2023-06-09 17:00:00+00:00,9706.88087485388
2023-06-09 18:00:00+00:00,9874.824041063932
2023-06-09 19:00:00+00:00,9973.950992877875
2023-06-09 20:00:00+00:00,10018.659448836757
2023-06-09 21:00:00+00:00,10003.502743580144
2023-06-09 22:00:00+00:00,9906.725442053856
2023-06-09 23:00:00+00:00,9857.948577322935
2023-06-10 00:00:00+00:00,9891.381682078143
2023-06-10 01:00:00+00:00,9944.028858354644
2023-06-10 02:00:00+00:00,9788.327030975533
2023-06-10 03:00:00+00:00,9603.823159070784
2023-06-10 04:00:00+00:00,9463.262337990936
2023-06-10 05:00:00+00:00,9282.492530845528
2023-06-10 06:00:00+00:00,8787.513610087824
2023-06-10 07:00:00+00:00,8216.766970331002
2023-06-10 08:00:00+00:00,7760.497795413991
2023-06-10 09:00:00+00:00,7482.2256533288355
2023-06-10 10:00:00+00:00,7282.308577229086
2023-06-10 11:00:00+00:00,7209.874124127167
2023-06-10 12:00:00+00:00,7198.195755097879
2023-06-10 13:00:00+00:00,7397.814544809228
2023-06-10 14:00:00+00:00,7715.096238471451
2023-06-10 15:00:00+00:00,8274.008237356506
2023-06-10 16:00:00+00:00,8797.201335386948
2023-06-10 17:00:00+00:00,9184.830672396234
2023-06-10 18:00:00+00:00,9372.272878140702
2023-06-10 19:00:00+00:00,9463.797856231018
2023-06-10 20:00:00+00:00,9441.742270892937
2023-06-10 21:00:00+00:00,9384.788503754484
2023-06-10 22:00:00+00:00,9326.160126658177
2023-06-10 23:00:00+00:00,9342.959270759127
2023-06-11 00:00:00+00:00,9375.038406120564
2023-06-11 01:00:00+00:00,9422.854320063045
2023-06-11 02:00:00+00:00,9394.755628722029
2023-06-11 03:00:00+00:00,9273.359119488387
2023-06-11 04:00:00+00:00,9134.237220317133
2023-06-11 05:00:00+00:00,9066.97216447145
2023-06-11 06:00:00+00:00,8703.914027596122
2023-06-11 07:00:00+00:00,8089.1428128122525
2023-06-11 08:00:00+00:00,7662.766125163461
2023-06-11 09:00:00+00:00,7357.085958910727
2023-06-11 10:00:00+00:00,7161.9814608416955
2023-06-11 11:00:00+00:00,7092.236731931982
2023-06-11 12:00:00+00:00,7095.414192432268
2023-06-11 13:00:00+00:00,7196.385760383112
2023-06-11 14:00:00+00:00,7483.40896844835
2023-06-11 15:00:00+00:00,7914.8351985466825
2023-06-11 16:00:00+00:00,8454.540220618745
2023-06-11 17:00:00+00:00,8834.503952208222
2023-06-11 18:00:00+00:00,9078.616286491775
2023-06-11 19:00:00+00:00,9271.751002119521
2023-06-11 20:00:00+00:00,9380.210568422153
2023-06-11 21:00:00+00:00,9445.163489216295
2023-06-11 22:00:00+00:00,9491.189858015308
2023-06-11 23:00:00+00:00,9590.72085089384
2023-06-12 00:00:00+00:00,9778.623709439013
2023-06-12 01:00:00+00:00,9986.75045800157
2023-06-12 02:00:00+00:00,10036.892433740984
2023-06-12 03:00:00+00:00,10016.695958192768
2023-06-12 04:00:00+00:00,9863.412746410047
2023-06-12 05:00:00+00:00,9663.570411170138
2023-06-12 06:00:00+00:00,9090.42350995035
2023-06-12 07:00:00+00:00,8329.084083045544
2023-06-12 08:00:00+00:00,7748.499751105971
2023-06-12 09:00:00+00:00,7405.009704549346
2023-06-12 10:00:00+00:00,7221.961949115097
2023-06-12 11:00:00+00:00,7177.592502582866
2023-06-12 12:00:00+00:00,7380.6386769277315
2023-06-12 13:00:00+00:00,7801.901237080725
2023-06-12 14:00:00+00:00,8615.607326919655
2023-06-12 15:00:00+00:00,9350.560611487652
2023-06-12 16:00:00+00:00,9763.945514477895
2023-06-12 17:00:00+00:00,10116.87647606559
2023-06-12 18:00:00+00:00,10399.86510228491
2023-06-12 19:00:00+00:00,10741.514365672325
2023-06-12 20:00:00+00:00,11058.731578686036
2023-06-12 21:00:00+00:00,11290.711748847145
2023-06-12 22:00:00+00:00,11494.281229135619
2023-06-12 23:00:00+00:00,11750.67506392343
2023-06-13 00:00:00+00:00,12020.22043821093
2023-06-13 01:00:00+00:00,12209.15198732912
2023-06-13 02:00:00+00:00,12107.51426380961
2023-06-13 03:00:00+00:00,11811.60213095055
2023-06-13 04:00:00+00:00,11371.696989321159
2023-06-13 05:00:00+00:00,10978.886286113337
2023-06-13 06:00:00+00:00,10132.076702449765
2023-06-13 07:00:00+00:00,9196.277449156289
2023-06-13 08:00:00+00:00,8503.949369457843
2023-06-13 09:00:00+00:00,8070.99051922045
2023-06-13 10:00:00+00:00,7782.897387742277
2023-06-13 11:00:00+00:00,7669.432176495293
2023-06-13 12:00:00+00:00,7731.973975044977
2023-06-13 13:00:00+00:00,8124.107050969972
2023-06-13 14:00:00+00:00,8856.806152512721
2023-06-13 15:00:00+00:00,9511.992802466364
2023-06-13 16:00:00+00:00,9868.193143255981
2023-06-13 17:00:00+00:00,10109.461435468813
2023-06-13 18:00:00+00:00,10319.261975948557
2023-06-13 19:00:00+00:00,10481.597451121685
2023-06-13 20:00:00+00:00,10595.232538334598
2023-06-13 21:00:00+00:00,10661.209703476736
2023-06-13 22:00:00+00:00,10567.411374288915
2023-06-13 23:00:00+00:00,10539.498120477841
2023-06-14 00:00:00+00:00,10487.15749441224
2023-06-14 01:00:00+00:00,10612.350416437
2023-06-14 02:00:00+00:00,10500.240973558528
2023-06-14 03:00:00+00:00,10328.162678545834
2023-06-14 04:00:00+00:00,10059.202598143143
2023-06-14 05:00:00+00:00,9830.812297186332
2023-06-14 06:00:00+00:00,9155.75851791971
2023-06-14 07:00:00+00:00,8427.58119109977
2023-06-14 08:00:00+00:00,7912.069506101754
2023-06-14 09:00:00+00:00,7648.836656456388
2023-06-14 10:00:00+00:00,7486.0849803764495
2023-06-14 11:00:00+00:00,7445.41206058542
2023-06-14 12:00:00+00:00,7647.242319092649
2023-06-14 13:00:00+00:00,8103.182920909062
2023-06-14 14:00:00+00:00,8793.481397120224
2023-06-14 15:00:00+00:00,9389.192631874965
2023-06-14 16:00:00+00:00,9658.348591535834
2023-06-14 17:00:00+00:00,9763.723660656628
2023-06-14 18:00:00+00:00,9819.797509877211
2023-06-14 19:00:00+00:00,9864.134225058815
2023-06-14 20:00:00+00:00,9862.74119274451
2023-06-14 21:00:00+00:00,9806.126960788568
2023-06-14 22:00:00+00:00,9772.98310247828
2023-06-14 23:00:00+00:00,9770.288588738189
2023-06-15 00:00:00+00:00,9877.019770019244
2023-06-15 01:00:00+00:00,9987.223450961741
2023-06-15 02:00:00+00:00,9976.404010991322
2023-06-15 03:00:00+00:00,9881.955260931036
2023-06-15 04:00:00+00:00,9758.263415342915
2023-06-15 05:00:00+00:00,9618.094003092356
2023-06-15 06:00:00+00:00,9018.818447637288
2023-06-15 07:00:00+00:00,8346.306696607935
2023-06-15 08:00:00+00:00,7837.682197593002
2023-06-15 09:00:00+00:00,7568.725998472608
2023-06-15 10:00:00+00:00,7436.449263239838
2023-06-15 11:00:00+00:00,7442.9157677149515
2023-06-15 12:00:00+00:00,7655.859529878104
2023-06-15 13:00:00+00:00,8153.43354852613
2023-06-15 14:00:00+00:00,8954.813527050068
2023-06-15 15:00:00+00:00,9538.391293386992
2023-06-15 16:00:00+00:00,9725.907102986435
2023-06-15 17:00:00+00:00,9802.591490024219
2023-06-15 18:00:00+00:00,9809.148078268696
2023-06-15 19:00:00+00:00,9860.43165288451
2023-06-15 20:00:00+00:00,9875.625788100202
2023-06-15 21:00:00+00:00,9932.175724029878
2023-06-15 22:00:00+00:00,9963.797869926824
2023-06-15 23:00:00+00:00,10043.886133958282
2023-06-16 00:00:00+00:00,10181.501582920591
2023-06-16 01:00:00+00:00,10349.338398039843
2023-06-16 02:00:00+00:00,10303.666817866047
2023-06-16 03:00:00+00:00,10147.102522700852
2023-06-16 04:00:00+00:00,9922.24706475237
2023-06-16 05:00:00+00:00,9735.350118947676
2023-06-16 06:00:00+00:00,9134.29242482874
2023-06-16 07:00:00+00:00,8398.358344007167
2023-06-16 08:00:00+00:00,7862.935825668206
2023-06-16 09:00:00+00:00,7531.6054883566785
2023-06-16 10:00:00+00:00,7362.707248104651
2023-06-16 11:00:00+00:00,7333.104161931173
2023-06-16 12:00:00+00:00,7479.593283987927
2023-06-16 13:00:00+00:00,7811.649271016239
2023-06-16 14:00:00+00:00,8570.493669321835
2023-06-16 15:00:00+00:00,9244.765341152213
2023-06-16 16:00:00+00:00,9637.34328759378
2023-06-16 17:00:00+00:00,9838.70030746712
2023-06-16 18:00:00+00:00,10039.444276716944
2023-06-16 19:00:00+00:00,10169.708890568114
2023-06-16 20:00:00+00:00,10295.994040116304
2023-06-16 21:00:00+00:00,10367.56126581045
2023-06-16 22:00:00+00:00,10425.795668055694
2023-06-16 23:00:00+00:00,10452.16580170643
2023-06-17 00:00:00+00:00,10501.377590867014
2023-06-17 01:00:00+00:00,10478.620838507677
2023-06-17 02:00:00+00:00,10251.196000838343
2023-06-17 03:00:00+00:00,10018.610593869751
2023-06-17 04:00:00+00:00,9769.30245546891
2023-06-17 05:00:00+00:00,9611.652345506907
2023-06-17 06:00:00+00:00,9110.678083933695
2023-06-17 07:00:00+00:00,8497.757794814637
2023-06-17 08:00:00+00:00,7968.783542803184
2023-06-17 09:00:00+00:00,7626.593129202145
2023-06-17 10:00:00+00:00,7443.571848179108
2023-06-17 11:00:00+00:00,7339.430871104074
2023-06-17 12:00:00+00:00,7340.854235514529
2023-06-17 13:00:00+00:00,7421.263652373262
2023-06-17 14:00:00+00:00,7710.547304434733
2023-06-17 15:00:00+00:00,8187.228948936617
2023-06-17 16:00:00+00:00,8719.507362501565
2023-06-17 17:00:00+00:00,9135.0916409638
2023-06-17 18:00:00+00:00,9326.772529734952
2023-06-17 19:00:00+00:00,9426.331135142711
2023-06-17 20:00:00+00:00,9401.199326941456
2023-06-17 21:00:00+00:00,9357.582675541835
2023-06-17 22:00:00+00:00,9305.625222094746
2023-06-17 23:00:00+00:00,9273.936243860675
2023-06-18 00:00:00+00:00,9296.34698485551
2023-06-18 01:00:00+00:00,9355.262983621133
2023-06-18 02:00:00+00:00,9314.683693535888
2023-06-18 03:00:00+00:00,9197.068497913771
2023-06-18 04:00:00+00:00,9109.321076346969
2023-06-18 05:00:00+00:00,9093.563691208929
2023-06-18 06:00:00+00:00,8683.685072058784
2023-06-18 07:00:00+00:00,8174.354329349677
2023-06-18 08:00:00+00:00,7777.193302198642
2023-06-18 09:00:00+00:00,7494.569204277917
2023-06-18 10:00:00+00:00,7354.421098730503
2023-06-18 11:00:00+00:00,7291.43172558264
2023-06-18 12:00:00+00:00,7371.357868254133
2023-06-18 13:00:00+00:00,7474.625646397315
2023-06-18 14:00:00+00:00,7767.0825216865505
2023-06-18 15:00:00+00:00,8251.695503384703
2023-06-18 16:00:00+00:00,8721.281121452063
2023-06-18 17:00:00+00:00,9019.1693961968
2023-06-18 18:00:00+00:00,9189.81811145478
2023-06-18 19:00:00+00:00,9173.689764347662
2023-06-18 20:00:00+00:00,9139.501389660707
2023-06-18 21:00:00+00:00,9077.494054559933
2023-06-18 22:00:00+00:00,9001.192474192656
2023-06-18 23:00:00+00:00,8965.031523761383
2023-06-19 00:00:00+00:00,8998.329840716662
2023-06-19 01:00:00+00:00,9077.948703281816
2023-06-19 02:00:00+00:00,9095.774821849905
2023-06-19 03:00:00+00:00,9078.912530061965
2023-06-19 04:00:00+00:00,9077.095002411117
2023-06-19 05:00:00+00:00,9059.596331149654
2023-06-19 06:00:00+00:00,8692.341763769538
2023-06-19 07:00:00+00:00,8130.014738217204
2023-06-19 08:00:00+00:00,7728.247658381353
2023-06-19 09:00:00+00:00,7498.307951887474
2023-06-19 10:00:00+00:00,7445.853978093615
2023-06-19 11:00:00+00:00,7475.377304469346
2023-06-19 12:00:00+00:00,7741.3797148627345
2023-06-19 13:00:00+00:00,8240.360316499118
2023-06-19 14:00:00+00:00,8967.042023616132
2023-06-19 15:00:00+00:00,9480.973124665968
2023-06-19 16:00:00+00:00,9817.68906914861
2023-06-19 17:00:00+00:00,10032.191588748212
2023-06-19 18:00:00+00:00,10094.158833680296
2023-06-19 19:00:00+00:00,10116.420025037367
2023-06-19 20:00:00+00:00,10054.313271397918
2023-06-19 21:00:00+00:00,9978.793899326289
2023-06-19 22:00:00+00:00,9901.023370102399
2023-06-19 23:00:00+00:00,9844.569076257023
2023-06-20 00:00:00+00:00,9897.383426063805
2023-06-20 01:00:00+00:00,10053.930117517251
2023-06-20 02:00:00+00:00,10013.960334833702
2023-06-20 03:00:00+00:00,9908.997842931403
2023-06-20 04:00:00+00:00,9832.646061960488
2023-06-20 05:00:00+00:00,9634.784307580669
2023-06-20 06:00:00+00:00,9016.335939371269
2023-06-20 07:00:00+00:00,8389.53010550732
2023-06-20 08:00:00+00:00,7654.1476621949205
2023-06-20 09:00:00+00:00,7397.6407120553795
2023-06-20 10:00:00+00:00,7240.268929287153
2023-06-20 11:00:00+00:00,7259.655916836039
2023-06-20 12:00:00+00:00,7491.479181287414
2023-06-20 13:00:00+00:00,8047.172007402221
2023-06-20 14:00:00+00:00,8863.608347117368
2023-06-20 15:00:00+00:00,9474.382279192909
2023-06-20 16:00:00+00:00,9750.620311247909
2023-06-20 17:00:00+00:00,9829.866285751019
2023-06-20 18:00:00+00:00,9842.983121432786
2023-06-20 19:00:00+00:00,9870.824499778153
2023-06-20 20:00:00+00:00,9789.43021280023
2023-06-20 21:00:00+00:00,9707.899281210202
2023-06-20 22:00:00+00:00,9609.791819587668
2023-06-20 23:00:00+00:00,9520.54423573369
2023-06-21 00:00:00+00:00,9574.855436192609
2023-06-21 01:00:00+00:00,9717.00679177569
2023-06-21 02:00:00+00:00,9658.158064767273
2023-06-21 03:00:00+00:00,9563.665616796192
2023-06-21 04:00:00+00:00,9427.361769589066
2023-06-21 05:00:00+00:00,9300.403812854704
2023-06-21 06:00:00+00:00,8690.222458231907
2023-06-21 07:00:00+00:00,8035.716965986918
2023-06-21 08:00:00+00:00,7603.747598070677
2023-06-21 09:00:00+00:00,7366.378292695025
2023-06-21 10:00:00+00:00,7244.28031393448
2023-06-21 11:00:00+00:00,7249.10054500542
2023-06-21 12:00:00+00:00,7493.2117529460575
2023-06-21 13:00:00+00:00,8049.626144392569
2023-06-21 14:00:00+00:00,8772.233033753279
2023-06-21 15:00:00+00:00,9365.95950175851
2023-06-21 16:00:00+00:00,9596.648984469539
2023-06-21 17:00:00+00:00,9611.621408147515
2023-06-21 18:00:00+00:00,9605.847224985326
2023-06-21 19:00:00+00:00,9816.122383437289
2023-06-21 20:00:00+00:00,9996.068687159868
2023-06-21 21:00:00+00:00,9990.684517596383
2023-06-21 22:00:00+00:00,9983.523413183817
2023-06-21 23:00:00+00:00,10011.890265626926
2023-06-22 00:00:00+00:00,10093.711539088501
2023-06-22 01:00:00+00:00,10181.759324208897
2023-06-22 02:00:00+00:00,10200.072291514754
2023-06-22 03:00:00+00:00,10052.25509074623
2023-06-22 04:00:00+00:00,9860.289038658062
2023-06-22 05:00:00+00:00,9693.354990848546
2023-06-22 06:00:00+00:00,9116.292249543636
2023-06-22 07:00:00+00:00,8389.852054952198
2023-06-22 08:00:00+00:00,7868.611615088337
2023-06-22 09:00:00+00:00,7577.6091086434035
2023-06-22 10:00:00+00:00,7383.906307446103
2023-06-22 11:00:00+00:00,7309.4760256912205
2023-06-22 12:00:00+00:00,7491.7014431045045
2023-06-22 13:00:00+00:00,7945.728195408046
2023-06-22 14:00:00+00:00,8689.00771330576
2023-06-22 15:00:00+00:00,9301.433335912152
2023-06-22 16:00:00+00:00,9602.559281185015
2023-06-22 17:00:00+00:00,9805.607419520251
2023-06-22 18:00:00+00:00,9905.507091114838
2023-06-22 19:00:00+00:00,10077.479293710068
2023-06-22 20:00:00+00:00,10223.224053474607
2023-06-22 21:00:00+00:00,10346.726594568254
2023-06-22 22:00:00+00:00,10474.155332668348
2023-06-22 23:00:00+00:00,10608.304016714992
2023-06-23 00:00:00+00:00,10780.921702768666
2023-06-23 01:00:00+00:00,10927.201869875853
2023-06-23 02:00:00+00:00,10855.03470035656
2023-06-23 03:00:00+00:00,10640.07675880743
2023-06-23 04:00:00+00:00,10336.307218035077
2023-06-23 05:00:00+00:00,10045.379845800942
2023-06-23 06:00:00+00:00,9396.48687184094
2023-06-23 07:00:00+00:00,8646.257484159885
2023-06-23 08:00:00+00:00,8060.919973757379
2023-06-23 09:00:00+00:00,7664.4446144221065
2023-06-23 10:00:00+00:00,7422.091448412908
2023-06-23 11:00:00+00:00,7366.010638437428
2023-06-23 12:00:00+00:00,7490.376007254252
2023-06-23 13:00:00+00:00,7817.944513394728
2023-06-23 14:00:00+00:00,8520.909787029139
2023-06-23 15:00:00+00:00,9205.475637937392
2023-06-23 16:00:00+00:00,9711.409093108108
2023-06-23 17:00:00+00:00,10035.879906296414
2023-06-23 18:00:00+00:00,10272.0873052349
2023-06-23 19:00:00+00:00,10478.741184574865
2023-06-23 20:00:00+00:00,10688.676384736757
2023-06-23 21:00:00+00:00,10892.29229517649
2023-06-23 22:00:00+00:00,11056.968199820963
2023-06-23 23:00:00+00:00,11187.395443787436
2023-06-24 00:00:00+00:00,11302.528397651757
2023-06-24 01:00:00+00:00,11303.066293844187
2023-06-24 02:00:00+00:00,11083.726030220765
2023-06-24 03:00:00+00:00,10713.152020625492
2023-06-24 04:00:00+00:00,10269.76675644591
2023-06-24 05:00:00+00:00,9960.94067297137
2023-06-24 06:00:00+00:00,9362.37253037629
2023-06-24 07:00:00+00:00,8666.281812027666
2023-06-24 08:00:00+00:00,8061.026244520842
2023-06-24 09:00:00+00:00,7670.694800870318
2023-06-24 10:00:00+00:00,7422.2536460027695
2023-06-24 11:00:00+00:00,7291.980037854009
2023-06-24 12:00:00+00:00,7317.812144097828
2023-06-24 13:00:00+00:00,7437.03247576356
2023-06-24 14:00:00+00:00,7765.435681794254
2023-06-24 15:00:00+00:00,8263.009652022902
2023-06-24 16:00:00+00:00,8800.12595792328
2023-06-24 17:00:00+00:00,9198.243977408638
2023-06-24 18:00:00+00:00,9427.36638653839
2023-06-24 19:00:00+00:00,9578.63294971995
2023-06-24 20:00:00+00:00,9644.158952670481
2023-06-24 21:00:00+00:00,9704.543455561605
2023-06-24 22:00:00+00:00,9747.651435444079
2023-06-24 23:00:00+00:00,9856.059892763147
2023-06-25 00:00:00+00:00,10018.592604925268
2023-06-25 01:00:00+00:00,10141.437773986214
2023-06-25 02:00:00+00:00,10070.29138414222
2023-06-25 03:00:00+00:00,9881.62348394406
2023-06-25 04:00:00+00:00,9669.380422854358
2023-06-25 05:00:00+00:00,9452.29145097521
2023-06-25 06:00:00+00:00,9029.236491677819
2023-06-25 07:00:00+00:00,8409.466699574285
2023-06-25 08:00:00+00:00,7876.212265094128
2023-06-25 09:00:00+00:00,7548.228513396773
2023-06-25 10:00:00+00:00,7302.302877070529
2023-06-25 11:00:00+00:00,7210.787955466253
2023-06-25 12:00:00+00:00,7217.015723400208
2023-06-25 13:00:00+00:00,7260.1688697054
2023-06-25 14:00:00+00:00,7541.437476056888
2023-06-25 15:00:00+00:00,8070.503663366946
2023-06-25 16:00:00+00:00,8634.406799081278
2023-06-25 17:00:00+00:00,9076.685095419896
2023-06-25 18:00:00+00:00,9324.674967832596
2023-06-25 19:00:00+00:00,9563.205707390638
2023-06-25 20:00:00+00:00,9723.316834501442
2023-06-25 21:00:00+00:00,9848.521733449492
2023-06-25 22:00:00+00:00,10067.686028884575
2023-06-25 23:00:00+00:00,10262.556330756914
2023-06-26 00:00:00+00:00,10511.624245761152
2023-06-26 01:00:00+00:00,10744.225934660699
2023-06-26 02:00:00+00:00,10764.70205174209
2023-06-26 03:00:00+00:00,10591.787988265894
2023-06-26 04:00:00+00:00,10286.256146581416
2023-06-26 05:00:00+00:00,9995.840555721596
2023-06-26 06:00:00+00:00,9374.939915243192
2023-06-26 07:00:00+00:00,8583.336717043003
2023-06-26 08:00:00+00:00,8022.306350467458
2023-06-26 09:00:00+00:00,7661.036122566124
2023-06-26 10:00:00+00:00,7445.076006415426
2023-06-26 11:00:00+00:00,7398.199791427348
2023-06-26 12:00:00+00:00,7536.311832698762
2023-06-26 13:00:00+00:00,7940.896178638123
2023-06-26 14:00:00+00:00,8606.98472511049
2023-06-26 15:00:00+00:00,9294.032081522255
2023-06-26 16:00:00+00:00,9770.700311953728
2023-06-26 17:00:00+00:00,10040.761975179728
2023-06-26 18:00:00+00:00,10279.862118428584
2023-06-26 19:00:00+00:00,10486.559016139698
2023-06-26 20:00:00+00:00,10707.082097191222
2023-06-26 21:00:00+00:00,10855.106631697192
2023-06-26 22:00:00+00:00,10933.677910765657
2023-06-26 23:00:00+00:00,11047.304868582
2023-06-27 00:00:00+00:00,11224.684029836186
2023-06-27 01:00:00+00:00,11357.199046671527
2023-06-27 02:00:00+00:00,11298.747195139744
2023-06-27 03:00:00+00:00,11032.389246836412
2023-06-27 04:00:00+00:00,10649.157141968883
2023-06-27 05:00:00+00:00,10312.369704296603
2023-06-27 06:00:00+00:00,9665.070944313295
2023-06-27 07:00:00+00:00,8868.71659579974
2023-06-27 08:00:00+00:00,8270.558876890334
2023-06-27 09:00:00+00:00,7904.839635560242
2023-06-27 10:00:00+00:00,7680.119991959778
2023-06-27 11:00:00+00:00,7605.322357683634
2023-06-27 12:00:00+00:00,7739.228518081174
2023-06-27 13:00:00+00:00,8111.887864328653
2023-06-27 14:00:00+00:00,8771.601767029531
2023-06-27 15:00:00+00:00,9358.552608773838
2023-06-27 16:00:00+00:00,9748.873099344795
2023-06-27 17:00:00+00:00,9994.380114925947
2023-06-27 18:00:00+00:00,10198.309924662188
2023-06-27 19:00:00+00:00,10402.391100219354
2023-06-27 20:00:00+00:00,10583.081412981448
2023-06-27 21:00:00+00:00,10721.4243116007
2023-06-27 22:00:00+00:00,10857.672189301837
2023-06-27 23:00:00+00:00,10986.346681116132
2023-06-28 00:00:00+00:00,11180.126242947155
2023-06-28 01:00:00+00:00,11349.320878680872
2023-06-28 02:00:00+00:00,11223.881498442777
2023-06-28 03:00:00+00:00,10965.347456956475
2023-06-28 04:00:00+00:00,10598.155040669068
2023-06-28 05:00:00+00:00,10328.557995812112
2023-06-28 06:00:00+00:00,9732.29758571395
2023-06-28 07:00:00+00:00,8955.179313104165
2023-06-28 08:00:00+00:00,8324.068288919314
2023-06-28 09:00:00+00:00,7950.82513995672
2023-06-28 10:00:00+00:00,7712.263815330505
2023-06-28 11:00:00+00:00,7607.205492799826
2023-06-28 12:00:00+00:00,7741.586323347879
2023-06-28 13:00:00+00:00,8076.3200822876715
2023-06-28 14:00:00+00:00,8680.582627754295
2023-06-28 15:00:00+00:00,9320.084238058575
2023-06-28 16:00:00+00:00,9747.059956013543
2023-06-28 17:00:00+00:00,10046.355361203801
2023-06-28 18:00:00+00:00,10316.779154454684
2023-06-28 19:00:00+00:00,10544.981649461864
2023-06-28 20:00:00+00:00,10835.069307545391
2023-06-28 21:00:00+00:00,11089.253488751914
2023-06-28 22:00:00+00:00,11325.638299513881
2023-06-28 23:00:00+00:00,11547.755534422085
2023-06-29 00:00:00+00:00,11779.437161345573
2023-06-29 01:00:00+00:00,11924.05183000412
2023-06-29 02:00:00+00:00,11816.0427864931
2023-06-29 03:00:00+00:00,11552.45768372083
2023-06-29 04:00:00+00:00,11128.311525136465
2023-06-29 05:00:00+00:00,10713.482224127152
2023-06-29 06:00:00+00:00,9985.130811812334
2023-06-29 07:00:00+00:00,9134.74175615954
2023-06-29 08:00:00+00:00,8486.564812400022
2023-06-29 09:00:00+00:00,8034.23348137111
2023-06-29 10:00:00+00:00,7760.603962041844
2023-06-29 11:00:00+00:00,7659.737665112098
2023-06-29 12:00:00+00:00,7761.926097791675
2023-06-29 13:00:00+00:00,8097.688575853937
2023-06-29 14:00:00+00:00,8746.545189412036
2023-06-29 15:00:00+00:00,9436.56227589278
2023-06-29 16:00:00+00:00,9924.826100367362
2023-06-29 17:00:00+00:00,10321.125736668615
2023-06-29 18:00:00+00:00,10661.180346143208
2023-06-29 19:00:00+00:00,11017.775723499219
2023-06-29 20:00:00+00:00,11354.807233786667
2023-06-29 21:00:00+00:00,11624.389523789532
2023-06-29 22:00:00+00:00,11811.646250991545
2023-06-29 23:00:00+00:00,12089.932770713393
2023-06-30 00:00:00+00:00,12314.264131362603
2023-06-30 01:00:00+00:00,12464.112683430372
2023-06-30 02:00:00+00:00,12264.581959068371
2023-06-30 03:00:00+00:00,11910.087154758256
2023-06-30 04:00:00+00:00,11394.122659862067
2023-06-30 05:00:00+00:00,10939.987900396061
2023-06-30 06:00:00+00:00,10189.344864882407
2023-06-30 07:00:00+00:00,9293.498178385325
2023-06-30 08:00:00+00:00,8613.016237809263
2023-06-30 09:00:00+00:00,8128.910613029391
2023-06-30 10:00:00+00:00,7846.06343018861
2023-06-30 11:00:00+00:00,7696.616102030406
2023-06-30 12:00:00+00:00,7831.1712161280975
2023-06-30 13:00:00+00:00,8113.740579499386
2023-06-30 14:00:00+00:00,8752.199002172993
2023-06-30 15:00:00+00:00,9428.66316808092
2023-06-30 16:00:00+00:00,9987.528625688195
2023-06-30 17:00:00+00:00,10369.047343815151
2023-06-30 18:00:00+00:00,10706.126298258861
2023-06-30 19:00:00+00:00,11005.783405800074
2023-06-30 20:00:00+00:00,11259.454344704262
2023-06-30 21:00:00+00:00,11545.626549773955
2023-06-30 22:00:00+00:00,11789.210523554251
2023-06-30 23:00:00+00:00,11948.142942190405
2023-07-01 00:00:00+00:00,12166.099519022628
2023-07-01 01:00:00+00:00,12252.512782940386
2023-07-01 02:00:00+00:00,12046.718659395352
2023-07-01 03:00:00+00:00,11679.892335735569
2023-07-01 04:00:00+00:00,11131.676170677034
2023-07-01 05:00:00+00:00,10702.02618926102
2023-07-01 06:00:00+00:00,10030.690834931303
2023-07-01 07:00:00+00:00,9229.420364298248
2023-07-01 08:00:00+00:00,8540.68728757883
2023-07-01 09:00:00+00:00,8054.95483640911
2023-07-01 10:00:00+00:00,7768.485400311883
2023-07-01 11:00:00+00:00,7604.262438265972
2023-07-01 12:00:00+00:00,7556.669976573759
2023-07-01 13:00:00+00:00,7570.662362461413
2023-07-01 14:00:00+00:00,7876.191820454799
2023-07-01 15:00:00+00:00,8412.022579397237
2023-07-01 16:00:00+00:00,9013.174460677787
2023-07-01 17:00:00+00:00,9497.094325200413
2023-07-01 18:00:00+00:00,9822.776295860314
2023-07-01 19:00:00+00:00,10059.929176580159
2023-07-01 20:00:00+00:00,10245.72992601539
2023-07-01 21:00:00+00:00,10376.227838036071
2023-07-01 22:00:00+00:00,10523.742986208745
2023-07-01 23:00:00+00:00,10722.500191602161
2023-07-02 00:00:00+00:00,10931.091896968663
2023-07-02 01:00:00+00:00,11076.083548707264
2023-07-02 02:00:00+00:00,11032.460719623155
2023-07-02 03:00:00+00:00,10759.531220071998
2023-07-02 04:00:00+00:00,10330.540402770606
2023-07-02 05:00:00+00:00,9982.625584616984
2023-07-02 06:00:00+00:00,9431.8265594397
2023-07-02 07:00:00+00:00,8752.880971620598
2023-07-02 08:00:00+00:00,8167.991828957637
2023-07-02 09:00:00+00:00,7761.174780091147
2023-07-02 10:00:00+00:00,7477.254842655928
2023-07-02 11:00:00+00:00,7323.485024635896
2023-07-02 12:00:00+00:00,7301.85078048152
2023-07-02 13:00:00+00:00,7333.695194049966
2023-07-02 14:00:00+00:00,7566.574676519287
2023-07-02 15:00:00+00:00,8095.465315328878
2023-07-02 16:00:00+00:00,8702.944044337735
2023-07-02 17:00:00+00:00,9158.620341412343
2023-07-02 18:00:00+00:00,9502.218032036799
2023-07-02 19:00:00+00:00,9739.19032638604
2023-07-02 20:00:00+00:00,9956.671970153173
2023-07-02 21:00:00+00:00,10162.896314345035
2023-07-02 22:00:00+00:00,10334.817672009553
2023-07-02 23:00:00+00:00,10573.286596074218
2023-07-03 00:00:00+00:00,10824.620207115615
2023-07-03 01:00:00+00:00,11031.508513255108
2023-07-03 02:00:00+00:00,11012.620332383087
2023-07-03 03:00:00+00:00,10809.70480336517
2023-07-03 04:00:00+00:00,10418.624744874392
2023-07-03 05:00:00+00:00,10045.576866288338
2023-07-03 06:00:00+00:00,9436.838574620935
2023-07-03 07:00:00+00:00,8639.471576326849
2023-07-03 08:00:00+00:00,8012.11098461219
2023-07-03 09:00:00+00:00,7647.306883448124
2023-07-03 10:00:00+00:00,7418.667698321196
2023-07-03 11:00:00+00:00,7314.9236021851575
2023-07-03 12:00:00+00:00,7382.8067171856865
2023-07-03 13:00:00+00:00,7619.96643886162
2023-07-03 14:00:00+00:00,8129.532150314693
2023-07-03 15:00:00+00:00,8736.055199085999
2023-07-03 16:00:00+00:00,9282.028594969372
2023-07-03 17:00:00+00:00,9706.603016862258
2023-07-03 18:00:00+00:00,10069.821608750259
2023-07-03 19:00:00+00:00,10362.748765147855
2023-07-03 20:00:00+00:00,10633.047525006825
2023-07-03 21:00:00+00:00,10867.733420255603
2023-07-03 22:00:00+00:00,11072.811123680478
2023-07-03 23:00:00+00:00,11262.224449594827
2023-07-04 00:00:00+00:00,11491.766150455149
2023-07-04 01:00:00+00:00,11642.24207731258
2023-07-04 02:00:00+00:00,11470.48224888376
2023-07-04 03:00:00+00:00,11104.348797600263
2023-07-04 04:00:00+00:00,10592.959319354379
2023-07-04 05:00:00+00:00,10233.54907018866
2023-07-04 06:00:00+00:00,9646.76679732639
2023-07-04 07:00:00+00:00,8897.954263348664
2023-07-04 08:00:00+00:00,8217.707544214933
2023-07-04 09:00:00+00:00,7754.323602013224
2023-07-04 10:00:00+00:00,7449.729623294257
2023-07-04 11:00:00+00:00,7291.423196973646
2023-07-04 12:00:00+00:00,7226.452286041421
2023-07-04 13:00:00+00:00,7278.916667350659
2023-07-04 14:00:00+00:00,7558.787246872035
2023-07-04 15:00:00+00:00,8118.573532940314
2023-07-04 16:00:00+00:00,8739.210989344072
2023-07-04 17:00:00+00:00,9336.859764047684
2023-07-04 18:00:00+00:00,9836.501011394748
2023-07-04 19:00:00+00:00,10267.540713870938
2023-07-04 20:00:00+00:00,10642.734330366216
2023-07-04 21:00:00+00:00,10959.079775638607
2023-07-04 22:00:00+00:00,11209.121452592914
2023-07-04 23:00:00+00:00,11440.624091069045
2023-07-05 00:00:00+00:00,11600.24499365118
2023-07-05 01:00:00+00:00,11636.355961682379
2023-07-05 02:00:00+00:00,11443.655925531211
2023-07-05 03:00:00+00:00,11051.724981365003
2023-07-05 04:00:00+00:00,10554.875949189362
2023-07-05 05:00:00+00:00,10076.797172083376
2023-07-05 06:00:00+00:00,9487.76480393626
2023-07-05 07:00:00+00:00,8998.13630434363
2023-07-05 08:00:00+00:00,8375.008164809948
2023-07-05 09:00:00+00:00,7890.3668268686315
2023-07-05 10:00:00+00:00,7592.262618904075
2023-07-05 11:00:00+00:00,7459.381500864161
2023-07-05 12:00:00+00:00,7523.857619883436
2023-07-05 13:00:00+00:00,7758.778412793149
2023-07-05 14:00:00+00:00,8313.01652783745
2023-07-05 15:00:00+00:00,9037.538388751418
2023-07-05 16:00:00+00:00,9649.139467795509
2023-07-05 17:00:00+00:00,10178.187126283377
2023-07-05 18:00:00+00:00,10696.7028315273
2023-07-05 19:00:00+00:00,11171.391752288862
2023-07-05 20:00:00+00:00,11618.034477056033
2023-07-05 21:00:00+00:00,12063.41193553856
2023-07-05 22:00:00+00:00,12384.678915175029
2023-07-05 23:00:00+00:00,12642.9954054982
2023-07-06 00:00:00+00:00,12880.091053815531
2023-07-06 01:00:00+00:00,13017.148168475065
2023-07-06 02:00:00+00:00,12849.493839456645
2023-07-06 03:00:00+00:00,12411.24739556323
2023-07-06 04:00:00+00:00,11953.024048314177
2023-07-06 05:00:00+00:00,11447.012325768774
2023-07-06 06:00:00+00:00,10605.934357100652
2023-07-06 07:00:00+00:00,9628.335018618456
2023-07-06 08:00:00+00:00,8892.501985327262
2023-07-06 09:00:00+00:00,8393.371688490099
2023-07-06 10:00:00+00:00,8055.873313638048
2023-07-06 11:00:00+00:00,7859.744876210375
2023-07-06 12:00:00+00:00,7931.855133279647
2023-07-06 13:00:00+00:00,8153.250645414274
2023-07-06 14:00:00+00:00,8762.600848893158
2023-07-06 15:00:00+00:00,9430.846623797957
2023-07-06 16:00:00+00:00,9961.754310357497
2023-07-06 17:00:00+00:00,10463.230588568566
2023-07-06 18:00:00+00:00,10879.138904514513
2023-07-06 19:00:00+00:00,11316.789105627944
2023-07-06 20:00:00+00:00,11733.640138400884
2023-07-06 21:00:00+00:00,12050.824714985805
2023-07-06 22:00:00+00:00,12351.061352383093
2023-07-06 23:00:00+00:00,12576.579578908108
2023-07-07 00:00:00+00:00,12774.792668375367
2023-07-07 01:00:00+00:00,12903.410400038134
2023-07-07 02:00:00+00:00,12667.98405858455
2023-07-07 03:00:00+00:00,12227.326856470274
2023-07-07 04:00:00+00:00,11672.2077031944
2023-07-07 05:00:00+00:00,11181.406896048977
2023-07-07 06:00:00+00:00,10362.325473073597
2023-07-07 07:00:00+00:00,9428.371068849854
2023-07-07 08:00:00+00:00,8699.372703824993
2023-07-07 09:00:00+00:00,8249.766329533244
2023-07-07 10:00:00+00:00,7933.13425513854
2023-07-07 11:00:00+00:00,7801.661785495471
2023-07-07 12:00:00+00:00,7867.165769949295
2023-07-07 13:00:00+00:00,8139.737722014516
2023-07-07 14:00:00+00:00,8697.695669615487
2023-07-07 15:00:00+00:00,9305.61530320161
2023-07-07 16:00:00+00:00,9775.4653868843
2023-07-07 17:00:00+00:00,10136.178271204364
2023-07-07 18:00:00+00:00,10388.775458634986
2023-07-07 19:00:00+00:00,10652.444439396666
2023-07-07 20:00:00+00:00,10864.272641596399
2023-07-07 21:00:00+00:00,11024.902347865289
2023-07-07 22:00:00+00:00,11197.639969889082
2023-07-07 23:00:00+00:00,11346.317593317815
2023-07-08 00:00:00+00:00,11543.078270665683
2023-07-08 01:00:00+00:00,11699.591999016026
2023-07-08 02:00:00+00:00,11533.566365632085
2023-07-08 03:00:00+00:00,11163.111503663207
2023-07-08 04:00:00+00:00,10704.067469957554
2023-07-08 05:00:00+00:00,10437.984257399221
2023-07-08 06:00:00+00:00,9830.865731682583
2023-07-08 07:00:00+00:00,9105.71515328141
2023-07-08 08:00:00+00:00,8492.623591671338
2023-07-08 09:00:00+00:00,8080.409698845131
2023-07-08 10:00:00+00:00,7775.321059794677
2023-07-08 11:00:00+00:00,7631.948044237188
2023-07-08 12:00:00+00:00,7599.730844297838
2023-07-08 13:00:00+00:00,7674.954927656972
2023-07-08 14:00:00+00:00,7917.449953049139
2023-07-08 15:00:00+00:00,8377.891209273472
2023-07-08 16:00:00+00:00,8881.54048638342
2023-07-08 17:00:00+00:00,9336.664838388995
2023-07-08 18:00:00+00:00,9660.38203339712
2023-07-08 19:00:00+00:00,9915.591019626254
2023-07-08 20:00:00+00:00,10050.108656604692
2023-07-08 21:00:00+00:00,10167.101361712865
2023-07-08 22:00:00+00:00,10292.460289450526
2023-07-08 23:00:00+00:00,10480.274975585593
2023-07-09 00:00:00+00:00,10698.604216916921
2023-07-09 01:00:00+00:00,10903.796961167083
2023-07-09 02:00:00+00:00,10904.057153801268
2023-07-09 03:00:00+00:00,10747.639798422328
2023-07-09 04:00:00+00:00,10366.50757232491
2023-07-09 05:00:00+00:00,10089.89454430714
2023-07-09 06:00:00+00:00,9542.806538668616
2023-07-09 07:00:00+00:00,8873.30104884632
2023-07-09 08:00:00+00:00,8278.454005750316
2023-07-09 09:00:00+00:00,7878.124540649235
2023-07-09 10:00:00+00:00,7609.166005224022
2023-07-09 11:00:00+00:00,7459.575543547236
2023-07-09 12:00:00+00:00,7391.207058429043
2023-07-09 13:00:00+00:00,7387.577880099227
2023-07-09 14:00:00+00:00,7650.772161705582
2023-07-09 15:00:00+00:00,8123.373889725266
2023-07-09 16:00:00+00:00,8710.09205949394
2023-07-09 17:00:00+00:00,9211.00211097654
2023-07-09 18:00:00+00:00,9582.441324723128
2023-07-09 19:00:00+00:00,9876.940256065214
2023-07-09 20:00:00+00:00,10174.650313803906
2023-07-09 21:00:00+00:00,10380.726233757096
2023-07-09 22:00:00+00:00,10602.355021116688
2023-07-09 23:00:00+00:00,10873.603610322738
2023-07-10 00:00:00+00:00,11185.726809586893
2023-07-10 01:00:00+00:00,11454.869777599266
2023-07-10 02:00:00+00:00,11482.725548980232
2023-07-10 03:00:00+00:00,11206.6717684049
2023-07-10 04:00:00+00:00,10804.39896903318
2023-07-10 05:00:00+00:00,10440.242941582512
2023-07-10 06:00:00+00:00,9695.079024719704
2023-07-10 07:00:00+00:00,8916.67805853505
2023-07-10 08:00:00+00:00,8283.058715689682
2023-07-10 09:00:00+00:00,7900.383012546803
2023-07-10 10:00:00+00:00,7677.4822323890085
2023-07-10 11:00:00+00:00,7599.720092142372
2023-07-10 12:00:00+00:00,7726.9551886757945
2023-07-10 13:00:00+00:00,8092.55789822133
2023-07-10 14:00:00+00:00,8669.172502536443
2023-07-10 15:00:00+00:00,9224.589242375949
2023-07-10 16:00:00+00:00,9577.463126387722
2023-07-10 17:00:00+00:00,9812.52534424569
2023-07-10 18:00:00+00:00,10036.600890250924
2023-07-10 19:00:00+00:00,10208.963000134452
2023-07-10 20:00:00+00:00,10388.333840782589
2023-07-10 21:00:00+00:00,10480.960088541658
2023-07-10 22:00:00+00:00,10574.366588829595
2023-07-10 23:00:00+00:00,10574.137887742998
2023-07-11 00:00:00+00:00,10676.445420235837
2023-07-11 01:00:00+00:00,10795.180887896156
2023-07-11 02:00:00+00:00,10745.760376760125
2023-07-11 03:00:00+00:00,10484.799005179651
2023-07-11 04:00:00+00:00,10237.539277423157
2023-07-11 05:00:00+00:00,10017.360609397301
2023-07-11 06:00:00+00:00,9384.793044614207
2023-07-11 07:00:00+00:00,8656.087623462905
2023-07-11 08:00:00+00:00,8135.7260901603395
2023-07-11 09:00:00+00:00,7793.681901268927
2023-07-11 10:00:00+00:00,7558.705018641932
2023-07-11 11:00:00+00:00,7490.809946622954
2023-07-11 12:00:00+00:00,7607.568851906422
2023-07-11 13:00:00+00:00,7970.379479251675
2023-07-11 14:00:00+00:00,8532.14148289494
2023-07-11 15:00:00+00:00,9133.45968444109
2023-07-11 16:00:00+00:00,9531.016149558833
2023-07-11 17:00:00+00:00,9758.563060959272
2023-07-11 18:00:00+00:00,9997.062915969444
2023-07-11 19:00:00+00:00,10279.867332207841
2023-07-11 20:00:00+00:00,10567.628004653601
2023-07-11 21:00:00+00:00,10789.614459717655
2023-07-11 22:00:00+00:00,10982.054288584042
2023-07-11 23:00:00+00:00,11176.825797153426
2023-07-12 00:00:00+00:00,11410.542498144041
2023-07-12 01:00:00+00:00,11662.930676043594
2023-07-12 02:00:00+00:00,11634.230125328526
2023-07-12 03:00:00+00:00,11415.165085288245
2023-07-12 04:00:00+00:00,10989.79439585042
2023-07-12 05:00:00+00:00,10612.610663725842
2023-07-12 06:00:00+00:00,9889.785307115171
2023-07-12 07:00:00+00:00,9035.5082243263
2023-07-12 08:00:00+00:00,8442.319881699852
2023-07-12 09:00:00+00:00,7998.681323723744
2023-07-12 10:00:00+00:00,7706.671515508394
2023-07-12 11:00:00+00:00,7583.939238614004
2023-07-12 12:00:00+00:00,7683.986351413333
2023-07-12 13:00:00+00:00,8051.652828167484
2023-07-12 14:00:00+00:00,8590.171098467645
2023-07-12 15:00:00+00:00,9220.6871520353
2023-07-12 16:00:00+00:00,9648.426418506027
2023-07-12 17:00:00+00:00,9949.9450379883
2023-07-12 18:00:00+00:00,10210.085221535002
2023-07-12 19:00:00+00:00,10484.653897826613
2023-07-12 20:00:00+00:00,10752.066539904234
2023-07-12 21:00:00+00:00,10995.949404283627
2023-07-12 22:00:00+00:00,11258.762323233645
2023-07-12 23:00:00+00:00,11444.700802156158
2023-07-13 00:00:00+00:00,11576.633336050749
2023-07-13 01:00:00+00:00,11699.385401524982
2023-07-13 02:00:00+00:00,11564.718262616761
2023-07-13 03:00:00+00:00,11278.58679159291
2023-07-13 04:00:00+00:00,10883.089619253562
2023-07-13 05:00:00+00:00,10549.781676499106
2023-07-13 06:00:00+00:00,9868.811460856126
2023-07-13 07:00:00+00:00,9034.658447697471
2023-07-13 08:00:00+00:00,8410.659360527985
2023-07-13 09:00:00+00:00,7991.434303473658
2023-07-13 10:00:00+00:00,7718.994048849848
2023-07-13 11:00:00+00:00,7595.112537418414
2023-07-13 12:00:00+00:00,7730.28231119511
2023-07-13 13:00:00+00:00,8057.202539587149
2023-07-13 14:00:00+00:00,8652.944923079809
2023-07-13 15:00:00+00:00,9374.576437734953
2023-07-13 16:00:00+00:00,9865.080231665856
2023-07-13 17:00:00+00:00,10226.716496144632
2023-07-13 18:00:00+00:00,10507.205828017279
2023-07-13 19:00:00+00:00,10788.280515111801
2023-07-13 20:00:00+00:00,11104.852489459854
2023-07-13 21:00:00+00:00,11370.815783401904
2023-07-13 22:00:00+00:00,11584.37094331596
2023-07-13 23:00:00+00:00,11803.964213316154
2023-07-14 00:00:00+00:00,12031.055594599267
2023-07-14 01:00:00+00:00,12191.428611831341
2023-07-14 02:00:00+00:00,12082.732733083309
2023-07-14 03:00:00+00:00,11801.178637250385
2023-07-14 04:00:00+00:00,11342.722178152877
2023-07-14 05:00:00+00:00,10885.358076863482
2023-07-14 06:00:00+00:00,10125.431413293
2023-07-14 07:00:00+00:00,9270.56402941547
2023-07-14 08:00:00+00:00,8583.780608223326
2023-07-14 09:00:00+00:00,8159.041381372131
2023-07-14 10:00:00+00:00,7860.038831269258
2023-07-14 11:00:00+00:00,7698.6097334418955
2023-07-14 12:00:00+00:00,7763.2939767740145
2023-07-14 13:00:00+00:00,8014.260205284044
2023-07-14 14:00:00+00:00,8621.364240700581
2023-07-14 15:00:00+00:00,9360.540071577076
2023-07-14 16:00:00+00:00,9946.273891611683
2023-07-14 17:00:00+00:00,10383.721053835863
2023-07-14 18:00:00+00:00,10769.32326426377
2023-07-14 19:00:00+00:00,11177.44988524575
2023-07-14 20:00:00+00:00,11553.898687291292
2023-07-14 21:00:00+00:00,11889.52609688578
2023-07-14 22:00:00+00:00,12190.886442521383
2023-07-14 23:00:00+00:00,12400.046843251477
2023-07-15 00:00:00+00:00,12667.792672544158
2023-07-15 01:00:00+00:00,12744.22916921753
2023-07-15 02:00:00+00:00,12564.61332987781
2023-07-15 03:00:00+00:00,12214.761079794831
2023-07-15 04:00:00+00:00,11677.186527227068
2023-07-15 05:00:00+00:00,11139.02838760529
2023-07-15 06:00:00+00:00,10353.168262932824
2023-07-15 07:00:00+00:00,9546.247703750907
2023-07-15 08:00:00+00:00,8842.594383978643
2023-07-15 09:00:00+00:00,8339.054242641432
2023-07-15 10:00:00+00:00,7985.509012398645
2023-07-15 11:00:00+00:00,7755.666924402547
2023-07-15 12:00:00+00:00,7693.991696652142
2023-07-15 13:00:00+00:00,7716.442860973107
2023-07-15 14:00:00+00:00,7990.851329107218
2023-07-15 15:00:00+00:00,8585.366634998745
2023-07-15 16:00:00+00:00,9276.96851277905
2023-07-15 17:00:00+00:00,9906.177902304678
2023-07-15 18:00:00+00:00,10432.952190846047
2023-07-15 19:00:00+00:00,10938.067251512957
2023-07-15 20:00:00+00:00,11328.131233861513
2023-07-15 21:00:00+00:00,11700.454357717968
2023-07-15 22:00:00+00:00,12006.422343891703
2023-07-15 23:00:00+00:00,12324.804779263764
2023-07-16 00:00:00+00:00,12566.082134416589
2023-07-16 01:00:00+00:00,12643.371063262717
2023-07-16 02:00:00+00:00,12434.521721818059
2023-07-16 03:00:00+00:00,12022.146215757286
2023-07-16 04:00:00+00:00,11448.381064896654
2023-07-16 05:00:00+00:00,10979.182962901294
2023-07-16 06:00:00+00:00,10305.980359484138
2023-07-16 07:00:00+00:00,9485.051649904999
2023-07-16 08:00:00+00:00,8811.885778456703
2023-07-16 09:00:00+00:00,8352.203032470534
2023-07-16 10:00:00+00:00,8004.087424715078
2023-07-16 11:00:00+00:00,7766.562979297154
2023-07-16 12:00:00+00:00,7673.146910142943
2023-07-16 13:00:00+00:00,7656.214855081645
2023-07-16 14:00:00+00:00,7880.573438189025
2023-07-16 15:00:00+00:00,8450.800819085007
2023-07-16 16:00:00+00:00,9138.554070703194
2023-07-16 17:00:00+00:00,9738.450679904656
2023-07-16 18:00:00+00:00,10233.304797552879
2023-07-16 19:00:00+00:00,10649.15163742425
2023-07-16 20:00:00+00:00,11047.466147473684
2023-07-16 21:00:00+00:00,11356.339938614788
2023-07-16 22:00:00+00:00,11640.206706053654
2023-07-16 23:00:00+00:00,11940.50537224567
2023-07-17 00:00:00+00:00,12220.617207886839
2023-07-17 01:00:00+00:00,12429.164304334303
2023-07-17 02:00:00+00:00,12363.096911258872
2023-07-17 03:00:00+00:00,12048.92049882049
2023-07-17 04:00:00+00:00,11484.707333536493
2023-07-17 05:00:00+00:00,10997.381150306072
2023-07-17 06:00:00+00:00,10188.618781932844
2023-07-17 07:00:00+00:00,9306.675116813834
2023-07-17 08:00:00+00:00,8646.216913476885
2023-07-17 09:00:00+00:00,8216.909498400333
2023-07-17 10:00:00+00:00,7960.219060246063
2023-07-17 11:00:00+00:00,7884.690197699554
2023-07-17 12:00:00+00:00,7991.57696852508
2023-07-17 13:00:00+00:00,8393.693200717233
2023-07-17 14:00:00+00:00,8947.954997141745
2023-07-17 15:00:00+00:00,9525.01072744644
2023-07-17 16:00:00+00:00,9937.029854477893
2023-07-17 17:00:00+00:00,10261.626917096164
2023-07-17 18:00:00+00:00,10550.569553305817
2023-07-17 19:00:00+00:00,10857.268576476557
2023-07-17 20:00:00+00:00,11032.847934574394
2023-07-17 21:00:00+00:00,11224.274719035271
2023-07-17 22:00:00+00:00,11339.14678256516
2023-07-17 23:00:00+00:00,11414.856302739947
2023-07-18 00:00:00+00:00,11532.680835205994
2023-07-18 01:00:00+00:00,11645.599533373319
2023-07-18 02:00:00+00:00,11560.1888955564
2023-07-18 03:00:00+00:00,11242.083174737472
2023-07-18 04:00:00+00:00,10764.274719740366
2023-07-18 05:00:00+00:00,10390.435315136028
2023-07-18 06:00:00+00:00,9688.238148318038
2023-07-18 07:00:00+00:00,8877.996969864304
2023-07-18 08:00:00+00:00,8299.07091079486
2023-07-18 09:00:00+00:00,7911.9745422768765
2023-07-18 10:00:00+00:00,7667.937178927628
2023-07-18 11:00:00+00:00,7559.051969650418
2023-07-18 12:00:00+00:00,7664.353714438368
2023-07-18 13:00:00+00:00,8019.566409854006
2023-07-18 14:00:00+00:00,8626.083116185207
2023-07-18 15:00:00+00:00,9276.532120816028
2023-07-18 16:00:00+00:00,9757.85970544114
2023-07-18 17:00:00+00:00,10094.648809125963
2023-07-18 18:00:00+00:00,10398.879588815505
2023-07-18 19:00:00+00:00,10707.409315492521
2023-07-18 20:00:00+00:00,10988.409118642718
2023-07-18 21:00:00+00:00,11223.731785232541
2023-07-18 22:00:00+00:00,11453.4543390933
2023-07-18 23:00:00+00:00,11696.755111208644
2023-07-19 00:00:00+00:00,11927.37632926923
2023-07-19 01:00:00+00:00,12124.154884400787
2023-07-19 02:00:00+00:00,12043.427819051423
2023-07-19 03:00:00+00:00,11768.590349552682
2023-07-19 04:00:00+00:00,11263.390156073683
2023-07-19 05:00:00+00:00,10799.052520621646
2023-07-19 06:00:00+00:00,10047.486321208438
2023-07-19 07:00:00+00:00,9161.83948730256
2023-07-19 08:00:00+00:00,8538.061005023765
2023-07-19 09:00:00+00:00,8116.312083338783
2023-07-19 10:00:00+00:00,7845.228178429569
2023-07-19 11:00:00+00:00,7708.045968942512
2023-07-19 12:00:00+00:00,7816.111397011951
2023-07-19 13:00:00+00:00,8126.069129314897
2023-07-19 14:00:00+00:00,8661.261521815824
2023-07-19 15:00:00+00:00,9360.554127579577
2023-07-19 16:00:00+00:00,9901.5882199592
2023-07-19 17:00:00+00:00,10342.587316290528
2023-07-19 18:00:00+00:00,10715.14286018012
2023-07-19 19:00:00+00:00,11124.282251779467
2023-07-19 20:00:00+00:00,11561.211099050533
2023-07-19 21:00:00+00:00,11989.21095785055
2023-07-19 22:00:00+00:00,12337.083959897871
2023-07-19 23:00:00+00:00,12667.381595755807
2023-07-20 00:00:00+00:00,12978.527415989507
2023-07-20 01:00:00+00:00,13167.962552257713
2023-07-20 02:00:00+00:00,13052.266709469797
2023-07-20 03:00:00+00:00,12694.163879313977
2023-07-20 04:00:00+00:00,12128.555157585168
2023-07-20 05:00:00+00:00,11576.243572013334
2023-07-20 06:00:00+00:00,10676.87978861323
2023-07-20 07:00:00+00:00,9742.112031638282
2023-07-20 08:00:00+00:00,9004.423059652241
2023-07-20 09:00:00+00:00,8483.819187216082
2023-07-20 10:00:00+00:00,8160.9471842306175
2023-07-20 11:00:00+00:00,7981.831245668168
2023-07-20 12:00:00+00:00,8047.917304553226
2023-07-20 13:00:00+00:00,8341.691912948812
2023-07-20 14:00:00+00:00,8899.37202462246
2023-07-20 15:00:00+00:00,9618.50851377252
2023-07-20 16:00:00+00:00,10115.662507329014
2023-07-20 17:00:00+00:00,10589.376487423964
2023-07-20 18:00:00+00:00,10977.891921164142
2023-07-20 19:00:00+00:00,11390.662365742714
2023-07-20 20:00:00+00:00,11812.802687425197
2023-07-20 21:00:00+00:00,12196.40477741135
2023-07-20 22:00:00+00:00,12482.541809459743
2023-07-20 23:00:00+00:00,12725.235579053693
2023-07-21 00:00:00+00:00,12948.54603779052
2023-07-21 01:00:00+00:00,13071.34215092962
2023-07-21 02:00:00+00:00,12945.373299078368
2023-07-21 03:00:00+00:00,12616.842232398738
2023-07-21 04:00:00+00:00,12030.372793344755
2023-07-21 05:00:00+00:00,11500.11176245192
2023-07-21 06:00:00+00:00,10622.3892778118
2023-07-21 07:00:00+00:00,9674.54867515351
2023-07-21 08:00:00+00:00,8968.62799260265
2023-07-21 09:00:00+00:00,8481.616106480365
2023-07-21 10:00:00+00:00,8162.014274389523
2023-07-21 11:00:00+00:00,8007.959510136817
2023-07-21 12:00:00+00:00,8090.8453949829345
2023-07-21 13:00:00+00:00,8366.50433760093
2023-07-21 14:00:00+00:00,8832.008920759787
2023-07-21 15:00:00+00:00,9452.20416280919
2023-07-21 16:00:00+00:00,9936.019880748387
2023-07-21 17:00:00+00:00,10293.165327712932
2023-07-21 18:00:00+00:00,10564.180506363211
2023-07-21 19:00:00+00:00,10850.422660189079
2023-07-21 20:00:00+00:00,11146.97927484422
2023-07-21 21:00:00+00:00,11435.292775613398
2023-07-21 22:00:00+00:00,11730.589309693294
2023-07-21 23:00:00+00:00,12011.078961292062
2023-07-22 00:00:00+00:00,12267.665244132833
2023-07-22 01:00:00+00:00,12447.821358753738
2023-07-22 02:00:00+00:00,12311.389628443949
2023-07-22 03:00:00+00:00,11997.98379404192
2023-07-22 04:00:00+00:00,11463.278290604676
2023-07-22 05:00:00+00:00,11018.969954308657
2023-07-22 06:00:00+00:00,10271.823727066665
2023-07-22 07:00:00+00:00,9478.777645760738
2023-07-22 08:00:00+00:00,8810.642243580196
2023-07-22 09:00:00+00:00,8323.44083019199
2023-07-22 10:00:00+00:00,7954.958675604903
2023-07-22 11:00:00+00:00,7756.84181496245
2023-07-22 12:00:00+00:00,7706.152503135911
2023-07-22 13:00:00+00:00,7729.746028799173
2023-07-22 14:00:00+00:00,7922.436886890102
2023-07-22 15:00:00+00:00,8468.400053394389
2023-07-22 16:00:00+00:00,9129.279874071402
2023-07-22 17:00:00+00:00,9662.903470558815
2023-07-22 18:00:00+00:00,10118.127291621498
2023-07-22 19:00:00+00:00,10502.312696874356
2023-07-22 20:00:00+00:00,10783.434354780788
2023-07-22 21:00:00+00:00,11060.906908545483
2023-07-22 22:00:00+00:00,11334.995275020214
2023-07-22 23:00:00+00:00,11600.738217760678
2023-07-23 00:00:00+00:00,11830.517085283906
2023-07-23 01:00:00+00:00,11956.429398575705
2023-07-23 02:00:00+00:00,11920.028967527902
2023-07-23 03:00:00+00:00,11603.26476765156
2023-07-23 04:00:00+00:00,11092.899535639533
2023-07-23 05:00:00+00:00,10629.066297680514
2023-07-23 06:00:00+00:00,9966.28035474663
2023-07-23 07:00:00+00:00,9212.48238527651
2023-07-23 08:00:00+00:00,8582.772969163325
2023-07-23 09:00:00+00:00,8130.603364114843
2023-07-23 10:00:00+00:00,7791.566692679247
2023-07-23 11:00:00+00:00,7589.702561406255
2023-07-23 12:00:00+00:00,7490.113844187121
2023-07-23 13:00:00+00:00,7483.567449080428
2023-07-23 14:00:00+00:00,7674.271320488338
2023-07-23 15:00:00+00:00,8225.903648855256
2023-07-23 16:00:00+00:00,8875.488762274244
2023-07-23 17:00:00+00:00,9485.394742660266
2023-07-23 18:00:00+00:00,9988.110022974604
2023-07-23 19:00:00+00:00,10413.155444181803
2023-07-23 20:00:00+00:00,10799.49631986155
2023-07-23 21:00:00+00:00,11131.051550949058
2023-07-23 22:00:00+00:00,11412.92651492764
2023-07-23 23:00:00+00:00,11763.841854664668
2023-07-24 00:00:00+00:00,12065.67736232472
2023-07-24 01:00:00+00:00,12281.230662638714
2023-07-24 02:00:00+00:00,12265.945018829121
2023-07-24 03:00:00+00:00,11961.16918344585
2023-07-24 04:00:00+00:00,11430.28508244424
2023-07-24 05:00:00+00:00,10970.373695897459
2023-07-24 06:00:00+00:00,10138.670085232836
2023-07-24 07:00:00+00:00,9280.564472322047
2023-07-24 08:00:00+00:00,8638.874363189885
2023-07-24 09:00:00+00:00,8227.213062430226
2023-07-24 10:00:00+00:00,7960.533435473675
2023-07-24 11:00:00+00:00,7806.100172411195
2023-07-24 12:00:00+00:00,7906.085083133649
2023-07-24 13:00:00+00:00,8256.989303355687
2023-07-24 14:00:00+00:00,8777.527439504336
2023-07-24 15:00:00+00:00,9440.171811690157
2023-07-24 16:00:00+00:00,9878.5937359203
2023-07-24 17:00:00+00:00,10236.345625737607
2023-07-24 18:00:00+00:00,10487.075514049999
2023-07-24 19:00:00+00:00,10767.766680070239
2023-07-24 20:00:00+00:00,10935.668873379742
2023-07-24 21:00:00+00:00,11051.648914741147
2023-07-24 22:00:00+00:00,11085.415337762537
2023-07-24 23:00:00+00:00,11103.966642449748
2023-07-25 00:00:00+00:00,11217.21343261651
2023-07-25 01:00:00+00:00,11258.196818661214
2023-07-25 02:00:00+00:00,11214.522118123094
2023-07-25 03:00:00+00:00,10970.831355149652
2023-07-25 04:00:00+00:00,10656.215916752673
2023-07-25 05:00:00+00:00,10293.264248672851
2023-07-25 06:00:00+00:00,9670.85330833901
2023-07-25 07:00:00+00:00,8966.394337046435
2023-07-25 08:00:00+00:00,8426.956659990326
2023-07-25 09:00:00+00:00,8060.858047656768
2023-07-25 10:00:00+00:00,7851.686988703855
2023-07-25 11:00:00+00:00,7715.01746188009
2023-07-25 12:00:00+00:00,7839.43612549724
2023-07-25 13:00:00+00:00,8237.715132601343
2023-07-25 14:00:00+00:00,8765.44574153118
2023-07-25 15:00:00+00:00,9367.476454931819
2023-07-25 16:00:00+00:00,9797.14715650108
2023-07-25 17:00:00+00:00,10124.614007544667
2023-07-25 18:00:00+00:00,10314.971250817644
2023-07-25 19:00:00+00:00,10540.880712478838
2023-07-25 20:00:00+00:00,10693.368523319263
2023-07-25 21:00:00+00:00,10850.578038663196
2023-07-25 22:00:00+00:00,10982.223678278748
2023-07-25 23:00:00+00:00,11131.47375922095
2023-07-26 00:00:00+00:00,11312.706028010802
2023-07-26 01:00:00+00:00,11392.40561188178
2023-07-26 02:00:00+00:00,11247.60406536326
2023-07-26 03:00:00+00:00,10981.12988217517
2023-07-26 04:00:00+00:00,10557.494384783433
2023-07-26 05:00:00+00:00,10221.059268774645
2023-07-26 06:00:00+00:00,9513.678302149568
2023-07-26 07:00:00+00:00,8795.940246027885
2023-07-26 08:00:00+00:00,8216.347411569686
2023-07-26 09:00:00+00:00,7847.33714337652
2023-07-26 10:00:00+00:00,7618.205113203849
2023-07-26 11:00:00+00:00,7525.9994190520265
2023-07-26 12:00:00+00:00,7684.4231064755995
2023-07-26 13:00:00+00:00,8037.399546811725
2023-07-26 14:00:00+00:00,8605.13629007332
2023-07-26 15:00:00+00:00,9224.146754222194
2023-07-26 16:00:00+00:00,9665.091275441815
2023-07-26 17:00:00+00:00,9958.019933266529
2023-07-26 18:00:00+00:00,10206.109423583272
2023-07-26 19:00:00+00:00,10470.191030861522
2023-07-26 20:00:00+00:00,10681.453700183987
2023-07-26 21:00:00+00:00,10865.700105294956
2023-07-26 22:00:00+00:00,11013.876919897026
2023-07-26 23:00:00+00:00,11186.755494282801
2023-07-27 00:00:00+00:00,11385.93636971061
2023-07-27 01:00:00+00:00,11551.987209237244
2023-07-27 02:00:00+00:00,11465.715863073247
2023-07-27 03:00:00+00:00,11123.952403046615
2023-07-27 04:00:00+00:00,10782.905676475686
2023-07-27 05:00:00+00:00,10446.205771382078
2023-07-27 06:00:00+00:00,9647.157430145615
2023-07-27 07:00:00+00:00,8843.141623587595
2023-07-27 08:00:00+00:00,8258.276724832973
2023-07-27 09:00:00+00:00,7881.939676336014
2023-07-27 10:00:00+00:00,7640.350181868683
2023-07-27 11:00:00+00:00,7559.56783182867
2023-07-27 12:00:00+00:00,7693.481038666483
2023-07-27 13:00:00+00:00,8059.841100877295
2023-07-27 14:00:00+00:00,8580.421417406973
2023-07-27 15:00:00+00:00,9213.527067297638
2023-07-27 16:00:00+00:00,9665.684571120255
2023-07-27 17:00:00+00:00,10023.775046612527
2023-07-27 18:00:00+00:00,10328.800508265289
2023-07-27 19:00:00+00:00,10596.95797062268
2023-07-27 20:00:00+00:00,10896.874131992305
2023-07-27 21:00:00+00:00,11129.692735905166
2023-07-27 22:00:00+00:00,11345.287218504925
2023-07-27 23:00:00+00:00,11565.309611448896
2023-07-28 00:00:00+00:00,11772.283296295329
2023-07-28 01:00:00+00:00,11936.483503071584
2023-07-28 02:00:00+00:00,11785.091909442192
2023-07-28 03:00:00+00:00,11474.514502711223
2023-07-28 04:00:00+00:00,11035.701686616434
2023-07-28 05:00:00+00:00,10675.799243969983
2023-07-28 06:00:00+00:00,9908.212262317329
2023-07-28 07:00:00+00:00,9079.815996627689
2023-07-28 08:00:00+00:00,8463.834308203173
2023-07-28 09:00:00+00:00,8067.721371889392
2023-07-28 10:00:00+00:00,7786.883358334401
2023-07-28 11:00:00+00:00,7626.657262203138
2023-07-28 12:00:00+00:00,7709.295372531189
2023-07-28 13:00:00+00:00,8043.634655941751
2023-07-28 14:00:00+00:00,8521.386680372563
2023-07-28 15:00:00+00:00,9149.040603609043
2023-07-28 16:00:00+00:00,9654.646905225343
2023-07-28 17:00:00+00:00,9993.862009440252
2023-07-28 18:00:00+00:00,10267.982698401293
2023-07-28 19:00:00+00:00,10492.929584551042
2023-07-28 20:00:00+00:00,10776.986738383956
2023-07-28 21:00:00+00:00,10982.447118925895
2023-07-28 22:00:00+00:00,11226.636534993486
2023-07-28 23:00:00+00:00,11482.545051081468
2023-07-29 00:00:00+00:00,11698.83262776995
2023-07-29 01:00:00+00:00,11854.103052186105
2023-07-29 02:00:00+00:00,11695.997077089876
2023-07-29 03:00:00+00:00,11291.015166230549
2023-07-29 04:00:00+00:00,10789.75626431757
2023-07-29 05:00:00+00:00,10406.349239355968
2023-07-29 06:00:00+00:00,9763.12544628765
2023-07-29 07:00:00+00:00,8993.11814979066
2023-07-29 08:00:00+00:00,8396.848378880526
2023-07-29 09:00:00+00:00,7991.034512131543
2023-07-29 10:00:00+00:00,7724.752060049593
2023-07-29 11:00:00+00:00,7549.462521704218
2023-07-29 12:00:00+00:00,7535.858884287935
2023-07-29 13:00:00+00:00,7626.076572681216
2023-07-29 14:00:00+00:00,7797.373507877119
2023-07-29 15:00:00+00:00,8322.762520781687
2023-07-29 16:00:00+00:00,8899.577730826217
2023-07-29 17:00:00+00:00,9411.599577749175
2023-07-29 18:00:00+00:00,9787.205089147119
2023-07-29 19:00:00+00:00,10082.645322299108
2023-07-29 20:00:00+00:00,10270.706987279951
2023-07-29 21:00:00+00:00,10427.100280245088
2023-07-29 22:00:00+00:00,10688.203508330276
2023-07-29 23:00:00+00:00,10885.396759129633
2023-07-30 00:00:00+00:00,11031.254779706718
2023-07-30 01:00:00+00:00,11083.641092550984
2023-07-30 02:00:00+00:00,10958.781889331858
2023-07-30 03:00:00+00:00,10667.403998309353
2023-07-30 04:00:00+00:00,10292.277839043736
2023-07-30 05:00:00+00:00,10053.870501782127
2023-07-30 06:00:00+00:00,9459.446305435971
2023-07-30 07:00:00+00:00,8832.922393898154
2023-07-30 08:00:00+00:00,8255.049763448553
2023-07-30 09:00:00+00:00,7863.895310568175
2023-07-30 10:00:00+00:00,7626.91909389126
2023-07-30 11:00:00+00:00,7489.354327336061
2023-07-30 12:00:00+00:00,7458.4822998153995
2023-07-30 13:00:00+00:00,7504.178269680327
2023-07-30 14:00:00+00:00,7685.10211073396
2023-07-30 15:00:00+00:00,8106.63251951517
2023-07-30 16:00:00+00:00,8677.839796282666
2023-07-30 17:00:00+00:00,9171.957814288982
2023-07-30 18:00:00+00:00,9483.945646612081
2023-07-30 19:00:00+00:00,10002.664440399056
2023-07-30 20:00:00+00:00,10043.242010121707
2023-07-30 21:00:00+00:00,10144.938270837341
2023-07-30 22:00:00+00:00,10392.719066269909
2023-07-30 23:00:00+00:00,10659.696004933448
2023-07-31 00:00:00+00:00,10896.314877027282
2023-07-31 01:00:00+00:00,11161.980290912457
2023-07-31 02:00:00+00:00,11134.872992862236
2023-07-31 03:00:00+00:00,10847.60633884692
2023-07-31 04:00:00+00:00,10508.730206599106
2023-07-31 05:00:00+00:00,10190.32173476521
2023-07-31 06:00:00+00:00,9463.00082035913
2023-07-31 07:00:00+00:00,8711.217909992083
2023-07-31 08:00:00+00:00,8115.286622185217
2023-07-31 09:00:00+00:00,7738.900880403443
2023-07-31 10:00:00+00:00,7526.701693238161
2023-07-31 11:00:00+00:00,7452.525548057471
2023-07-31 12:00:00+00:00,7606.974768596473
2023-07-31 13:00:00+00:00,8000.145853791981
2023-07-31 14:00:00+00:00,8560.622853920087
2023-07-31 15:00:00+00:00,9211.372364469922
2023-07-31 16:00:00+00:00,9718.076676853887
2023-07-31 17:00:00+00:00,10130.193662541888
2023-07-31 18:00:00+00:00,10411.757910629389
2023-07-31 19:00:00+00:00,10728.578808327155
2023-07-31 20:00:00+00:00,11012.67359499518
2023-07-31 21:00:00+00:00,11271.587922534944
2023-07-31 22:00:00+00:00,11466.46326372377
2023-07-31 23:00:00+00:00,11667.987885282953
2023-08-01 00:00:00+00:00,11889.14192160351
2023-08-01 01:00:00+00:00,12124.496838570212
2023-08-01 02:00:00+00:00,11973.174405091844
2023-08-01 03:00:00+00:00,11645.539859352013
2023-08-01 04:00:00+00:00,11139.823379032316
2023-08-01 05:00:00+00:00,10720.0607126164
2023-08-01 06:00:00+00:00,9872.74965066061
2023-08-01 07:00:00+00:00,9078.461558531868
2023-08-01 08:00:00+00:00,8413.625516257502
2023-08-01 09:00:00+00:00,8051.665798559958
2023-08-01 10:00:00+00:00,7798.351136059631
2023-08-01 11:00:00+00:00,7696.105251289087
2023-08-01 12:00:00+00:00,7782.017699194516
2023-08-01 13:00:00+00:00,8122.581174095696
2023-08-01 14:00:00+00:00,8631.879147393412
2023-08-01 15:00:00+00:00,9342.831037790593
2023-08-01 16:00:00+00:00,9826.760001147173
2023-08-01 17:00:00+00:00,10187.98144398525
2023-08-01 18:00:00+00:00,10530.149056837383
2023-08-01 19:00:00+00:00,10879.748904005965
2023-08-01 20:00:00+00:00,11191.82290699007
2023-08-01 21:00:00+00:00,11490.742254754494
2023-08-01 22:00:00+00:00,11745.447171981566
2023-08-01 23:00:00+00:00,12019.764640807374
2023-08-02 00:00:00+00:00,12283.215149937318
2023-08-02 01:00:00+00:00,12454.62832839023
2023-08-02 02:00:00+00:00,12273.531047323177
2023-08-02 03:00:00+00:00,11927.572068369194
2023-08-02 04:00:00+00:00,11405.75649378732
2023-08-02 05:00:00+00:00,10923.897060379035
2023-08-02 06:00:00+00:00,10075.395551377676
2023-08-02 07:00:00+00:00,9246.149270302316
2023-08-02 08:00:00+00:00,8576.73960485105
2023-08-02 09:00:00+00:00,8134.697366306854
2023-08-02 10:00:00+00:00,7838.011332716521
2023-08-02 11:00:00+00:00,7711.072935170052
2023-08-02 12:00:00+00:00,7829.647711669566
2023-08-02 13:00:00+00:00,8175.929170795621
2023-08-02 14:00:00+00:00,8678.530308724448
2023-08-02 15:00:00+00:00,9258.22695042596
2023-08-02 16:00:00+00:00,9739.850164736557
2023-08-02 17:00:00+00:00,10169.054613609282
2023-08-02 18:00:00+00:00,10698.532554234118
2023-08-02 19:00:00+00:00,11034.929128362633
2023-08-02 20:00:00+00:00,11403.99102864498
2023-08-02 21:00:00+00:00,11764.60787795471
2023-08-02 22:00:00+00:00,12067.45148120533
2023-08-02 23:00:00+00:00,12304.052333428885
2023-08-03 00:00:00+00:00,12588.154509838278
2023-08-03 01:00:00+00:00,12717.710714357754
2023-08-03 02:00:00+00:00,12483.924705911582
2023-08-03 03:00:00+00:00,12048.941417873832
2023-08-03 04:00:00+00:00,11528.009215089554
2023-08-03 05:00:00+00:00,11072.863196253598
2023-08-03 06:00:00+00:00,10214.85695158006
2023-08-03 07:00:00+00:00,9361.249101510552
2023-08-03 08:00:00+00:00,8699.930958926494
2023-08-03 09:00:00+00:00,8262.06693251506
2023-08-03 10:00:00+00:00,8003.950298894153
2023-08-03 11:00:00+00:00,7875.669344659621
2023-08-03 12:00:00+00:00,7952.315092120494
2023-08-03 13:00:00+00:00,8277.15036972974
2023-08-03 14:00:00+00:00,8776.862689249616
2023-08-03 15:00:00+00:00,9456.007948235296
2023-08-03 16:00:00+00:00,9975.121182179557
2023-08-03 17:00:00+00:00,10410.682519033391
2023-08-03 18:00:00+00:00,10776.586582477143
2023-08-03 19:00:00+00:00,11144.114913610338
2023-08-03 20:00:00+00:00,11506.495652663456
2023-08-03 21:00:00+00:00,11813.959769768964
2023-08-03 22:00:00+00:00,12117.470535079978
2023-08-03 23:00:00+00:00,12346.003368911497
2023-08-04 00:00:00+00:00,12518.882896700676
2023-08-04 01:00:00+00:00,12644.429491958279
2023-08-04 02:00:00+00:00,12442.20895773379
2023-08-04 03:00:00+00:00,12066.268783523321
2023-08-04 04:00:00+00:00,11563.93223091556
2023-08-04 05:00:00+00:00,11110.39842751644
2023-08-04 06:00:00+00:00,10263.180421436567
2023-08-04 07:00:00+00:00,9441.517248769818
2023-08-04 08:00:00+00:00,8789.42705551598
2023-08-04 09:00:00+00:00,8340.150459668706
2023-08-04 10:00:00+00:00,8036.220215695765
2023-08-04 11:00:00+00:00,7923.404638335029
2023-08-04 12:00:00+00:00,7980.883620627871
2023-08-04 13:00:00+00:00,8298.949642956652
2023-08-04 14:00:00+00:00,8769.763946628815
2023-08-04 15:00:00+00:00,9430.541715965823
2023-08-04 16:00:00+00:00,9999.375062673778
2023-08-04 17:00:00+00:00,10434.615154886142
2023-08-04 18:00:00+00:00,10773.010709596883
2023-08-04 19:00:00+00:00,11068.750867340894
2023-08-04 20:00:00+00:00,11374.569671121031
2023-08-04 21:00:00+00:00,11629.942492072356
2023-08-04 22:00:00+00:00,11794.896452512441
2023-08-04 23:00:00+00:00,12017.926104407952
2023-08-05 00:00:00+00:00,12145.837180802982
2023-08-05 01:00:00+00:00,12195.710334740666
2023-08-05 02:00:00+00:00,11893.419210325927
2023-08-05 03:00:00+00:00,11438.85829231136
2023-08-05 04:00:00+00:00,11057.100336543497
2023-08-05 05:00:00+00:00,10710.234775155264
2023-08-05 06:00:00+00:00,10081.137130116816
2023-08-05 07:00:00+00:00,9341.044303928926
2023-08-05 08:00:00+00:00,8708.592544805691
2023-08-05 09:00:00+00:00,8301.434836538274
2023-08-05 10:00:00+00:00,8015.443903852733
2023-08-05 11:00:00+00:00,7862.023444778966
2023-08-05 12:00:00+00:00,7835.377837811923
2023-08-05 13:00:00+00:00,7929.972009839893
2023-08-05 14:00:00+00:00,8103.147260927791
2023-08-05 15:00:00+00:00,8489.824851552517
2023-08-05 16:00:00+00:00,8967.235638257407
2023-08-05 17:00:00+00:00,9427.878794743625
2023-08-05 18:00:00+00:00,9614.166204421676
2023-08-05 19:00:00+00:00,9825.194437924967
2023-08-05 20:00:00+00:00,9895.316892465607
2023-08-05 21:00:00+00:00,9960.242343692655
2023-08-05 22:00:00+00:00,10034.55330290406
2023-08-05 23:00:00+00:00,10115.293191322071
2023-08-06 00:00:00+00:00,10249.606952600112
2023-08-06 01:00:00+00:00,10360.336061510523
2023-08-06 02:00:00+00:00,10261.6422861731
2023-08-06 03:00:00+00:00,10087.41264259582
2023-08-06 04:00:00+00:00,9990.930829471088
2023-08-06 05:00:00+00:00,9761.088927648785
2023-08-06 06:00:00+00:00,9286.253625765985
2023-08-06 07:00:00+00:00,8729.358286973129
2023-08-06 08:00:00+00:00,8280.888783729977
2023-08-06 09:00:00+00:00,7894.426865984254
2023-08-06 10:00:00+00:00,7671.71683706173
2023-08-06 11:00:00+00:00,7562.716850417482
2023-08-06 12:00:00+00:00,7534.008640700039
2023-08-06 13:00:00+00:00,7601.3315646860365
2023-08-06 14:00:00+00:00,7756.7996785266805
2023-08-06 15:00:00+00:00,8160.538139223497
2023-08-06 16:00:00+00:00,8686.752666521328
2023-08-06 17:00:00+00:00,9161.183514457627
2023-08-06 18:00:00+00:00,9479.110963221505
2023-08-06 19:00:00+00:00,9750.393815391453
2023-08-06 20:00:00+00:00,9972.279065773902
2023-08-06 21:00:00+00:00,10162.700351586682
2023-08-06 22:00:00+00:00,10327.170289965334
2023-08-06 23:00:00+00:00,10575.128766375477
2023-08-07 00:00:00+00:00,10874.466908659488
2023-08-07 01:00:00+00:00,11092.91110435405
2023-08-07 02:00:00+00:00,11089.763671854193
2023-08-07 03:00:00+00:00,10845.849375164746
2023-08-07 04:00:00+00:00,10625.732487236692
2023-08-07 05:00:00+00:00,10347.430790487499
2023-08-07 06:00:00+00:00,9594.934703375084
2023-08-07 07:00:00+00:00,8856.762740703278
2023-08-07 08:00:00+00:00,8332.465897037788
2023-08-07 09:00:00+00:00,7975.149798984318
2023-08-07 10:00:00+00:00,7761.789893258194
2023-08-07 11:00:00+00:00,7699.187376120055
2023-08-07 12:00:00+00:00,7863.3740806052465
2023-08-07 13:00:00+00:00,8280.856268109377
2023-08-07 14:00:00+00:00,8817.286870708664
2023-08-07 15:00:00+00:00,9392.773283188035
2023-08-07 16:00:00+00:00,9791.490600759786
2023-08-07 17:00:00+00:00,10032.823390936244
2023-08-07 18:00:00+00:00,10256.619975855765
2023-08-07 19:00:00+00:00,10448.229682064866
2023-08-07 20:00:00+00:00,10635.814339616467
2023-08-07 21:00:00+00:00,10854.78738136943
2023-08-07 22:00:00+00:00,10991.970891608005
2023-08-07 23:00:00+00:00,11199.410862613488
2023-08-08 00:00:00+00:00,11448.422104868954
2023-08-08 01:00:00+00:00,11665.751875628219
2023-08-08 02:00:00+00:00,11591.321627599093
2023-08-08 03:00:00+00:00,11321.594288877739
2023-08-08 04:00:00+00:00,10958.916618458541
2023-08-08 05:00:00+00:00,10528.532838741856
2023-08-08 06:00:00+00:00,9691.741523496576
2023-08-08 07:00:00+00:00,8909.64268355127
2023-08-08 08:00:00+00:00,8340.467727432093
2023-08-08 09:00:00+00:00,7931.118862781934
2023-08-08 10:00:00+00:00,7708.962643992128
2023-08-08 11:00:00+00:00,7594.736434205198
2023-08-08 12:00:00+00:00,7737.325731118739
2023-08-08 13:00:00+00:00,8146.43774716158
2023-08-08 14:00:00+00:00,8686.267941579283
2023-08-08 15:00:00+00:00,9223.994512427227
2023-08-08 16:00:00+00:00,9627.515938507151
2023-08-08 17:00:00+00:00,9949.992330163212
2023-08-08 18:00:00+00:00,10252.980161346943
2023-08-08 19:00:00+00:00,10556.47801007491
2023-08-08 20:00:00+00:00,10875.448586688255
2023-08-08 21:00:00+00:00,11148.258542848855
2023-08-08 22:00:00+00:00,11417.071007341863
2023-08-08 23:00:00+00:00,11655.17394688636
2023-08-09 00:00:00+00:00,11925.676084643797
2023-08-09 01:00:00+00:00,12103.050909109154
2023-08-09 02:00:00+00:00,11992.822524547139
2023-08-09 03:00:00+00:00,11647.487581212017
2023-08-09 04:00:00+00:00,11217.57215515061
2023-08-09 05:00:00+00:00,10742.033696596558
2023-08-09 06:00:00+00:00,9898.3215145668
2023-08-09 07:00:00+00:00,9123.675717252016
2023-08-09 08:00:00+00:00,8481.290135251385
2023-08-09 09:00:00+00:00,8111.635117629485
2023-08-09 10:00:00+00:00,7873.412359653516
2023-08-09 11:00:00+00:00,7772.041196560382
2023-08-09 12:00:00+00:00,7934.050109511719
2023-08-09 13:00:00+00:00,8304.398357346045
2023-08-09 14:00:00+00:00,8861.943857783652
2023-08-09 15:00:00+00:00,9379.603546584387
2023-08-09 16:00:00+00:00,9753.211031837465
2023-08-09 17:00:00+00:00,10064.973911526093
2023-08-09 18:00:00+00:00,10289.364849400945
2023-08-09 19:00:00+00:00,10523.342007478259
2023-08-09 20:00:00+00:00,10787.336359903486
2023-08-09 21:00:00+00:00,10885.36982267103
2023-08-09 22:00:00+00:00,11065.698378885745
2023-08-09 23:00:00+00:00,11241.813738140445
2023-08-10 00:00:00+00:00,11453.284300091598
2023-08-10 01:00:00+00:00,11560.404267660166
2023-08-10 02:00:00+00:00,11358.405490213181
2023-08-10 03:00:00+00:00,11002.062890580228
2023-08-10 04:00:00+00:00,10725.491372702225
2023-08-10 05:00:00+00:00,10342.972817925913
2023-08-10 06:00:00+00:00,9605.330733027316
2023-08-10 07:00:00+00:00,8866.759491915733
2023-08-10 08:00:00+00:00,8326.986668443777
2023-08-10 09:00:00+00:00,7955.505579233747
2023-08-10 10:00:00+00:00,7759.733583283194
2023-08-10 11:00:00+00:00,7682.048420677375
2023-08-10 12:00:00+00:00,7791.469175763745
2023-08-10 13:00:00+00:00,8183.519566703803
2023-08-10 14:00:00+00:00,8750.126978866263
2023-08-10 15:00:00+00:00,9276.944308786946
2023-08-10 16:00:00+00:00,9686.812445973224
2023-08-10 17:00:00+00:00,10015.112544218748
2023-08-10 18:00:00+00:00,10226.665312285739
2023-08-10 19:00:00+00:00,10482.996627869119
2023-08-10 20:00:00+00:00,10685.555863949117
2023-08-10 21:00:00+00:00,10807.606083041293
2023-08-10 22:00:00+00:00,10932.221035996106
2023-08-10 23:00:00+00:00,11070.81951960249
2023-08-11 00:00:00+00:00,11205.566536051325
2023-08-11 01:00:00+00:00,11309.682532394574
2023-08-11 02:00:00+00:00,11204.693997801973
2023-08-11 03:00:00+00:00,10898.140268463167
2023-08-11 04:00:00+00:00,10612.73358415969
2023-08-11 05:00:00+00:00,10279.571378660421
2023-08-11 06:00:00+00:00,9568.88510108685
2023-08-11 07:00:00+00:00,8858.505024857184
2023-08-11 08:00:00+00:00,8254.012026643322
2023-08-11 09:00:00+00:00,7878.997445845791
2023-08-11 10:00:00+00:00,7635.0963040489105
2023-08-11 11:00:00+00:00,7531.900143350964
2023-08-11 12:00:00+00:00,7646.438145921651
2023-08-11 13:00:00+00:00,8005.337934922135
2023-08-11 14:00:00+00:00,8503.271438462403
2023-08-11 15:00:00+00:00,9096.902140357572
2023-08-11 16:00:00+00:00,9601.402567438605
2023-08-11 17:00:00+00:00,9988.445679837814
2023-08-11 18:00:00+00:00,10324.996114776197
2023-08-11 19:00:00+00:00,10609.484089829255
2023-08-11 20:00:00+00:00,10882.55227580921
2023-08-11 21:00:00+00:00,11112.078440739642
2023-08-11 22:00:00+00:00,11284.164755333935
2023-08-11 23:00:00+00:00,11541.372350087371
2023-08-12 00:00:00+00:00,11736.10581848054
2023-08-12 01:00:00+00:00,11839.603891059945
2023-08-12 02:00:00+00:00,11638.635617160495
2023-08-12 03:00:00+00:00,11261.405485464702
2023-08-12 04:00:00+00:00,10860.98094740128
2023-08-12 05:00:00+00:00,10441.294966207648
2023-08-12 06:00:00+00:00,9738.040750480703
2023-08-12 07:00:00+00:00,8987.993407009355
2023-08-12 08:00:00+00:00,8402.660025748439
2023-08-12 09:00:00+00:00,7996.31665587708
2023-08-12 10:00:00+00:00,7735.533437528148
2023-08-12 11:00:00+00:00,7538.944480375085
2023-08-12 12:00:00+00:00,7490.733261543944
2023-08-12 13:00:00+00:00,7644.726809965744
2023-08-12 14:00:00+00:00,7821.144276093323
2023-08-12 15:00:00+00:00,8325.411663609546
2023-08-12 16:00:00+00:00,8944.891591056445
2023-08-12 17:00:00+00:00,9446.661591644048
2023-08-12 18:00:00+00:00,9867.532966253359
2023-08-12 19:00:00+00:00,10208.974940457547
2023-08-12 20:00:00+00:00,10499.682652829915
2023-08-12 21:00:00+00:00,10771.982012151608
2023-08-12 22:00:00+00:00,11040.477554960955
2023-08-12 23:00:00+00:00,11300.190902167662
2023-08-13 00:00:00+00:00,11535.387653710954
2023-08-13 01:00:00+00:00,11629.375993844813
2023-08-13 02:00:00+00:00,11505.633419070246
2023-08-13 03:00:00+00:00,11176.380597562083
2023-08-13 04:00:00+00:00,10809.976961885368
2023-08-13 05:00:00+00:00,10432.962474950198
2023-08-13 06:00:00+00:00,9774.627963139288
2023-08-13 07:00:00+00:00,9062.861030132955
2023-08-13 08:00:00+00:00,8481.990038822696
2023-08-13 09:00:00+00:00,8053.948638756535
2023-08-13 10:00:00+00:00,7771.896726183467
2023-08-13 11:00:00+00:00,7580.868564318858
2023-08-13 12:00:00+00:00,7522.147611194715
2023-08-13 13:00:00+00:00,7587.509869070922
2023-08-13 14:00:00+00:00,7692.092967407274
2023-08-13 15:00:00+00:00,8200.051931529933
2023-08-13 16:00:00+00:00,8941.138143203378
2023-08-13 17:00:00+00:00,9601.799340408988
2023-08-13 18:00:00+00:00,10145.161771169502
2023-08-13 19:00:00+00:00,10694.506955353932
2023-08-13 20:00:00+00:00,11215.191562089854
2023-08-13 21:00:00+00:00,11665.37372314664
2023-08-13 22:00:00+00:00,11992.889049698406
2023-08-13 23:00:00+00:00,12337.43047109837
2023-08-14 00:00:00+00:00,12669.826806911746
2023-08-14 01:00:00+00:00,12870.206667064505
2023-08-14 02:00:00+00:00,12806.554727949842
2023-08-14 03:00:00+00:00,12489.618416797417
2023-08-14 04:00:00+00:00,12085.159735787482
2023-08-14 05:00:00+00:00,11545.597571505255
2023-08-14 06:00:00+00:00,10620.181343061173
2023-08-14 07:00:00+00:00,9703.89213268452
2023-08-14 08:00:00+00:00,9022.92636829959
2023-08-14 09:00:00+00:00,8576.535681589221
2023-08-14 10:00:00+00:00,8278.89279660448
2023-08-14 11:00:00+00:00,8142.571342008773
2023-08-14 12:00:00+00:00,8237.334841529637
2023-08-14 13:00:00+00:00,8632.335336430684
2023-08-14 14:00:00+00:00,9109.598607586146
2023-08-14 15:00:00+00:00,9826.63651508374
2023-08-14 16:00:00+00:00,10542.962615418237
2023-08-14 17:00:00+00:00,11163.383967861228
2023-08-14 18:00:00+00:00,11782.760551572808
2023-08-14 19:00:00+00:00,12385.513345966447
2023-08-14 20:00:00+00:00,12964.948047700856
2023-08-14 21:00:00+00:00,13482.728365352707
2023-08-14 22:00:00+00:00,13829.302630127466
2023-08-14 23:00:00+00:00,14102.290617786563
2023-08-15 00:00:00+00:00,14286.99991559283
2023-08-15 01:00:00+00:00,14397.925701655122
2023-08-15 02:00:00+00:00,14191.80750805946
2023-08-15 03:00:00+00:00,13765.33383959053
2023-08-15 04:00:00+00:00,13261.959450194658
2023-08-15 05:00:00+00:00,12592.762903409295
2023-08-15 06:00:00+00:00,11546.535343850865
2023-08-15 07:00:00+00:00,10557.770454944473
2023-08-15 08:00:00+00:00,9757.741654601003
2023-08-15 09:00:00+00:00,9282.789242422072
2023-08-15 10:00:00+00:00,8941.664779136514
2023-08-15 11:00:00+00:00,8751.031053203928
2023-08-15 12:00:00+00:00,8725.868393818653
2023-08-15 13:00:00+00:00,9052.285744108049
2023-08-15 14:00:00+00:00,9536.804129504822
2023-08-15 15:00:00+00:00,10226.733099502399
2023-08-15 16:00:00+00:00,10914.49592885055
2023-08-15 17:00:00+00:00,11544.656958081492
2023-08-15 18:00:00+00:00,12129.634105963361
2023-08-15 19:00:00+00:00,12783.560623296002
2023-08-15 20:00:00+00:00,13399.610524616517
2023-08-15 21:00:00+00:00,13898.5564030709
2023-08-15 22:00:00+00:00,14247.715207087094
2023-08-15 23:00:00+00:00,14498.828923274297
2023-08-16 00:00:00+00:00,14607.24254160815
2023-08-16 01:00:00+00:00,14674.991774133925
2023-08-16 02:00:00+00:00,14499.54971735495
2023-08-16 03:00:00+00:00,14060.891997282159
2023-08-16 04:00:00+00:00,13574.43671289006
2023-08-16 05:00:00+00:00,12877.094029443082
2023-08-16 06:00:00+00:00,11827.990588884059
2023-08-16 07:00:00+00:00,10833.077862717737
2023-08-16 08:00:00+00:00,10066.196094956988
2023-08-16 09:00:00+00:00,9513.823782257332
2023-08-16 10:00:00+00:00,9121.838106999054
2023-08-16 11:00:00+00:00,8900.60502007517
2023-08-16 12:00:00+00:00,8920.503446206834
2023-08-16 13:00:00+00:00,9216.237761341716
2023-08-16 14:00:00+00:00,9579.226741846907
2023-08-16 15:00:00+00:00,10215.641779047286
2023-08-16 16:00:00+00:00,10892.370087831347
2023-08-16 17:00:00+00:00,11517.656503284905
2023-08-16 18:00:00+00:00,12114.879490616384
2023-08-16 19:00:00+00:00,12754.076501476653
2023-08-16 20:00:00+00:00,13342.825094444064
2023-08-16 21:00:00+00:00,13788.171894701982
2023-08-16 22:00:00+00:00,14139.834214553102
2023-08-16 23:00:00+00:00,14397.492081296685
2023-08-17 00:00:00+00:00,14598.0695922397
2023-08-17 01:00:00+00:00,14624.29049271703
2023-08-17 02:00:00+00:00,14377.266138651668
2023-08-17 03:00:00+00:00,13906.367665958463
2023-08-17 04:00:00+00:00,13375.583468407076
2023-08-17 05:00:00+00:00,12704.492060215138
2023-08-17 06:00:00+00:00,11635.14005219917
2023-08-17 07:00:00+00:00,10679.805927314068
2023-08-17 08:00:00+00:00,9920.65459621673
2023-08-17 09:00:00+00:00,9387.736321623233
2023-08-17 10:00:00+00:00,9021.719373509686
2023-08-17 11:00:00+00:00,8816.158290658366
2023-08-17 12:00:00+00:00,8835.229374298933
2023-08-17 13:00:00+00:00,9182.913858011407
2023-08-17 14:00:00+00:00,9624.704626887848
2023-08-17 15:00:00+00:00,10191.956060751507
2023-08-17 16:00:00+00:00,10748.08629321231
2023-08-17 17:00:00+00:00,11309.419256189438
2023-08-17 18:00:00+00:00,11837.761310248161
2023-08-17 19:00:00+00:00,12366.182681841134
2023-08-17 20:00:00+00:00,12876.639809180693
2023-08-17 21:00:00+00:00,13298.705808170658
2023-08-17 22:00:00+00:00,13591.045291732302
2023-08-17 23:00:00+00:00,13750.386340681653
2023-08-18 00:00:00+00:00,13804.39912236321
2023-08-18 01:00:00+00:00,13748.925968845671
2023-08-18 02:00:00+00:00,13464.93033973011
2023-08-18 03:00:00+00:00,12986.872727707576
2023-08-18 04:00:00+00:00,12489.54900017297
2023-08-18 05:00:00+00:00,11871.096009452933
2023-08-18 06:00:00+00:00,10924.50683867629
2023-08-18 07:00:00+00:00,10035.288642891699
2023-08-18 08:00:00+00:00,9361.38991323715
2023-08-18 09:00:00+00:00,8884.90068633936
2023-08-18 10:00:00+00:00,8597.18602260944
2023-08-18 11:00:00+00:00,8447.219411046375
2023-08-18 12:00:00+00:00,8500.297872508196
2023-08-18 13:00:00+00:00,8790.272927220132
2023-08-18 14:00:00+00:00,9191.066387634983
2023-08-18 15:00:00+00:00,9696.404201944053
2023-08-18 16:00:00+00:00,10203.137560795965
2023-08-18 17:00:00+00:00,10512.134878398369
2023-08-18 18:00:00+00:00,10815.79673975903
2023-08-18 19:00:00+00:00,11075.542287353639
2023-08-18 20:00:00+00:00,11282.803722634706
2023-08-18 21:00:00+00:00,11425.946557442488
2023-08-18 22:00:00+00:00,11547.637766456905
2023-08-18 23:00:00+00:00,11679.917222111164
2023-08-19 00:00:00+00:00,11754.631864943101
2023-08-19 01:00:00+00:00,11774.841606058457
2023-08-19 02:00:00+00:00,11500.747809124096
2023-08-19 03:00:00+00:00,11029.1373793386
2023-08-19 04:00:00+00:00,10650.910807586753
2023-08-19 05:00:00+00:00,10240.553087298931
2023-08-19 06:00:00+00:00,9459.388023658896
2023-08-19 07:00:00+00:00,8800.3547253227
2023-08-19 08:00:00+00:00,8226.87088411295
2023-08-19 09:00:00+00:00,7843.903254536959
2023-08-19 10:00:00+00:00,7603.605355107697
2023-08-19 11:00:00+00:00,7430.9264189569685
2023-08-19 12:00:00+00:00,7408.775108211485
2023-08-19 13:00:00+00:00,7529.49351056066
2023-08-19 14:00:00+00:00,7710.937996672386
2023-08-19 15:00:00+00:00,8151.080411079376
2023-08-19 16:00:00+00:00,8679.607748251092
2023-08-19 17:00:00+00:00,9095.105516429734
2023-08-19 18:00:00+00:00,9386.534517136186
2023-08-19 19:00:00+00:00,9593.655507261445
2023-08-19 20:00:00+00:00,9762.84608607391
2023-08-19 21:00:00+00:00,9925.31998757454
2023-08-19 22:00:00+00:00,10107.281469130778
2023-08-19 23:00:00+00:00,10288.490904273638
2023-08-20 00:00:00+00:00,10472.547762436288
2023-08-20 01:00:00+00:00,10604.447521274744
2023-08-20 02:00:00+00:00,10446.10410166464
2023-08-20 03:00:00+00:00,10177.991803858478
2023-08-20 04:00:00+00:00,9999.10238951527
2023-08-20 05:00:00+00:00,9639.501539712854
2023-08-20 06:00:00+00:00,9055.035662086415
2023-08-20 07:00:00+00:00,8441.618383363479
2023-08-20 08:00:00+00:00,7933.837939884565
2023-08-20 09:00:00+00:00,7583.296228482458
2023-08-20 10:00:00+00:00,7375.7200922458815
2023-08-20 11:00:00+00:00,7239.0170290518445
2023-08-20 12:00:00+00:00,7200.807809388591
2023-08-20 13:00:00+00:00,7256.351086136109
2023-08-20 14:00:00+00:00,7384.978810998654
2023-08-20 15:00:00+00:00,7771.740851988548
2023-08-20 16:00:00+00:00,8312.034826067847
2023-08-20 17:00:00+00:00,8739.995405509517
2023-08-20 18:00:00+00:00,9058.950418812892
2023-08-20 19:00:00+00:00,9353.292672920785
2023-08-20 20:00:00+00:00,9601.485539024454
2023-08-20 21:00:00+00:00,9829.909174698138
2023-08-20 22:00:00+00:00,10048.736126471993
2023-08-20 23:00:00+00:00,10285.16962547457
2023-08-21 00:00:00+00:00,10509.423902457376
2023-08-21 01:00:00+00:00,10666.61821668556
2023-08-21 02:00:00+00:00,10582.611831367702
2023-08-21 03:00:00+00:00,10318.751108495131
2023-08-21 04:00:00+00:00,10182.335262400304
2023-08-21 05:00:00+00:00,9731.813964670704
2023-08-21 06:00:00+00:00,9014.025977475065
2023-08-21 07:00:00+00:00,8327.906207022479
2023-08-21 08:00:00+00:00,7845.792727796838
2023-08-21 09:00:00+00:00,7510.646427418367
2023-08-21 10:00:00+00:00,7341.229949940914
2023-08-21 11:00:00+00:00,7289.61867432886
2023-08-21 12:00:00+00:00,7443.771529469786
2023-08-21 13:00:00+00:00,7870.940759441526
2023-08-21 14:00:00+00:00,8407.057458456913
2023-08-21 15:00:00+00:00,8950.807558939196
2023-08-21 16:00:00+00:00,9349.300238668864
2023-08-21 17:00:00+00:00,9619.544637959976
2023-08-21 18:00:00+00:00,9839.79602241115
2023-08-21 19:00:00+00:00,10051.736993440372
2023-08-21 20:00:00+00:00,10256.693137636066
2023-08-21 21:00:00+00:00,10411.263165412549
2023-08-21 22:00:00+00:00,10544.937275264905
2023-08-21 23:00:00+00:00,10576.10256734879
2023-08-22 00:00:00+00:00,10782.509024451372
2023-08-22 01:00:00+00:00,10966.897667380552
2023-08-22 02:00:00+00:00,10828.653707682623
2023-08-22 03:00:00+00:00,10568.277082934139
2023-08-22 04:00:00+00:00,10360.831780944
2023-08-22 05:00:00+00:00,9908.702885387664
2023-08-22 06:00:00+00:00,9160.807938067734
2023-08-22 07:00:00+00:00,8488.912810244916
2023-08-22 08:00:00+00:00,8003.441548904119
2023-08-22 09:00:00+00:00,7688.44389321945
2023-08-22 10:00:00+00:00,7502.176574845691
2023-08-22 11:00:00+00:00,7444.789872875559
2023-08-22 12:00:00+00:00,7587.233323221784
2023-08-22 13:00:00+00:00,8040.587446859714
2023-08-22 14:00:00+00:00,8597.448127192121
2023-08-22 15:00:00+00:00,9070.636989900268
2023-08-22 16:00:00+00:00,9420.049462507364
2023-08-22 17:00:00+00:00,9643.88601027304
2023-08-22 18:00:00+00:00,9762.588389426393
2023-08-22 19:00:00+00:00,9895.341519008793
2023-08-22 20:00:00+00:00,9926.692264477786
2023-08-22 21:00:00+00:00,10018.326911283451
2023-08-22 22:00:00+00:00,10078.846366973165
2023-08-22 23:00:00+00:00,10132.195051864264
2023-08-23 00:00:00+00:00,10267.154493828473
2023-08-23 01:00:00+00:00,10341.282562546196
2023-08-23 02:00:00+00:00,10198.340943970365
2023-08-23 03:00:00+00:00,10007.794041917643
2023-08-23 04:00:00+00:00,9943.69906266276
2023-08-23 05:00:00+00:00,9554.093135417614
2023-08-23 06:00:00+00:00,8862.891515199124
2023-08-23 07:00:00+00:00,8232.596088252927
2023-08-23 08:00:00+00:00,7778.878113141537
2023-08-23 09:00:00+00:00,7454.601376997116
2023-08-23 10:00:00+00:00,7293.091526794863
2023-08-23 11:00:00+00:00,7244.814806547971
2023-08-23 12:00:00+00:00,7379.066470758259
2023-08-23 13:00:00+00:00,7838.442277152744
2023-08-23 14:00:00+00:00,8388.424137388163
2023-08-23 15:00:00+00:00,8880.871275264752
2023-08-23 16:00:00+00:00,9248.385502523608
2023-08-23 17:00:00+00:00,9482.146804860262
2023-08-23 18:00:00+00:00,9653.190619501682
2023-08-23 19:00:00+00:00,9884.396533410458
2023-08-23 20:00:00+00:00,10049.730121609033
2023-08-23 21:00:00+00:00,10160.220704523435
2023-08-23 22:00:00+00:00,10236.976751980945
2023-08-23 23:00:00+00:00,10350.387788070135
2023-08-24 00:00:00+00:00,10488.12487204336
2023-08-24 01:00:00+00:00,10612.564999611932
2023-08-24 02:00:00+00:00,10426.26804210589
2023-08-24 03:00:00+00:00,10173.048667771702
2023-08-24 04:00:00+00:00,10038.032447433328
2023-08-24 05:00:00+00:00,9607.710539198077
2023-08-24 06:00:00+00:00,8839.849092988221
2023-08-24 07:00:00+00:00,8186.2687353148685
2023-08-24 08:00:00+00:00,7697.825006963075
2023-08-24 09:00:00+00:00,7390.370381340344
2023-08-24 10:00:00+00:00,7238.439151001612
2023-08-24 11:00:00+00:00,7182.939882918763
2023-08-24 12:00:00+00:00,7335.8930437667295
2023-08-24 13:00:00+00:00,7766.286547782267
2023-08-24 14:00:00+00:00,8342.989804848006
2023-08-24 15:00:00+00:00,8901.524362110642
2023-08-24 16:00:00+00:00,9278.985114588357
2023-08-24 17:00:00+00:00,9537.869902977538
2023-08-24 18:00:00+00:00,9755.02445192809
2023-08-24 19:00:00+00:00,9984.049059062634
2023-08-24 20:00:00+00:00,10201.380678915008
2023-08-24 21:00:00+00:00,10364.616325951592
2023-08-24 22:00:00+00:00,10669.825069641869
2023-08-24 23:00:00+00:00,10901.79148652235
2023-08-25 00:00:00+00:00,11118.66480008263
2023-08-25 01:00:00+00:00,11200.900264214893
2023-08-25 02:00:00+00:00,11026.38240249165
2023-08-25 03:00:00+00:00,10727.952094190458
2023-08-25 04:00:00+00:00,10529.588892718599
2023-08-25 05:00:00+00:00,10035.400718083078
2023-08-25 06:00:00+00:00,9241.290349505913
2023-08-25 07:00:00+00:00,8533.417928472729
2023-08-25 08:00:00+00:00,8009.033477811436
2023-08-25 09:00:00+00:00,7713.929347944936
2023-08-25 10:00:00+00:00,7503.158655255651
2023-08-25 11:00:00+00:00,7443.2709764404935
2023-08-25 12:00:00+00:00,7524.750658398645
2023-08-25 13:00:00+00:00,7905.4110691435035
2023-08-25 14:00:00+00:00,8417.704915958446
2023-08-25 15:00:00+00:00,8956.141418347112
2023-08-25 16:00:00+00:00,9390.946481092771
2023-08-25 17:00:00+00:00,9703.723845026978
2023-08-25 18:00:00+00:00,9925.956380188361
2023-08-25 19:00:00+00:00,10126.651185619627
2023-08-25 20:00:00+00:00,10371.80821956145
2023-08-25 21:00:00+00:00,10613.289496797754
2023-08-25 22:00:00+00:00,10837.505806465178
2023-08-25 23:00:00+00:00,11080.83735060098
2023-08-26 00:00:00+00:00,11218.222603213953
2023-08-26 01:00:00+00:00,11309.810437677792
2023-08-26 02:00:00+00:00,11088.401120369905
2023-08-26 03:00:00+00:00,10658.502198195994
2023-08-26 04:00:00+00:00,10439.608393064475
2023-08-26 05:00:00+00:00,9898.689370690277
2023-08-26 06:00:00+00:00,9233.180124248833
2023-08-26 07:00:00+00:00,8571.623435692823
2023-08-26 08:00:00+00:00,8059.23484284889
2023-08-26 09:00:00+00:00,7677.646929932472
2023-08-26 10:00:00+00:00,7409.07328891282
2023-08-26 11:00:00+00:00,7284.719615775925
2023-08-26 12:00:00+00:00,7247.8847178320875
2023-08-26 13:00:00+00:00,7349.0960724801425
2023-08-26 14:00:00+00:00,7533.215121099615
2023-08-26 15:00:00+00:00,7979.000898840292
2023-08-26 16:00:00+00:00,8621.313341558855
2023-08-26 17:00:00+00:00,9144.154506020475
2023-08-26 18:00:00+00:00,9566.150195376411
2023-08-26 19:00:00+00:00,9924.02752428647
2023-08-26 20:00:00+00:00,10287.632335137332
2023-08-26 21:00:00+00:00,10570.859485862338
2023-08-26 22:00:00+00:00,10864.864349239853
2023-08-26 23:00:00+00:00,11134.938346537616
2023-08-27 00:00:00+00:00,11408.248478001442
2023-08-27 01:00:00+00:00,11479.930744503617
2023-08-27 02:00:00+00:00,11269.954947732935
2023-08-27 03:00:00+00:00,10932.797727673815
2023-08-27 04:00:00+00:00,10673.057096145305
2023-08-27 05:00:00+00:00,10138.774300297811
2023-08-27 06:00:00+00:00,9441.868299680722
2023-08-27 07:00:00+00:00,8743.334552404585
2023-08-27 08:00:00+00:00,8184.660051473339
2023-08-27 09:00:00+00:00,7788.96130285319
2023-08-27 10:00:00+00:00,7518.996877641007
2023-08-27 11:00:00+00:00,7337.90234243931
2023-08-27 12:00:00+00:00,7289.808032196118
2023-08-27 13:00:00+00:00,7353.595342258638
2023-08-27 14:00:00+00:00,7466.749319673864
2023-08-27 15:00:00+00:00,7879.967549576975
2023-08-27 16:00:00+00:00,8503.176076790765
2023-08-27 17:00:00+00:00,9078.230727364366
2023-08-27 18:00:00+00:00,9552.664874420278
2023-08-27 19:00:00+00:00,9992.412162458906
2023-08-27 20:00:00+00:00,10416.035870166439
2023-08-27 21:00:00+00:00,10779.35253456016
2023-08-27 22:00:00+00:00,11126.054217038702
2023-08-27 23:00:00+00:00,11468.606297435355
2023-08-28 00:00:00+00:00,11758.14818832453
2023-08-28 01:00:00+00:00,11904.27337119085
2023-08-28 02:00:00+00:00,11743.661267895553
2023-08-28 03:00:00+00:00,11358.62791380533
2023-08-28 04:00:00+00:00,11037.715663425792
2023-08-28 05:00:00+00:00,10352.531842151871
2023-08-28 06:00:00+00:00,9495.902058810429
2023-08-28 07:00:00+00:00,8688.874167795364
2023-08-28 08:00:00+00:00,8127.849906951324
2023-08-28 09:00:00+00:00,7767.655136500095
2023-08-28 10:00:00+00:00,7564.857792751479
2023-08-28 11:00:00+00:00,7463.157181486379
2023-08-28 12:00:00+00:00,7589.239669084165
2023-08-28 13:00:00+00:00,8081.767349018234
2023-08-28 14:00:00+00:00,8675.89373062499
2023-08-28 15:00:00+00:00,9240.953627707913
2023-08-28 16:00:00+00:00,9650.47527666562
2023-08-28 17:00:00+00:00,10010.51967716571
2023-08-28 18:00:00+00:00,10267.85740614852
2023-08-28 19:00:00+00:00,10506.350760456518
2023-08-28 20:00:00+00:00,10742.319599395512
2023-08-28 21:00:00+00:00,10950.440646102768
2023-08-28 22:00:00+00:00,11025.21920677191
2023-08-28 23:00:00+00:00,11036.378177259257
2023-08-29 00:00:00+00:00,11082.951390883565
2023-08-29 01:00:00+00:00,11207.590716503928
2023-08-29 02:00:00+00:00,11140.332918051843
2023-08-29 03:00:00+00:00,10908.048172310562
2023-08-29 04:00:00+00:00,10670.42059399779
2023-08-29 05:00:00+00:00,10066.2376773637
2023-08-29 06:00:00+00:00,9311.27548407491
2023-08-29 07:00:00+00:00,8633.284673234042
2023-08-29 08:00:00+00:00,8161.845965431147
2023-08-29 09:00:00+00:00,7832.968071532953
2023-08-29 10:00:00+00:00,7668.148841272821
2023-08-29 11:00:00+00:00,7560.220305523457
2023-08-29 12:00:00+00:00,7709.6922069795055
2023-08-29 13:00:00+00:00,8133.630689266447
2023-08-29 14:00:00+00:00,8780.388831244623
2023-08-29 15:00:00+00:00,9265.184406766573
2023-08-29 16:00:00+00:00,9628.783870237103
2023-08-29 17:00:00+00:00,9882.512723352425
2023-08-29 18:00:00+00:00,10013.080990989318
2023-08-29 19:00:00+00:00,10165.793812170303
2023-08-29 20:00:00+00:00,10258.594161499817
2023-08-29 21:00:00+00:00,10299.391467863225
2023-08-29 22:00:00+00:00,10246.323225116043
2023-08-29 23:00:00+00:00,10282.488052123483
2023-08-30 00:00:00+00:00,10316.09802867405
2023-08-30 01:00:00+00:00,10449.90153375239
2023-08-30 02:00:00+00:00,10365.810157567978
2023-08-30 03:00:00+00:00,10234.970580136232
2023-08-30 04:00:00+00:00,10158.205013967849
2023-08-30 05:00:00+00:00,9672.614517823135
2023-08-30 06:00:00+00:00,8930.65391722189
2023-08-30 07:00:00+00:00,8347.804707771773
2023-08-30 08:00:00+00:00,7910.157872293214
2023-08-30 09:00:00+00:00,7656.2634204547085
2023-08-30 10:00:00+00:00,7488.281148977409
2023-08-30 11:00:00+00:00,7442.943632312924
2023-08-30 12:00:00+00:00,7607.759619482134
2023-08-30 13:00:00+00:00,8107.68367117638
2023-08-30 14:00:00+00:00,8762.740312401927
2023-08-30 15:00:00+00:00,9216.927754723618
2023-08-30 16:00:00+00:00,9517.844478457477
2023-08-30 17:00:00+00:00,9800.273042595849
2023-08-30 18:00:00+00:00,9957.425858145943
2023-08-30 19:00:00+00:00,10234.50677876644
2023-08-30 20:00:00+00:00,10203.882600601879
2023-08-30 21:00:00+00:00,10300.066023018222
2023-08-30 22:00:00+00:00,10358.03571291686
2023-08-30 23:00:00+00:00,10486.001395305808
2023-08-31 00:00:00+00:00,10557.78467304487
2023-08-31 01:00:00+00:00,10673.04486654454
2023-08-31 02:00:00+00:00,10541.01468124903
2023-08-31 03:00:00+00:00,10361.114783625899
2023-08-31 04:00:00+00:00,10264.709702315924
2023-08-31 05:00:00+00:00,9742.243266206437
2023-08-31 06:00:00+00:00,9022.850441527171
2023-08-31 07:00:00+00:00,8410.591587976305
2023-08-31 08:00:00+00:00,7879.9743507178555
2023-08-31 09:00:00+00:00,7565.494112351577
2023-08-31 10:00:00+00:00,7375.142939260835
2023-08-31 11:00:00+00:00,7307.338028760163
2023-08-31 12:00:00+00:00,7472.959196984533
2023-08-31 13:00:00+00:00,7892.691095918344
2023-08-31 14:00:00+00:00,8599.62550774258
2023-08-31 15:00:00+00:00,9079.585695163667
2023-08-31 16:00:00+00:00,9473.659323243548
2023-08-31 17:00:00+00:00,9694.95150868833
2023-08-31 18:00:00+00:00,9815.164786399859
2023-08-31 19:00:00+00:00,9972.547760661573
2023-08-31 20:00:00+00:00,10015.74593133271
2023-08-31 21:00:00+00:00,10025.12959943511
2023-08-31 22:00:00+00:00,9935.713760391971
2023-08-31 23:00:00+00:00,9888.893680667288
2023-09-01 00:00:00+00:00,9878.670373915797
2023-09-01 01:00:00+00:00,9928.515284847233
2023-09-01 02:00:00+00:00,9869.228890871835
2023-09-01 03:00:00+00:00,9800.10788554634
2023-09-01 04:00:00+00:00,9797.4714948415
2023-09-01 05:00:00+00:00,9374.906809569593
2023-09-01 06:00:00+00:00,8741.993718027652
2023-09-01 07:00:00+00:00,8133.0218049567275
2023-09-01 08:00:00+00:00,7669.794335296635
2023-09-01 09:00:00+00:00,7419.04136809073
2023-09-01 10:00:00+00:00,7236.274076699194
2023-09-01 11:00:00+00:00,7200.221563645006
2023-09-01 12:00:00+00:00,7350.304087740628
2023-09-01 13:00:00+00:00,7756.212191412489
2023-09-01 14:00:00+00:00,8283.653828829747
2023-09-01 15:00:00+00:00,8898.703387800939
2023-09-01 16:00:00+00:00,9255.369933577558
2023-09-01 17:00:00+00:00,9511.11100703488
2023-09-01 18:00:00+00:00,9675.342833176745
2023-09-01 19:00:00+00:00,9790.263389930093
2023-09-01 20:00:00+00:00,9957.36326716549
2023-09-01 21:00:00+00:00,10089.48672837331
2023-09-01 22:00:00+00:00,10166.903145914801
2023-09-01 23:00:00+00:00,10315.836153430613
2023-09-02 00:00:00+00:00,10463.886024630841
2023-09-02 01:00:00+00:00,10546.128716438447
2023-09-02 02:00:00+00:00,10259.933921061556
2023-09-02 03:00:00+00:00,9983.888346547328
2023-09-02 04:00:00+00:00,9847.034215317559
2023-09-02 05:00:00+00:00,9419.24692769849
2023-09-02 06:00:00+00:00,8814.620645568915
2023-09-02 07:00:00+00:00,8240.433305001838
2023-09-02 08:00:00+00:00,7749.495494459694
2023-09-02 09:00:00+00:00,7413.644121570954
2023-09-02 10:00:00+00:00,7218.79859539347
2023-09-02 11:00:00+00:00,7097.332043482757
2023-09-02 12:00:00+00:00,7062.870904706577
2023-09-02 13:00:00+00:00,7173.3069379043
2023-09-02 14:00:00+00:00,7403.380879040121
2023-09-02 15:00:00+00:00,7812.904577846075
2023-09-02 16:00:00+00:00,8382.128377207722
2023-09-02 17:00:00+00:00,8850.616643585987
2023-09-02 18:00:00+00:00,9217.633426545553
2023-09-02 19:00:00+00:00,9512.723190717785
2023-09-02 20:00:00+00:00,9800.029685728194
2023-09-02 21:00:00+00:00,10048.23894518122
2023-09-02 22:00:00+00:00,10322.759177908185
2023-09-02 23:00:00+00:00,10593.082735721602
2023-09-03 00:00:00+00:00,10829.00118368583
2023-09-03 01:00:00+00:00,10869.818674912187
2023-09-03 02:00:00+00:00,10725.254006189443
2023-09-03 03:00:00+00:00,10394.228505651623
2023-09-03 04:00:00+00:00,10225.293792632214
2023-09-03 05:00:00+00:00,9740.023745809305
2023-09-03 06:00:00+00:00,9097.141162229951
2023-09-03 07:00:00+00:00,8504.526058321791
2023-09-03 08:00:00+00:00,8028.17296949776
2023-09-03 09:00:00+00:00,7665.407255419374
2023-09-03 10:00:00+00:00,7432.713393821897
2023-09-03 11:00:00+00:00,7293.875558336049
2023-09-03 12:00:00+00:00,7244.352717593072
2023-09-03 13:00:00+00:00,7318.308750140362
2023-09-03 14:00:00+00:00,7458.775866344169
2023-09-03 15:00:00+00:00,7811.09227745763
2023-09-03 16:00:00+00:00,8308.479770559514
2023-09-03 17:00:00+00:00,8737.175792500782
2023-09-03 18:00:00+00:00,8991.696769364606
2023-09-03 19:00:00+00:00,9150.3984017124
2023-09-03 20:00:00+00:00,9257.580141646535
2023-09-03 21:00:00+00:00,9304.480820916615
2023-09-03 22:00:00+00:00,9329.89410997238
2023-09-03 23:00:00+00:00,9359.732003079678
2023-09-04 00:00:00+00:00,9441.554208066322
2023-09-04 01:00:00+00:00,9481.580526447999
2023-09-04 02:00:00+00:00,9405.535758244128
2023-09-04 03:00:00+00:00,9305.638469859405
2023-09-04 04:00:00+00:00,9287.034026046325
2023-09-04 05:00:00+00:00,8902.634894974211
2023-09-04 06:00:00+00:00,8391.09113627388
2023-09-04 07:00:00+00:00,7897.405970754875
2023-09-04 08:00:00+00:00,7511.683624827497
2023-09-04 09:00:00+00:00,7216.390555701478
2023-09-04 10:00:00+00:00,7069.8865530923595
2023-09-04 11:00:00+00:00,6998.09176753696
2023-09-04 12:00:00+00:00,7056.484557756326
2023-09-04 13:00:00+00:00,7207.905039056531
2023-09-04 14:00:00+00:00,7474.99493327462
2023-09-04 15:00:00+00:00,7816.208666970179
2023-09-04 16:00:00+00:00,8317.275395229099
2023-09-04 17:00:00+00:00,8786.056982434162
2023-09-04 18:00:00+00:00,9126.397119806066
2023-09-04 19:00:00+00:00,9319.379914127183
2023-09-04 20:00:00+00:00,9394.018343589018
2023-09-04 21:00:00+00:00,9368.068120657597
2023-09-04 22:00:00+00:00,9352.605189404201
2023-09-04 23:00:00+00:00,9416.826746972492
2023-09-05 00:00:00+00:00,9499.172288904098
2023-09-05 01:00:00+00:00,9601.129612967346
2023-09-05 02:00:00+00:00,9536.79198639861
2023-09-05 03:00:00+00:00,9522.034093511618
2023-09-05 04:00:00+00:00,9515.311107545325
2023-09-05 05:00:00+00:00,9023.197107626276
2023-09-05 06:00:00+00:00,8344.848086934993
2023-09-05 07:00:00+00:00,7748.238188788229
2023-09-05 08:00:00+00:00,7321.580895720576
2023-09-05 09:00:00+00:00,7060.544959011334
2023-09-05 10:00:00+00:00,6966.853176231625
2023-09-05 11:00:00+00:00,6915.282295330659
2023-09-05 12:00:00+00:00,7160.436846690965
2023-09-05 13:00:00+00:00,7723.027966670439
2023-09-05 14:00:00+00:00,8549.44431960683
2023-09-05 15:00:00+00:00,9078.732452526372
2023-09-05 16:00:00+00:00,9323.596899028365
2023-09-05 17:00:00+00:00,9520.083328631803
2023-09-05 18:00:00+00:00,9595.320468274886
2023-09-05 19:00:00+00:00,9701.783186087936
2023-09-05 20:00:00+00:00,9775.37943885151
2023-09-05 21:00:00+00:00,9861.34302786997
2023-09-05 22:00:00+00:00,9947.844367511865
2023-09-05 23:00:00+00:00,10001.016047876767
2023-09-06 00:00:00+00:00,10100.60784995501
2023-09-06 01:00:00+00:00,10215.026920172586
2023-09-06 02:00:00+00:00,10156.4613367668
2023-09-06 03:00:00+00:00,10045.389838022706
2023-09-06 04:00:00+00:00,9989.675806056126
2023-09-06 05:00:00+00:00,9412.463277058028
2023-09-06 06:00:00+00:00,8718.989123500642
2023-09-06 07:00:00+00:00,8071.617991896096
2023-09-06 08:00:00+00:00,7637.864742020311
2023-09-06 09:00:00+00:00,7348.004549896978
2023-09-06 10:00:00+00:00,7219.024159286339
2023-09-06 11:00:00+00:00,7170.099151023393
2023-09-06 12:00:00+00:00,7344.631368290159
2023-09-06 13:00:00+00:00,7882.446785456582
2023-09-06 14:00:00+00:00,8613.44211655651
2023-09-06 15:00:00+00:00,9175.010825582798
2023-09-06 16:00:00+00:00,9419.62121298267
2023-09-06 17:00:00+00:00,9610.356424305253
2023-09-06 18:00:00+00:00,9707.393016450334
2023-09-06 19:00:00+00:00,9813.825915270596
2023-09-06 20:00:00+00:00,9943.756726341515
2023-09-06 21:00:00+00:00,10037.913586830527
2023-09-06 22:00:00+00:00,10094.884575701211
2023-09-06 23:00:00+00:00,10170.017037256493
2023-09-07 00:00:00+00:00,10336.436123373918
2023-09-07 01:00:00+00:00,10423.657496146046
2023-09-07 02:00:00+00:00,10287.23938900645
2023-09-07 03:00:00+00:00,10185.693062987973
2023-09-07 04:00:00+00:00,10075.963373816143
2023-09-07 05:00:00+00:00,9548.922816203778
2023-09-07 06:00:00+00:00,8799.192836016784
2023-09-07 07:00:00+00:00,8134.165123687345
2023-09-07 08:00:00+00:00,7671.553854049388
2023-09-07 09:00:00+00:00,7387.657822170369
2023-09-07 10:00:00+00:00,7218.5993245239515
2023-09-07 11:00:00+00:00,7169.492960435583
2023-09-07 12:00:00+00:00,7339.576207604192
2023-09-07 13:00:00+00:00,7845.82587917337
2023-09-07 14:00:00+00:00,8597.435273098014
2023-09-07 15:00:00+00:00,9129.730717395769
2023-09-07 16:00:00+00:00,9355.989394862303
2023-09-07 17:00:00+00:00,9510.319803146598
2023-09-07 18:00:00+00:00,9629.782513429667
2023-09-07 19:00:00+00:00,9780.209143493468
2023-09-07 20:00:00+00:00,9900.718122959572
2023-09-07 21:00:00+00:00,9955.410793255243
2023-09-07 22:00:00+00:00,9982.072315933383
2023-09-07 23:00:00+00:00,10042.15007330573
2023-09-08 00:00:00+00:00,10102.451821251307
2023-09-08 01:00:00+00:00,10188.335755322896
2023-09-08 02:00:00+00:00,10093.289963849847
2023-09-08 03:00:00+00:00,10030.324219139777
2023-09-08 04:00:00+00:00,9971.052087801936
2023-09-08 05:00:00+00:00,9454.318019064725
2023-09-08 06:00:00+00:00,8755.652797379786
2023-09-08 07:00:00+00:00,8127.084057141991
2023-09-08 08:00:00+00:00,7677.176779862093
2023-09-08 09:00:00+00:00,7389.424679129838
2023-09-08 10:00:00+00:00,7227.928781312423
2023-09-08 11:00:00+00:00,7207.110663170594
2023-09-08 12:00:00+00:00,7360.012584254813
2023-09-08 13:00:00+00:00,7845.323086775007
2023-09-08 14:00:00+00:00,8622.44539141805
2023-09-08 15:00:00+00:00,9188.10887022933
2023-09-08 16:00:00+00:00,9518.409977363692
2023-09-08 17:00:00+00:00,9687.592930363026
2023-09-08 18:00:00+00:00,9794.150879235218
2023-09-08 19:00:00+00:00,9888.429801735114
2023-09-08 20:00:00+00:00,9995.827988760588
2023-09-08 21:00:00+00:00,10044.873533217271
2023-09-08 22:00:00+00:00,10128.577362053033
2023-09-08 23:00:00+00:00,10264.680368201143
2023-09-09 00:00:00+00:00,10407.241135974682
2023-09-09 01:00:00+00:00,10418.428196246072
2023-09-09 02:00:00+00:00,10202.545197598885
2023-09-09 03:00:00+00:00,9937.915938999473
2023-09-09 04:00:00+00:00,9745.478150846533
2023-09-09 05:00:00+00:00,9228.030428487169
2023-09-09 06:00:00+00:00,8641.335949501752
2023-09-09 07:00:00+00:00,8075.802337159716
2023-09-09 08:00:00+00:00,7588.072628346845
2023-09-09 09:00:00+00:00,7271.746500093649
2023-09-09 10:00:00+00:00,7075.1823148485255
2023-09-09 11:00:00+00:00,6992.216437785198
2023-09-09 12:00:00+00:00,7022.102878493175
2023-09-09 13:00:00+00:00,7229.278728969449
2023-09-09 14:00:00+00:00,7524.148879441154
2023-09-09 15:00:00+00:00,7956.112290962567
2023-09-09 16:00:00+00:00,8515.517118771162
2023-09-09 17:00:00+00:00,8872.313426106237
2023-09-09 18:00:00+00:00,9123.734658606652
2023-09-09 19:00:00+00:00,9277.172984659785
2023-09-09 20:00:00+00:00,9408.60623586038
2023-09-09 21:00:00+00:00,9563.51555144645
2023-09-09 22:00:00+00:00,9735.921751454336
2023-09-09 23:00:00+00:00,10000.521793307418
2023-09-10 00:00:00+00:00,10237.56682924753
2023-09-10 01:00:00+00:00,10357.540865873178
2023-09-10 02:00:00+00:00,10219.142565044032
2023-09-10 03:00:00+00:00,9987.029515271823
2023-09-10 04:00:00+00:00,9746.52572609172
2023-09-10 05:00:00+00:00,9237.296660060612
2023-09-10 06:00:00+00:00,8651.781870445762
2023-09-10 07:00:00+00:00,8078.263295012964
2023-09-10 08:00:00+00:00,7608.928769056902
2023-09-10 09:00:00+00:00,7278.27676669782
2023-09-10 10:00:00+00:00,7071.919585910968
2023-09-10 11:00:00+00:00,6952.213815026448
2023-09-10 12:00:00+00:00,6934.551686349284
2023-09-10 13:00:00+00:00,7043.817510632896
2023-09-10 14:00:00+00:00,7256.306615547016
2023-09-10 15:00:00+00:00,7703.7429476905645
2023-09-10 16:00:00+00:00,8336.288699505169
2023-09-10 17:00:00+00:00,8814.59905277862
2023-09-10 18:00:00+00:00,9141.686913902317
2023-09-10 19:00:00+00:00,9394.942522030575
2023-09-10 20:00:00+00:00,9671.165060654708
2023-09-10 21:00:00+00:00,9907.81618974675
2023-09-10 22:00:00+00:00,10092.769446361493
2023-09-10 23:00:00+00:00,10323.471232185355
2023-09-11 00:00:00+00:00,10515.380320997927
2023-09-11 01:00:00+00:00,10714.309720256635
2023-09-11 02:00:00+00:00,10520.21694379378
2023-09-11 03:00:00+00:00,10331.321939317024
2023-09-11 04:00:00+00:00,10089.627317484663
2023-09-11 05:00:00+00:00,9484.784799710837
2023-09-11 06:00:00+00:00,8713.962979655385
2023-09-11 07:00:00+00:00,8055.254775649035
2023-09-11 08:00:00+00:00,7601.60557279133
2023-09-11 09:00:00+00:00,7329.347389983142
2023-09-11 10:00:00+00:00,7179.839860237917
2023-09-11 11:00:00+00:00,7116.005629977872
2023-09-11 12:00:00+00:00,7308.954363883582
2023-09-11 13:00:00+00:00,7833.956839897794
2023-09-11 14:00:00+00:00,8590.56733487547
2023-09-11 15:00:00+00:00,9121.89265384612
2023-09-11 16:00:00+00:00,9452.955336414894
2023-09-11 17:00:00+00:00,9697.99316876564
2023-09-11 18:00:00+00:00,9896.44155765799
2023-09-11 19:00:00+00:00,10118.83805760573
2023-09-11 20:00:00+00:00,10248.02566753641
2023-09-11 21:00:00+00:00,10343.862396626682
2023-09-11 22:00:00+00:00,10373.351994423432
2023-09-11 23:00:00+00:00,10424.359468074885
2023-09-12 00:00:00+00:00,10502.991550571003
2023-09-12 01:00:00+00:00,10625.001778359388
2023-09-12 02:00:00+00:00,10545.512227379755
2023-09-12 03:00:00+00:00,10461.868023230349
2023-09-12 04:00:00+00:00,10293.029828433891
2023-09-12 05:00:00+00:00,9654.979414402234
2023-09-12 06:00:00+00:00,8918.636119089213
2023-09-12 07:00:00+00:00,8245.586469872
2023-09-12 08:00:00+00:00,7798.202392196668
2023-09-12 09:00:00+00:00,7505.176077218391
2023-09-12 10:00:00+00:00,7326.987458861828
2023-09-12 11:00:00+00:00,7289.63240577275
2023-09-12 12:00:00+00:00,7472.028468888816
2023-09-12 13:00:00+00:00,7963.187358522612
2023-09-12 14:00:00+00:00,8711.512568106871
2023-09-12 15:00:00+00:00,9248.86837025275
2023-09-12 16:00:00+00:00,9462.941546510647
2023-09-12 17:00:00+00:00,9619.325993519995
2023-09-12 18:00:00+00:00,9723.56372891404
2023-09-12 19:00:00+00:00,9805.65052527588
2023-09-12 20:00:00+00:00,9958.844391398825
2023-09-12 21:00:00+00:00,10011.433990173757
2023-09-12 22:00:00+00:00,10100.21682059304
2023-09-12 23:00:00+00:00,10123.518213835125
2023-09-13 00:00:00+00:00,10263.567416295382
2023-09-13 01:00:00+00:00,10357.856517136297
2023-09-13 02:00:00+00:00,10267.812596589083
2023-09-13 03:00:00+00:00,10223.55180662297
2023-09-13 04:00:00+00:00,10083.727426263624
2023-09-13 05:00:00+00:00,9515.011767937904
2023-09-13 06:00:00+00:00,8807.561938948646
2023-09-13 07:00:00+00:00,8163.610392682344
2023-09-13 08:00:00+00:00,7713.41058618983
2023-09-13 09:00:00+00:00,7454.1580649128755
2023-09-13 10:00:00+00:00,7302.556094964001
2023-09-13 11:00:00+00:00,7274.794564544232
2023-09-13 12:00:00+00:00,7456.574004434059
2023-09-13 13:00:00+00:00,7935.326402048577
2023-09-13 14:00:00+00:00,8641.689988631493
2023-09-13 15:00:00+00:00,9205.746201323302
2023-09-13 16:00:00+00:00,9468.676757379419
2023-09-13 17:00:00+00:00,9643.373130978054
2023-09-13 18:00:00+00:00,9786.043404301374
2023-09-13 19:00:00+00:00,9946.342101734112
2023-09-13 20:00:00+00:00,10090.253735018729
2023-09-13 21:00:00+00:00,10226.259132946607
2023-09-13 22:00:00+00:00,10307.998806813015
2023-09-13 23:00:00+00:00,10450.623673336931
2023-09-14 00:00:00+00:00,10572.820214649273
2023-09-14 01:00:00+00:00,10655.320734954528
2023-09-14 02:00:00+00:00,10471.605573339359
2023-09-14 03:00:00+00:00,10324.363251295728
2023-09-14 04:00:00+00:00,10138.450787500797
2023-09-14 05:00:00+00:00,9531.438021635053
2023-09-14 06:00:00+00:00,8781.028413659156
2023-09-14 07:00:00+00:00,8099.308831978542
2023-09-14 08:00:00+00:00,7662.311072604221
2023-09-14 09:00:00+00:00,7345.358416310835
2023-09-14 10:00:00+00:00,7195.1029055378
2023-09-14 11:00:00+00:00,7162.537027992628
2023-09-14 12:00:00+00:00,7328.8917938260765
2023-09-14 13:00:00+00:00,7842.577293211805
2023-09-14 14:00:00+00:00,8638.563300641381
2023-09-14 15:00:00+00:00,9171.59832875828
2023-09-14 16:00:00+00:00,9433.850133385296
2023-09-14 17:00:00+00:00,9601.968691778158
2023-09-14 18:00:00+00:00,9765.928613139062
2023-09-14 19:00:00+00:00,9951.396956491582
2023-09-14 20:00:00+00:00,10117.071975788813
2023-09-14 21:00:00+00:00,10279.938425764389
2023-09-14 22:00:00+00:00,10458.660467537358
2023-09-14 23:00:00+00:00,10652.573394569565
2023-09-15 00:00:00+00:00,10842.556298172916
2023-09-15 01:00:00+00:00,10919.269990990637
2023-09-15 02:00:00+00:00,10683.508245065874
2023-09-15 03:00:00+00:00,10425.808845499854
2023-09-15 04:00:00+00:00,10160.875975443638
2023-09-15 05:00:00+00:00,9536.6604397554
2023-09-15 06:00:00+00:00,8804.9049154431
2023-09-15 07:00:00+00:00,8137.875207095556
2023-09-15 08:00:00+00:00,7660.498893839633
2023-09-15 09:00:00+00:00,7376.521020492399
2023-09-15 10:00:00+00:00,7170.109151423014
2023-09-15 11:00:00+00:00,7118.481301047138
2023-09-15 12:00:00+00:00,7291.749376585175
2023-09-15 13:00:00+00:00,7766.012614760873
2023-09-15 14:00:00+00:00,8519.607104466055
2023-09-15 15:00:00+00:00,9119.344802621192
2023-09-15 16:00:00+00:00,9461.988705304298
2023-09-15 17:00:00+00:00,9686.376991564039
2023-09-15 18:00:00+00:00,9890.782844221305
2023-09-15 19:00:00+00:00,10106.732465323761
2023-09-15 20:00:00+00:00,10332.66810871126
2023-09-15 21:00:00+00:00,10562.546243624998
2023-09-15 22:00:00+00:00,10767.280709654107
2023-09-15 23:00:00+00:00,11009.831028640376
2023-09-16 00:00:00+00:00,11220.802409128977
2023-09-16 01:00:00+00:00,11193.291586819136
2023-09-16 02:00:00+00:00,10832.033123464144
2023-09-16 03:00:00+00:00,10433.860186367037
2023-09-16 04:00:00+00:00,10048.406408218143
2023-09-16 05:00:00+00:00,9475.009862792662
2023-09-16 06:00:00+00:00,8833.108401928903
2023-09-16 07:00:00+00:00,8198.235491807049
2023-09-16 08:00:00+00:00,7712.908297362279
2023-09-16 09:00:00+00:00,7375.080354938956
2023-09-16 10:00:00+00:00,7144.962503234491
2023-09-16 11:00:00+00:00,7091.3757312037815
2023-09-16 12:00:00+00:00,7062.6496682476545
2023-09-16 13:00:00+00:00,7238.651489414082
2023-09-16 14:00:00+00:00,7499.927675674122
2023-09-16 15:00:00+00:00,7971.720162972426
2023-09-16 16:00:00+00:00,8545.761678843732
2023-09-16 17:00:00+00:00,8967.414914979889
2023-09-16 18:00:00+00:00,9170.504917324175
2023-09-16 19:00:00+00:00,9406.635399605166
2023-09-16 20:00:00+00:00,9612.241723083245
2023-09-16 21:00:00+00:00,9749.390578446677
2023-09-16 22:00:00+00:00,9937.786087860817
2023-09-16 23:00:00+00:00,10139.624834405853
2023-09-17 00:00:00+00:00,10290.22658309863
2023-09-17 01:00:00+00:00,10295.462842952731
2023-09-17 02:00:00+00:00,10016.602294502552
2023-09-17 03:00:00+00:00,9872.471272239169
2023-09-17 04:00:00+00:00,9547.465804253095
2023-09-17 05:00:00+00:00,9056.340085309186
2023-09-17 06:00:00+00:00,8513.026173201988
2023-09-17 07:00:00+00:00,7990.927844500292
2023-09-17 08:00:00+00:00,7584.250312167781
2023-09-17 09:00:00+00:00,7303.957146176075
2023-09-17 10:00:00+00:00,7126.737188985032
2023-09-17 11:00:00+00:00,7027.349213687054
2023-09-17 12:00:00+00:00,7019.896185248828
2023-09-17 13:00:00+00:00,7145.081491014926
2023-09-17 14:00:00+00:00,7419.289934720578
2023-09-17 15:00:00+00:00,7811.521321119378
2023-09-17 16:00:00+00:00,8383.365571703343
2023-09-17 17:00:00+00:00,8833.40700460472
2023-09-17 18:00:00+00:00,9079.407809630702
2023-09-17 19:00:00+00:00,9231.428569716349
2023-09-17 20:00:00+00:00,9300.151810585518
2023-09-17 21:00:00+00:00,9404.753666568029
2023-09-17 22:00:00+00:00,9550.500330791161
2023-09-17 23:00:00+00:00,9617.103661872514
2023-09-18 00:00:00+00:00,9763.285105604326
2023-09-18 01:00:00+00:00,9926.643228317567
2023-09-18 02:00:00+00:00,9836.534542107027
2023-09-18 03:00:00+00:00,9893.155857637841
2023-09-18 04:00:00+00:00,9655.720256217546
2023-09-18 05:00:00+00:00,9085.008980650164
2023-09-18 06:00:00+00:00,8410.431534889762
2023-09-18 07:00:00+00:00,7767.6308553614535
2023-09-18 08:00:00+00:00,7362.248784291758
2023-09-18 09:00:00+00:00,7090.419530386956
2023-09-18 10:00:00+00:00,6975.840066729665
2023-09-18 11:00:00+00:00,6988.4610366456745
2023-09-18 12:00:00+00:00,7189.991777229194
2023-09-18 13:00:00+00:00,7750.063812382388
2023-09-18 14:00:00+00:00,8512.077389268105
2023-09-18 15:00:00+00:00,9073.018189130335
2023-09-18 16:00:00+00:00,9332.272960683827
2023-09-18 17:00:00+00:00,9523.651204285856
2023-09-18 18:00:00+00:00,9690.406230493763
2023-09-18 19:00:00+00:00,9810.999731948032
2023-09-18 20:00:00+00:00,9857.692642757765
2023-09-18 21:00:00+00:00,9920.181122294003
2023-09-18 22:00:00+00:00,9916.05413213964
2023-09-18 23:00:00+00:00,9924.867027988157
2023-09-19 00:00:00+00:00,10021.121355132862
2023-09-19 01:00:00+00:00,10085.685255688933
2023-09-19 02:00:00+00:00,9967.658260290302
2023-09-19 03:00:00+00:00,10001.397828864337
2023-09-19 04:00:00+00:00,9764.16157427263
2023-09-19 05:00:00+00:00,9129.156157185302
2023-09-19 06:00:00+00:00,8430.493377422781
2023-09-19 07:00:00+00:00,7814.560470562852
2023-09-19 08:00:00+00:00,7444.419780754907
2023-09-19 09:00:00+00:00,7205.3677056329225
2023-09-19 10:00:00+00:00,7123.5100336341875
2023-09-19 11:00:00+00:00,7090.92030327306
2023-09-19 12:00:00+00:00,7311.291188665768
2023-09-19 13:00:00+00:00,7903.260168897303
2023-09-19 14:00:00+00:00,8756.996586319927
2023-09-19 15:00:00+00:00,9378.901765053444
2023-09-19 16:00:00+00:00,9513.759322531869
2023-09-19 17:00:00+00:00,9551.780550276068
2023-09-19 18:00:00+00:00,9565.445724509142
2023-09-19 19:00:00+00:00,9526.63626852497
2023-09-19 20:00:00+00:00,9523.881935013349
2023-09-19 21:00:00+00:00,9532.996436126326
2023-09-19 22:00:00+00:00,9550.300829834676
2023-09-19 23:00:00+00:00,9581.102312224863
2023-09-20 00:00:00+00:00,9711.758760331753
2023-09-20 01:00:00+00:00,9820.505651154928
2023-09-20 02:00:00+00:00,9808.297387621958
2023-09-20 03:00:00+00:00,9936.872918119729
2023-09-20 04:00:00+00:00,9738.67930077427
2023-09-20 05:00:00+00:00,9212.790713915445
2023-09-20 06:00:00+00:00,8497.980697005974
2023-09-20 07:00:00+00:00,7903.11845865239
2023-09-20 08:00:00+00:00,7480.25768572103
2023-09-20 09:00:00+00:00,7259.9428672135555
2023-09-20 10:00:00+00:00,7111.781221584888
2023-09-20 11:00:00+00:00,7103.984913292782
2023-09-20 12:00:00+00:00,7345.866411877414
2023-09-20 13:00:00+00:00,7914.596893547501
2023-09-20 14:00:00+00:00,8757.268077608687
2023-09-20 15:00:00+00:00,9311.454679181814
2023-09-20 16:00:00+00:00,9552.339988595602
2023-09-20 17:00:00+00:00,9632.953563575946
2023-09-20 18:00:00+00:00,9645.87427932221
2023-09-20 19:00:00+00:00,9608.793181029834
2023-09-20 20:00:00+00:00,9576.866180247362
2023-09-20 21:00:00+00:00,9447.838785485921
2023-09-20 22:00:00+00:00,9355.807857844406
2023-09-20 23:00:00+00:00,9322.408024665929
2023-09-21 00:00:00+00:00,9384.61435936706
2023-09-21 01:00:00+00:00,9478.01429611357
2023-09-21 02:00:00+00:00,9497.904815583515
2023-09-21 03:00:00+00:00,9664.24367725732
2023-09-21 04:00:00+00:00,9559.900789611876
2023-09-21 05:00:00+00:00,9072.203681807423
2023-09-21 06:00:00+00:00,8446.442925780031
2023-09-21 07:00:00+00:00,7892.207877465561
2023-09-21 08:00:00+00:00,7526.205586466454
2023-09-21 09:00:00+00:00,7317.65532152851
2023-09-21 10:00:00+00:00,7230.119234857037
2023-09-21 11:00:00+00:00,7246.5556078393865
2023-09-21 12:00:00+00:00,7497.351687152971
2023-09-21 13:00:00+00:00,8171.652124621781
2023-09-21 14:00:00+00:00,9116.014311236642
2023-09-21 15:00:00+00:00,9770.242261195845
2023-09-21 16:00:00+00:00,9899.728672965963
2023-09-21 17:00:00+00:00,9839.379828498502
2023-09-21 18:00:00+00:00,9748.93345725402
2023-09-21 19:00:00+00:00,9651.555323409797
2023-09-21 20:00:00+00:00,9645.49248486404
2023-09-21 21:00:00+00:00,9577.396366277164
2023-09-21 22:00:00+00:00,9505.730441139614
2023-09-21 23:00:00+00:00,9458.18409785781
2023-09-22 00:00:00+00:00,9537.15060180127
2023-09-22 01:00:00+00:00,9602.74560928473
2023-09-22 02:00:00+00:00,9583.455855929888
2023-09-22 03:00:00+00:00,9665.609226411703
2023-09-22 04:00:00+00:00,9532.892965218325
2023-09-22 05:00:00+00:00,9017.21333542312
2023-09-22 06:00:00+00:00,8400.299386652367
2023-09-22 07:00:00+00:00,7838.195005558304
2023-09-22 08:00:00+00:00,7477.409204137905
2023-09-22 09:00:00+00:00,7260.051593278828
2023-09-22 10:00:00+00:00,7140.8845162263215
2023-09-22 11:00:00+00:00,7139.280733691136
2023-09-22 12:00:00+00:00,7338.484487148851
2023-09-22 13:00:00+00:00,7929.230064697071
2023-09-22 14:00:00+00:00,8839.683851671625
2023-09-22 15:00:00+00:00,9495.749741593787
2023-09-22 16:00:00+00:00,9719.219600611377
2023-09-22 17:00:00+00:00,9688.637004765864
2023-09-22 18:00:00+00:00,9614.886871592667
2023-09-22 19:00:00+00:00,9585.61805308737
2023-09-22 20:00:00+00:00,9544.523160149403
2023-09-22 21:00:00+00:00,9463.314107260963
2023-09-22 22:00:00+00:00,9495.10334567037
2023-09-22 23:00:00+00:00,9559.287875516204
2023-09-23 00:00:00+00:00,9623.07239518606
2023-09-23 01:00:00+00:00,9647.776272813244
2023-09-23 02:00:00+00:00,9471.904561565394
2023-09-23 03:00:00+00:00,9423.889091840376
2023-09-23 04:00:00+00:00,9191.611507394407
2023-09-23 05:00:00+00:00,8748.079406985506
2023-09-23 06:00:00+00:00,8280.178255123628
2023-09-23 07:00:00+00:00,7746.824825262014
2023-09-23 08:00:00+00:00,7355.255985714068
2023-09-23 09:00:00+00:00,7097.990778191508
2023-09-23 10:00:00+00:00,6938.271934184624
2023-09-23 11:00:00+00:00,6887.953276301174
2023-09-23 12:00:00+00:00,6915.972387224573
2023-09-23 13:00:00+00:00,7119.604877632436
2023-09-23 14:00:00+00:00,7477.8504803181
2023-09-23 15:00:00+00:00,7926.576984271895
2023-09-23 16:00:00+00:00,8468.069824880784
2023-09-23 17:00:00+00:00,8785.06773346785
2023-09-23 18:00:00+00:00,8965.504600726705
2023-09-23 19:00:00+00:00,9003.989252922569
2023-09-23 20:00:00+00:00,9016.053471302685
2023-09-23 21:00:00+00:00,8945.624902230395
2023-09-23 22:00:00+00:00,8909.71574164316
2023-09-23 23:00:00+00:00,8865.727611612358
2023-09-24 00:00:00+00:00,8904.095410554331
2023-09-24 01:00:00+00:00,8989.142377961873
2023-09-24 02:00:00+00:00,8951.926334990962
2023-09-24 03:00:00+00:00,9081.278594192545
2023-09-24 04:00:00+00:00,8866.038686599708
2023-09-24 05:00:00+00:00,8520.927970924857
2023-09-24 06:00:00+00:00,8059.698712785002
2023-09-24 07:00:00+00:00,7596.378988119774
2023-09-24 08:00:00+00:00,7249.022244426915
2023-09-24 09:00:00+00:00,7020.241223293439
2023-09-24 10:00:00+00:00,6878.934555534282
2023-09-24 11:00:00+00:00,6812.948026256488
2023-09-24 12:00:00+00:00,6866.985229698505
2023-09-24 13:00:00+00:00,7061.137322843939
2023-09-24 14:00:00+00:00,7405.643548122317
2023-09-24 15:00:00+00:00,7857.879905434097
2023-09-24 16:00:00+00:00,8416.407445462246
2023-09-24 17:00:00+00:00,8812.92115208614
2023-09-24 18:00:00+00:00,8986.8494233282
2023-09-24 19:00:00+00:00,9052.337254040356
2023-09-24 20:00:00+00:00,9089.702329482316
2023-09-24 21:00:00+00:00,9056.617875270727
2023-09-24 22:00:00+00:00,8983.021597231686
2023-09-24 23:00:00+00:00,9010.460582265197
2023-09-25 00:00:00+00:00,9083.281413880348
2023-09-25 01:00:00+00:00,9357.935934619738
2023-09-25 02:00:00+00:00,9434.970964605383
2023-09-25 03:00:00+00:00,9547.117138364587
2023-09-25 04:00:00+00:00,9281.858715022814
2023-09-25 05:00:00+00:00,8804.329361477234
2023-09-25 06:00:00+00:00,8175.5654880164575
2023-09-25 07:00:00+00:00,7638.368325249346
2023-09-25 08:00:00+00:00,7307.595805300571
2023-09-25 09:00:00+00:00,7097.309752285619
2023-09-25 10:00:00+00:00,6988.768382159349
2023-09-25 11:00:00+00:00,6963.826721438432
2023-09-25 12:00:00+00:00,7179.981643973809
2023-09-25 13:00:00+00:00,7766.70962781424
2023-09-25 14:00:00+00:00,8614.955006533834
2023-09-25 15:00:00+00:00,9196.046713412301
2023-09-25 16:00:00+00:00,9414.469898421596
2023-09-25 17:00:00+00:00,9565.022080347013
2023-09-25 18:00:00+00:00,9641.950158630254
2023-09-25 19:00:00+00:00,9742.481484828382
2023-09-25 20:00:00+00:00,9758.526433039631
2023-09-25 21:00:00+00:00,9736.058708251154
2023-09-25 22:00:00+00:00,9560.350356077997
2023-09-25 23:00:00+00:00,9462.29371240733
2023-09-26 00:00:00+00:00,9596.278543502674
2023-09-26 01:00:00+00:00,9823.288878661368
2023-09-26 02:00:00+00:00,9907.412026740012
2023-09-26 03:00:00+00:00,9969.895898296016
2023-09-26 04:00:00+00:00,9637.450824384376
2023-09-26 05:00:00+00:00,9107.849876052156
2023-09-26 06:00:00+00:00,8452.501628447835
2023-09-26 07:00:00+00:00,7869.901064564342
2023-09-26 08:00:00+00:00,7510.875417612941
2023-09-26 09:00:00+00:00,7279.535124049994
2023-09-26 10:00:00+00:00,7125.122149686133
2023-09-26 11:00:00+00:00,7105.951723385437
2023-09-26 12:00:00+00:00,7374.761318009753
2023-09-26 13:00:00+00:00,7991.805678031403
2023-09-26 14:00:00+00:00,8912.941867191408
2023-09-26 15:00:00+00:00,9473.178625580367
2023-09-26 16:00:00+00:00,9538.960009673647
2023-09-26 17:00:00+00:00,9556.86611798884
2023-09-26 18:00:00+00:00,9544.648832602119
2023-09-26 19:00:00+00:00,9558.802200837436
2023-09-26 20:00:00+00:00,9583.108415437837
2023-09-26 21:00:00+00:00,9551.403410192841
2023-09-26 22:00:00+00:00,9400.614943797811
2023-09-26 23:00:00+00:00,9329.338366476362
2023-09-27 00:00:00+00:00,9448.6695641294
2023-09-27 01:00:00+00:00,9617.256086759553
2023-09-27 02:00:00+00:00,9767.052821373889
2023-09-27 03:00:00+00:00,9884.867828161994
2023-09-27 04:00:00+00:00,9601.184168623922
2023-09-27 05:00:00+00:00,9037.517438387229
2023-09-27 06:00:00+00:00,8388.295857653033
2023-09-27 07:00:00+00:00,7792.232363868018
2023-09-27 08:00:00+00:00,7443.889334981235
2023-09-27 09:00:00+00:00,7233.321315680275
2023-09-27 10:00:00+00:00,7137.343259536224
2023-09-27 11:00:00+00:00,7182.552212470141
2023-09-27 12:00:00+00:00,7426.221833451649
2023-09-27 13:00:00+00:00,8051.569232489319
2023-09-27 14:00:00+00:00,8927.986975427759
2023-09-27 15:00:00+00:00,9571.250622129273
2023-09-27 16:00:00+00:00,9752.282415642185
2023-09-27 17:00:00+00:00,9873.592259811683
2023-09-27 18:00:00+00:00,9823.982246337066
2023-09-27 19:00:00+00:00,9780.658340129421
2023-09-27 20:00:00+00:00,9705.022841467937
2023-09-27 21:00:00+00:00,9575.719463802025
2023-09-27 22:00:00+00:00,9505.428899270348
2023-09-27 23:00:00+00:00,9458.067530721644
2023-09-28 00:00:00+00:00,9565.335107870835
2023-09-28 01:00:00+00:00,9715.508873567394
2023-09-28 02:00:00+00:00,9827.541243863765
2023-09-28 03:00:00+00:00,9988.913268345857
2023-09-28 04:00:00+00:00,9763.737695091722
2023-09-28 05:00:00+00:00,9230.845743501664
2023-09-28 06:00:00+00:00,8568.728003217218
2023-09-28 07:00:00+00:00,7966.2874962053875
2023-09-28 08:00:00+00:00,7592.503984417558
2023-09-28 09:00:00+00:00,7351.252772542711
2023-09-28 10:00:00+00:00,7265.008665881972
2023-09-28 11:00:00+00:00,7266.466804120653
2023-09-28 12:00:00+00:00,7514.136888046988
2023-09-28 13:00:00+00:00,8170.519955676596
2023-09-28 14:00:00+00:00,9099.295852069381
2023-09-28 15:00:00+00:00,9706.467785268671
2023-09-28 16:00:00+00:00,9822.437365554066
2023-09-28 17:00:00+00:00,9839.223297424354
2023-09-28 18:00:00+00:00,9779.313792000368
2023-09-28 19:00:00+00:00,9699.866951331674
2023-09-28 20:00:00+00:00,9600.93387621754
2023-09-28 21:00:00+00:00,9541.096932735165
2023-09-28 22:00:00+00:00,9414.484624381339
2023-09-28 23:00:00+00:00,9329.296048735212
2023-09-29 00:00:00+00:00,9469.796896189024
2023-09-29 01:00:00+00:00,9663.654218175818
2023-09-29 02:00:00+00:00,9794.528370404028
2023-09-29 03:00:00+00:00,9980.266928524894
2023-09-29 04:00:00+00:00,9727.413586906368
2023-09-29 05:00:00+00:00,9241.592397037793
2023-09-29 06:00:00+00:00,8590.500808873932
2023-09-29 07:00:00+00:00,8006.198993602076
2023-09-29 08:00:00+00:00,7644.28338928334
2023-09-29 09:00:00+00:00,7436.38939826783
2023-09-29 10:00:00+00:00,7328.020495514164
2023-09-29 11:00:00+00:00,7366.266164437506
2023-09-29 12:00:00+00:00,7638.666119802766
2023-09-29 13:00:00+00:00,8308.15750005176
2023-09-29 14:00:00+00:00,9295.154259442286
2023-09-29 15:00:00+00:00,9943.46100799947
2023-09-29 16:00:00+00:00,10177.360686728534
2023-09-29 17:00:00+00:00,10145.521350143701
2023-09-29 18:00:00+00:00,10028.802120842085
2023-09-29 19:00:00+00:00,9828.04281006529
2023-09-29 20:00:00+00:00,9682.406918077239
2023-09-29 21:00:00+00:00,9510.24117448332
2023-09-29 22:00:00+00:00,9358.193594196378
2023-09-29 23:00:00+00:00,9287.432081346104
2023-09-30 00:00:00+00:00,9270.721149713336
2023-09-30 01:00:00+00:00,9324.090020891432
2023-09-30 02:00:00+00:00,9409.444951742684
2023-09-30 03:00:00+00:00,9505.285388002276
2023-09-30 04:00:00+00:00,9422.081853857737
2023-09-30 05:00:00+00:00,9048.363710108239
2023-09-30 06:00:00+00:00,8638.048400081367
2023-09-30 07:00:00+00:00,8148.935431808433
2023-09-30 08:00:00+00:00,7794.33441011523
2023-09-30 09:00:00+00:00,7575.658857821656
2023-09-30 10:00:00+00:00,7493.846762002966
2023-09-30 11:00:00+00:00,7488.756163283622
2023-09-30 12:00:00+00:00,7563.402856428487
2023-09-30 13:00:00+00:00,7864.014842940106
2023-09-30 14:00:00+00:00,8335.604543494324
2023-09-30 15:00:00+00:00,8883.729797709742
2023-09-30 16:00:00+00:00,9376.262239955635
2023-09-30 17:00:00+00:00,9614.064389789935
2023-09-30 18:00:00+00:00,9635.533106329762
2023-09-30 19:00:00+00:00,9522.868230656577
2023-09-30 20:00:00+00:00,9322.764194759844
2023-09-30 21:00:00+00:00,9132.105888452517
2023-09-30 22:00:00+00:00,8929.817766966544
2023-09-30 23:00:00+00:00,8853.55107804122
2023-10-01 00:00:00+00:00,8889.928734274628
2023-10-01 01:00:00+00:00,8984.683559401483
2023-10-01 02:00:00+00:00,9088.178078466839
2023-10-01 03:00:00+00:00,9343.040269583933
2023-10-01 04:00:00+00:00,9176.957153606241
2023-10-01 05:00:00+00:00,8851.00064292724
2023-10-01 06:00:00+00:00,8450.309379635019
2023-10-01 07:00:00+00:00,8019.981900500014
2023-10-01 08:00:00+00:00,7736.259771618375
2023-10-01 09:00:00+00:00,7562.260895354677
2023-10-01 10:00:00+00:00,7488.275289717589
2023-10-01 11:00:00+00:00,7478.676248925196
2023-10-01 12:00:00+00:00,7621.951219057764
2023-10-01 13:00:00+00:00,7917.436474122523
2023-10-01 14:00:00+00:00,8363.675198180279
2023-10-01 15:00:00+00:00,8931.844881569154
2023-10-01 16:00:00+00:00,9422.535369634454
2023-10-01 17:00:00+00:00,9668.83839279383
2023-10-01 18:00:00+00:00,9595.441011387185
2023-10-01 19:00:00+00:00,9427.255546335338
2023-10-01 20:00:00+00:00,9270.525922069966
2023-10-01 21:00:00+00:00,9102.058590059738
2023-10-01 22:00:00+00:00,8972.522412325801
2023-10-01 23:00:00+00:00,8956.14705014962
2023-10-02 00:00:00+00:00,9077.111524107355
2023-10-02 01:00:00+00:00,9271.953290870157
2023-10-02 02:00:00+00:00,9429.69719467954
2023-10-02 03:00:00+00:00,9716.297414335117
2023-10-02 04:00:00+00:00,9453.875918322508
2023-10-02 05:00:00+00:00,8955.908854883273
2023-10-02 06:00:00+00:00,8327.857273458658
2023-10-02 07:00:00+00:00,7785.1254556506765
2023-10-02 08:00:00+00:00,7471.0476766445545
2023-10-02 09:00:00+00:00,7264.780162892671
2023-10-02 10:00:00+00:00,7221.866772856387
2023-10-02 11:00:00+00:00,7282.958321421049
2023-10-02 12:00:00+00:00,7562.506995296938
2023-10-02 13:00:00+00:00,8260.163534623996
2023-10-02 14:00:00+00:00,9221.173923184775
2023-10-02 15:00:00+00:00,9853.867375228845
2023-10-02 16:00:00+00:00,10039.77319550759
2023-10-02 17:00:00+00:00,10074.682216649595
2023-10-02 18:00:00+00:00,10120.216017239842
2023-10-02 19:00:00+00:00,10160.88275490765
2023-10-02 20:00:00+00:00,10135.58250375275
2023-10-02 21:00:00+00:00,10045.39424691237
2023-10-02 22:00:00+00:00,9958.056768961165
2023-10-02 23:00:00+00:00,9955.5619483579
2023-10-03 00:00:00+00:00,10128.243089910935
2023-10-03 01:00:00+00:00,10332.789697307799
2023-10-03 02:00:00+00:00,10403.743801183396
2023-10-03 03:00:00+00:00,10370.252028375484
2023-10-03 04:00:00+00:00,10000.340990694085
2023-10-03 05:00:00+00:00,9421.68424955283
2023-10-03 06:00:00+00:00,8691.146766822643
2023-10-03 07:00:00+00:00,8118.664815188823
2023-10-03 08:00:00+00:00,7720.3220955865145
2023-10-03 09:00:00+00:00,7474.138236157241
2023-10-03 10:00:00+00:00,7345.206919879159
2023-10-03 11:00:00+00:00,7353.660468608023
2023-10-03 12:00:00+00:00,7595.327807589578
2023-10-03 13:00:00+00:00,8222.01519016381
2023-10-03 14:00:00+00:00,9131.235923274655
2023-10-03 15:00:00+00:00,9750.663643901944
2023-10-03 16:00:00+00:00,9882.756013764923
2023-10-03 17:00:00+00:00,9894.27252572086
2023-10-03 18:00:00+00:00,9863.407593659262
2023-10-03 19:00:00+00:00,9775.670145220414
2023-10-03 20:00:00+00:00,9709.573936724
2023-10-03 21:00:00+00:00,9596.703249358052
2023-10-03 22:00:00+00:00,9498.799440064951
2023-10-03 23:00:00+00:00,9458.49189790462
2023-10-04 00:00:00+00:00,9570.671973966962
2023-10-04 01:00:00+00:00,9712.491024381301
2023-10-04 02:00:00+00:00,9874.34466748451
2023-10-04 03:00:00+00:00,10054.231703637088
2023-10-04 04:00:00+00:00,9782.547186228923
2023-10-04 05:00:00+00:00,9256.671442761026
2023-10-04 06:00:00+00:00,8628.18030629128
2023-10-04 07:00:00+00:00,8046.719861481036
2023-10-04 08:00:00+00:00,7674.979109693219
2023-10-04 09:00:00+00:00,7471.200097274668
2023-10-04 10:00:00+00:00,7343.028651107299
2023-10-04 11:00:00+00:00,7354.478245312204
2023-10-04 12:00:00+00:00,7586.05871873987
2023-10-04 13:00:00+00:00,8217.077010679403
2023-10-04 14:00:00+00:00,9108.528609935975
2023-10-04 15:00:00+00:00,9721.518805448597
2023-10-04 16:00:00+00:00,9899.258137776931
2023-10-04 17:00:00+00:00,9968.645604360923
2023-10-04 18:00:00+00:00,9914.491778445172
2023-10-04 19:00:00+00:00,9844.729819864386
2023-10-04 20:00:00+00:00,9769.842633596867
2023-10-04 21:00:00+00:00,9703.776907236435
2023-10-04 22:00:00+00:00,9630.622328873058
2023-10-04 23:00:00+00:00,9607.489800242914
2023-10-05 00:00:00+00:00,9651.672574216022
2023-10-05 01:00:00+00:00,9758.603437320608
2023-10-05 02:00:00+00:00,9834.391828155249
2023-10-05 03:00:00+00:00,9963.269273869586
2023-10-05 04:00:00+00:00,9673.723207397405
2023-10-05 05:00:00+00:00,9142.736241652507
2023-10-05 06:00:00+00:00,8464.540868839797
2023-10-05 07:00:00+00:00,7877.423026501947
2023-10-05 08:00:00+00:00,7497.222130870114
2023-10-05 09:00:00+00:00,7266.026680729109
2023-10-05 10:00:00+00:00,7163.259808303096
2023-10-05 11:00:00+00:00,7162.646661872233
2023-10-05 12:00:00+00:00,7395.136979046856
2023-10-05 13:00:00+00:00,8007.4342446499095
2023-10-05 14:00:00+00:00,8912.745707931144
2023-10-05 15:00:00+00:00,9527.338462862364
2023-10-05 16:00:00+00:00,9720.970821495805
2023-10-05 17:00:00+00:00,9745.097687746387
2023-10-05 18:00:00+00:00,9680.45013888871
2023-10-05 19:00:00+00:00,9680.13050032364
2023-10-05 20:00:00+00:00,9638.98403332238
2023-10-05 21:00:00+00:00,9640.844920142225
2023-10-05 22:00:00+00:00,9632.340259928074
2023-10-05 23:00:00+00:00,9648.347091923526
2023-10-06 00:00:00+00:00,9719.299571658015
2023-10-06 01:00:00+00:00,9809.039937244794
2023-10-06 02:00:00+00:00,9866.96630581628
2023-10-06 03:00:00+00:00,9983.664372210056
2023-10-06 04:00:00+00:00,9690.223982266618
2023-10-06 05:00:00+00:00,9144.447789522512
2023-10-06 06:00:00+00:00,8492.805642849697
2023-10-06 07:00:00+00:00,7912.567159648377
2023-10-06 08:00:00+00:00,7532.563976935908
2023-10-06 09:00:00+00:00,7301.793061432218
2023-10-06 10:00:00+00:00,7172.5154132203315
2023-10-06 11:00:00+00:00,7180.961694081379
2023-10-06 12:00:00+00:00,7391.804046187508
2023-10-06 13:00:00+00:00,7962.920556298776
2023-10-06 14:00:00+00:00,8833.96614025475
2023-10-06 15:00:00+00:00,9478.312275881928
2023-10-06 16:00:00+00:00,9745.651335821189
2023-10-06 17:00:00+00:00,9814.575594938009
2023-10-06 18:00:00+00:00,9783.439088163355
2023-10-06 19:00:00+00:00,9748.14609074824
2023-10-06 20:00:00+00:00,9747.948934853357
2023-10-06 21:00:00+00:00,9779.722540257037
2023-10-06 22:00:00+00:00,9750.879645874791
2023-10-06 23:00:00+00:00,9808.86016983736
2023-10-07 00:00:00+00:00,9829.805806543789
2023-10-07 01:00:00+00:00,9826.337186483503
2023-10-07 02:00:00+00:00,9712.44942060285
2023-10-07 03:00:00+00:00,9662.175067031923
2023-10-07 04:00:00+00:00,9282.372326364959
2023-10-07 05:00:00+00:00,8836.012247969005
2023-10-07 06:00:00+00:00,8310.657360578627
2023-10-07 07:00:00+00:00,7782.8017346601255
2023-10-07 08:00:00+00:00,7400.761853093299
2023-10-07 09:00:00+00:00,7122.729030233737
2023-10-07 10:00:00+00:00,6989.078858758167
2023-10-07 11:00:00+00:00,6953.143300480574
2023-10-07 12:00:00+00:00,7069.0397217387845
2023-10-07 13:00:00+00:00,7328.1847203089765
2023-10-07 14:00:00+00:00,7715.401330485258
2023-10-07 15:00:00+00:00,8274.700288666572
2023-10-07 16:00:00+00:00,8774.975797533261
2023-10-07 17:00:00+00:00,9045.609922938338
2023-10-07 18:00:00+00:00,9089.200035654716
2023-10-07 19:00:00+00:00,9114.700375023065
2023-10-07 20:00:00+00:00,9121.983202699246
2023-10-07 21:00:00+00:00,9134.629840890839
2023-10-07 22:00:00+00:00,9198.705919402913
2023-10-07 23:00:00+00:00,9297.19764695863
2023-10-08 00:00:00+00:00,9485.099546150961
2023-10-08 01:00:00+00:00,9521.247031682333
2023-10-08 02:00:00+00:00,9473.88642329238
2023-10-08 03:00:00+00:00,9436.689669204474
2023-10-08 04:00:00+00:00,9081.62448159639
2023-10-08 05:00:00+00:00,8661.133101710959
2023-10-08 06:00:00+00:00,8155.670529909714
2023-10-08 07:00:00+00:00,7681.325335613899
2023-10-08 08:00:00+00:00,7302.628147454985
2023-10-08 09:00:00+00:00,7011.574606639324
2023-10-08 10:00:00+00:00,6850.574812810027
2023-10-08 11:00:00+00:00,6777.878907428886
2023-10-08 12:00:00+00:00,6815.499577988065
2023-10-08 13:00:00+00:00,6974.112232645338
2023-10-08 14:00:00+00:00,7309.433398492333
2023-10-08 15:00:00+00:00,7762.279986448522
2023-10-08 16:00:00+00:00,8316.91063854521
2023-10-08 17:00:00+00:00,8713.408102765332
2023-10-08 18:00:00+00:00,8874.298490918709
2023-10-08 19:00:00+00:00,8962.546168692155
2023-10-08 20:00:00+00:00,9007.729438124547
2023-10-08 21:00:00+00:00,9067.850558661983
2023-10-08 22:00:00+00:00,9122.016011424063
2023-10-08 23:00:00+00:00,9219.429066521481
2023-10-09 00:00:00+00:00,9414.35213134469
2023-10-09 01:00:00+00:00,9565.370926445676
2023-10-09 02:00:00+00:00,9636.646626079268
2023-10-09 03:00:00+00:00,9674.37893220869
2023-10-09 04:00:00+00:00,9330.05600937015
2023-10-09 05:00:00+00:00,8776.478412127497
2023-10-09 06:00:00+00:00,8140.078510093119
2023-10-09 07:00:00+00:00,7533.758149987384
2023-10-09 08:00:00+00:00,7154.956767672209
2023-10-09 09:00:00+00:00,6917.488835403834
2023-10-09 10:00:00+00:00,6798.202558326268
2023-10-09 11:00:00+00:00,6842.045628314278
2023-10-09 12:00:00+00:00,7069.239256577887
2023-10-09 13:00:00+00:00,7600.480626170416
2023-10-09 14:00:00+00:00,8471.434045497746
2023-10-09 15:00:00+00:00,9100.253109908062
2023-10-09 16:00:00+00:00,9331.594779560994
2023-10-09 17:00:00+00:00,9559.092772373564
2023-10-09 18:00:00+00:00,9682.215783971853
2023-10-09 19:00:00+00:00,9688.230980943466
2023-10-09 20:00:00+00:00,9768.988018895658
2023-10-09 21:00:00+00:00,9715.746875924442
2023-10-09 22:00:00+00:00,9730.109109590818
2023-10-09 23:00:00+00:00,9695.116824944329
2023-10-10 00:00:00+00:00,9775.362175498063
2023-10-10 01:00:00+00:00,9933.706543259525
2023-10-10 02:00:00+00:00,10073.103441157162
2023-10-10 03:00:00+00:00,10082.010648405192
2023-10-10 04:00:00+00:00,9723.355289775556
2023-10-10 05:00:00+00:00,9157.89982449897
2023-10-10 06:00:00+00:00,8503.530962150728
2023-10-10 07:00:00+00:00,7917.942697051126
2023-10-10 08:00:00+00:00,7526.586023309159
2023-10-10 09:00:00+00:00,7287.867188128988
2023-10-10 10:00:00+00:00,7184.486168991974
2023-10-10 11:00:00+00:00,7218.5819257897665
2023-10-10 12:00:00+00:00,7439.756985107611
2023-10-10 13:00:00+00:00,8114.731726976799
2023-10-10 14:00:00+00:00,9059.97224063648
2023-10-10 15:00:00+00:00,9713.090668796489
2023-10-10 16:00:00+00:00,9900.53039423409
2023-10-10 17:00:00+00:00,10042.227554063871
2023-10-10 18:00:00+00:00,10069.390867811433
2023-10-10 19:00:00+00:00,10036.461510285262
2023-10-10 20:00:00+00:00,9965.018859640402
2023-10-10 21:00:00+00:00,9842.30234355097
2023-10-10 22:00:00+00:00,9705.602563231212
2023-10-10 23:00:00+00:00,9647.655510270382
2023-10-11 00:00:00+00:00,9809.883842009069
2023-10-11 01:00:00+00:00,10050.703476898803
2023-10-11 02:00:00+00:00,10270.989343061075
2023-10-11 03:00:00+00:00,10259.244486343834
2023-10-11 04:00:00+00:00,9942.174658765918
2023-10-11 05:00:00+00:00,9464.694282394124
2023-10-11 06:00:00+00:00,8758.75513313315
2023-10-11 07:00:00+00:00,8183.303889973598
2023-10-11 08:00:00+00:00,7771.512021345794
2023-10-11 09:00:00+00:00,7570.71887856799
2023-10-11 10:00:00+00:00,7450.66445293479
2023-10-11 11:00:00+00:00,7492.404666691976
2023-10-11 12:00:00+00:00,7768.408452081237
2023-10-11 13:00:00+00:00,8430.330092244807
2023-10-11 14:00:00+00:00,9371.385169260233
2023-10-11 15:00:00+00:00,10015.913408697395
2023-10-11 16:00:00+00:00,10182.313539021505
2023-10-11 17:00:00+00:00,10222.007540415238
2023-10-11 18:00:00+00:00,10152.275238596982
2023-10-11 19:00:00+00:00,10046.330427984438
2023-10-11 20:00:00+00:00,9936.700888966263
2023-10-11 21:00:00+00:00,9781.172040580035
2023-10-11 22:00:00+00:00,9653.455037925352
2023-10-11 23:00:00+00:00,9628.543039547898
2023-10-12 00:00:00+00:00,9673.792421590877
2023-10-12 01:00:00+00:00,9865.859884607144
2023-10-12 02:00:00+00:00,10099.353039444024
2023-10-12 03:00:00+00:00,10194.009921548526
2023-10-12 04:00:00+00:00,9906.090259806298
2023-10-12 05:00:00+00:00,9444.915967708292
2023-10-12 06:00:00+00:00,8778.232350687525
2023-10-12 07:00:00+00:00,8184.465949529205
2023-10-12 08:00:00+00:00,7821.907909110073
2023-10-12 09:00:00+00:00,7618.740332438181
2023-10-12 10:00:00+00:00,7510.447531478875
2023-10-12 11:00:00+00:00,7549.636298872963
2023-10-12 12:00:00+00:00,7837.78242669602
2023-10-12 13:00:00+00:00,8511.47613658359
2023-10-12 14:00:00+00:00,9471.177810657013
2023-10-12 15:00:00+00:00,10155.882507120281
2023-10-12 16:00:00+00:00,10277.481989140786
2023-10-12 17:00:00+00:00,10193.697585176891
2023-10-12 18:00:00+00:00,10033.211230195855
2023-10-12 19:00:00+00:00,9913.830692429023
2023-10-12 20:00:00+00:00,9751.264552384224
2023-10-12 21:00:00+00:00,9646.238909193875
2023-10-12 22:00:00+00:00,9505.718428804235
2023-10-12 23:00:00+00:00,9426.727839198127
2023-10-13 00:00:00+00:00,9501.913370395227
2023-10-13 01:00:00+00:00,9602.394598083689
2023-10-13 02:00:00+00:00,9814.045515870412
2023-10-13 03:00:00+00:00,9910.094074567423
2023-10-13 04:00:00+00:00,9687.37979719969
2023-10-13 05:00:00+00:00,9215.976684202522
2023-10-13 06:00:00+00:00,8642.274079607092
2023-10-13 07:00:00+00:00,8066.941252755563
2023-10-13 08:00:00+00:00,7723.691162774155
2023-10-13 09:00:00+00:00,7558.2837753965105
2023-10-13 10:00:00+00:00,7469.226233996175
2023-10-13 11:00:00+00:00,7518.157846474493
2023-10-13 12:00:00+00:00,7817.936372108346
2023-10-13 13:00:00+00:00,8492.948516861727
2023-10-13 14:00:00+00:00,9416.743215444267
2023-10-13 15:00:00+00:00,10101.906036929462
2023-10-13 16:00:00+00:00,10333.976771346519
2023-10-13 17:00:00+00:00,10251.917798322545
2023-10-13 18:00:00+00:00,10116.697589028683
2023-10-13 19:00:00+00:00,9915.50446521209
2023-10-13 20:00:00+00:00,9786.982476350338
2023-10-13 21:00:00+00:00,9690.965763579481
2023-10-13 22:00:00+00:00,9559.191195216708
2023-10-13 23:00:00+00:00,9519.154911815545
2023-10-14 00:00:00+00:00,9555.024902302424
2023-10-14 01:00:00+00:00,9649.025564136084
2023-10-14 02:00:00+00:00,9769.870682377717
2023-10-14 03:00:00+00:00,9647.728171099241
2023-10-14 04:00:00+00:00,9343.404823803647
2023-10-14 05:00:00+00:00,8949.25031117985
2023-10-14 06:00:00+00:00,8507.328747534604
2023-10-14 07:00:00+00:00,7989.844650281112
2023-10-14 08:00:00+00:00,7624.051106451249
2023-10-14 09:00:00+00:00,7349.58642801525
2023-10-14 10:00:00+00:00,7195.273312314167
2023-10-14 11:00:00+00:00,7151.877575368557
2023-10-14 12:00:00+00:00,7216.94965608241
2023-10-14 13:00:00+00:00,7486.615759383891
2023-10-14 14:00:00+00:00,7902.263789834914
2023-10-14 15:00:00+00:00,8407.81193408089
2023-10-14 16:00:00+00:00,8963.267440270676
2023-10-14 17:00:00+00:00,9351.915741389781
2023-10-14 18:00:00+00:00,9414.128196721385
2023-10-14 19:00:00+00:00,9351.52001989107
2023-10-14 20:00:00+00:00,9252.831565141843
2023-10-14 21:00:00+00:00,9111.889468534984
2023-10-14 22:00:00+00:00,9009.37994722259
2023-10-14 23:00:00+00:00,8967.326759938134
2023-10-15 00:00:00+00:00,9037.672424480057
2023-10-15 01:00:00+00:00,9201.289889688207
2023-10-15 02:00:00+00:00,9427.809463390742
2023-10-15 03:00:00+00:00,9357.067910621774
2023-10-15 04:00:00+00:00,9075.073713509271
2023-10-15 05:00:00+00:00,8703.759833771006
2023-10-15 06:00:00+00:00,8251.97899338035
2023-10-15 07:00:00+00:00,7798.799572152563
2023-10-15 08:00:00+00:00,7446.616763932367
2023-10-15 09:00:00+00:00,7217.176574776657
2023-10-15 10:00:00+00:00,7077.438902370888
2023-10-15 11:00:00+00:00,7017.3673945653445
2023-10-15 12:00:00+00:00,7073.975725434238
2023-10-15 13:00:00+00:00,7321.143238998752
2023-10-15 14:00:00+00:00,7683.3890635946
2023-10-15 15:00:00+00:00,8173.817300101151
2023-10-15 16:00:00+00:00,8698.639774698135
2023-10-15 17:00:00+00:00,9044.678962790742
2023-10-15 18:00:00+00:00,9126.500419736869
2023-10-15 19:00:00+00:00,9161.830262283227
2023-10-15 20:00:00+00:00,9106.086735528515
2023-10-15 21:00:00+00:00,9095.576626246431
2023-10-15 22:00:00+00:00,9048.006326439976
2023-10-15 23:00:00+00:00,9107.689211654306
2023-10-16 00:00:00+00:00,9240.4258538171
2023-10-16 01:00:00+00:00,9463.050591997993
2023-10-16 02:00:00+00:00,9738.99537809057
2023-10-16 03:00:00+00:00,9685.15856841513
2023-10-16 04:00:00+00:00,9353.683826728438
2023-10-16 05:00:00+00:00,8867.983449819467
2023-10-16 06:00:00+00:00,8235.669921662393
2023-10-16 07:00:00+00:00,7708.262589244582
2023-10-16 08:00:00+00:00,7364.471333547368
2023-10-16 09:00:00+00:00,7172.297855088631
2023-10-16 10:00:00+00:00,7074.055896635052
2023-10-16 11:00:00+00:00,7136.07576988108
2023-10-16 12:00:00+00:00,7391.472770514653
2023-10-16 13:00:00+00:00,8078.387827703428
2023-10-16 14:00:00+00:00,9031.989579480836
2023-10-16 15:00:00+00:00,9734.412215470795
2023-10-16 16:00:00+00:00,9944.577497687787
2023-10-16 17:00:00+00:00,10066.220533613836
2023-10-16 18:00:00+00:00,10129.196667005019
2023-10-16 19:00:00+00:00,10174.93509404282
2023-10-16 20:00:00+00:00,10089.857591136593
2023-10-16 21:00:00+00:00,9979.564393880024
2023-10-16 22:00:00+00:00,9822.995740438217
2023-10-16 23:00:00+00:00,9819.56104329647
2023-10-17 00:00:00+00:00,9959.793492282743
2023-10-17 01:00:00+00:00,10142.282290188676
2023-10-17 02:00:00+00:00,10344.11059452924
2023-10-17 03:00:00+00:00,10302.168888278567
2023-10-17 04:00:00+00:00,9968.129166956904
2023-10-17 05:00:00+00:00,9446.706163409333
2023-10-17 06:00:00+00:00,8795.301229796853
2023-10-17 07:00:00+00:00,8231.890580053012
2023-10-17 08:00:00+00:00,7863.987469912176
2023-10-17 09:00:00+00:00,7648.807353541703
2023-10-17 10:00:00+00:00,7546.16984378435
2023-10-17 11:00:00+00:00,7603.895524459664
2023-10-17 12:00:00+00:00,7869.631182283115
2023-10-17 13:00:00+00:00,8571.414706309568
2023-10-17 14:00:00+00:00,9569.697796293118
2023-10-17 15:00:00+00:00,10251.34278166198
2023-10-17 16:00:00+00:00,10344.044885794274
2023-10-17 17:00:00+00:00,10293.876804736125
2023-10-17 18:00:00+00:00,10175.568558185814
2023-10-17 19:00:00+00:00,10102.602116950076
2023-10-17 20:00:00+00:00,9923.93377931884
2023-10-17 21:00:00+00:00,9859.550024582868
2023-10-17 22:00:00+00:00,9802.492521189155
2023-10-17 23:00:00+00:00,9817.174881136782
2023-10-18 00:00:00+00:00,9985.221598664011
2023-10-18 01:00:00+00:00,10200.290927899008
2023-10-18 02:00:00+00:00,10435.949372865825
2023-10-18 03:00:00+00:00,10387.660238001421
2023-10-18 04:00:00+00:00,10056.840557964606
2023-10-18 05:00:00+00:00,9509.974058316237
2023-10-18 06:00:00+00:00,8847.089775691025
2023-10-18 07:00:00+00:00,8234.92488450208
2023-10-18 08:00:00+00:00,7834.633601656597
2023-10-18 09:00:00+00:00,7623.113778134695
2023-10-18 10:00:00+00:00,7533.662170647643
2023-10-18 11:00:00+00:00,7561.3823389385925
2023-10-18 12:00:00+00:00,7831.245801990155
2023-10-18 13:00:00+00:00,8525.009322963651
2023-10-18 14:00:00+00:00,9542.863870069099
2023-10-18 15:00:00+00:00,10189.24564633983
2023-10-18 16:00:00+00:00,10328.980389442992
2023-10-18 17:00:00+00:00,10208.339673683848
2023-10-18 18:00:00+00:00,10006.341576516144
2023-10-18 19:00:00+00:00,9842.187031435937
2023-10-18 20:00:00+00:00,9772.182680424112
2023-10-18 21:00:00+00:00,9703.675845914882
2023-10-18 22:00:00+00:00,9597.722347547477
2023-10-18 23:00:00+00:00,9555.067591882353
2023-10-19 00:00:00+00:00,9615.519493120457
2023-10-19 01:00:00+00:00,9752.587392767082
2023-10-19 02:00:00+00:00,9947.93127228954
2023-10-19 03:00:00+00:00,9954.380445717063
2023-10-19 04:00:00+00:00,9652.156180681108
2023-10-19 05:00:00+00:00,9109.735819128158
2023-10-19 06:00:00+00:00,8511.328580106552
2023-10-19 07:00:00+00:00,7925.282723815441
2023-10-19 08:00:00+00:00,7571.847093877551
2023-10-19 09:00:00+00:00,7395.008388547452
2023-10-19 10:00:00+00:00,7298.811306478766
2023-10-19 11:00:00+00:00,7319.923578787174
2023-10-19 12:00:00+00:00,7607.587119319034
2023-10-19 13:00:00+00:00,8280.807847243734
2023-10-19 14:00:00+00:00,9347.23769969229
2023-10-19 15:00:00+00:00,10031.460440883557
2023-10-19 16:00:00+00:00,10187.65023319113
2023-10-19 17:00:00+00:00,10168.228229790722
2023-10-19 18:00:00+00:00,10052.383024408216
2023-10-19 19:00:00+00:00,9927.867362893145
2023-10-19 20:00:00+00:00,9885.689773020531
2023-10-19 21:00:00+00:00,9825.368408406779
2023-10-19 22:00:00+00:00,9764.043132895049
2023-10-19 23:00:00+00:00,9725.93591722269
2023-10-20 00:00:00+00:00,9724.004365441462
2023-10-20 01:00:00+00:00,9903.403061571225
2023-10-20 02:00:00+00:00,10098.29139922954
2023-10-20 03:00:00+00:00,10006.778125882829
2023-10-20 04:00:00+00:00,9640.991525750705
2023-10-20 05:00:00+00:00,9131.861773008688
2023-10-20 06:00:00+00:00,8529.850470937314
2023-10-20 07:00:00+00:00,7958.5147263479375
2023-10-20 08:00:00+00:00,7552.876089915362
2023-10-20 09:00:00+00:00,7320.203439443516
2023-10-20 10:00:00+00:00,7130.532082147912
2023-10-20 11:00:00+00:00,7110.195038710123
2023-10-20 12:00:00+00:00,7301.235955433077
2023-10-20 13:00:00+00:00,7875.602720341723
2023-10-20 14:00:00+00:00,8710.773033778643
2023-10-20 15:00:00+00:00,9427.709762305045
2023-10-20 16:00:00+00:00,9623.217885592607
2023-10-20 17:00:00+00:00,9796.522569336528
2023-10-20 18:00:00+00:00,9827.119784355107
2023-10-20 19:00:00+00:00,9841.443070964502
2023-10-20 20:00:00+00:00,9727.99786915825
2023-10-20 21:00:00+00:00,9629.619618894598
2023-10-20 22:00:00+00:00,9468.690701845902
2023-10-20 23:00:00+00:00,9415.211638819905
2023-10-21 00:00:00+00:00,9471.657753536203
2023-10-21 01:00:00+00:00,9610.059142551683
2023-10-21 02:00:00+00:00,9792.37121885201
2023-10-21 03:00:00+00:00,9629.799310366894
2023-10-21 04:00:00+00:00,9307.861888420823
2023-10-21 05:00:00+00:00,8938.588772670508
2023-10-21 06:00:00+00:00,8474.74459643871
2023-10-21 07:00:00+00:00,7981.917529769379
2023-10-21 08:00:00+00:00,7620.441193909193
2023-10-21 09:00:00+00:00,7362.973799823221
2023-10-21 10:00:00+00:00,7236.883157592985
2023-10-21 11:00:00+00:00,7184.824193037696
2023-10-21 12:00:00+00:00,7265.444885979353
2023-10-21 13:00:00+00:00,7514.235558392334
2023-10-21 14:00:00+00:00,7956.395789202644
2023-10-21 15:00:00+00:00,8490.915048140236
2023-10-21 16:00:00+00:00,8999.070709565207
2023-10-21 17:00:00+00:00,9344.26741021311
2023-10-21 18:00:00+00:00,9484.070273373176
2023-10-21 19:00:00+00:00,9506.079278905792
2023-10-21 20:00:00+00:00,9441.148580395055
2023-10-21 21:00:00+00:00,9335.82608732542
2023-10-21 22:00:00+00:00,9249.560820343504
2023-10-21 23:00:00+00:00,9225.970359907877
2023-10-22 00:00:00+00:00,9251.350048244904
2023-10-22 01:00:00+00:00,9422.331919511915
2023-10-22 02:00:00+00:00,9592.622729443332
2023-10-22 03:00:00+00:00,9412.74899460625
2023-10-22 04:00:00+00:00,9139.795751732578
2023-10-22 05:00:00+00:00,8788.11799701385
2023-10-22 06:00:00+00:00,8370.872667845802
2023-10-22 07:00:00+00:00,7928.959467146312
2023-10-22 08:00:00+00:00,7557.072868760468
2023-10-22 09:00:00+00:00,7311.4488853836965
2023-10-22 10:00:00+00:00,7169.274488426549
2023-10-22 11:00:00+00:00,7117.901072190476
2023-10-22 12:00:00+00:00,7171.582227268019
2023-10-22 13:00:00+00:00,7395.240301703744
2023-10-22 14:00:00+00:00,7817.026834407421
2023-10-22 15:00:00+00:00,8282.76418078163
2023-10-22 16:00:00+00:00,8825.140437582175
2023-10-22 17:00:00+00:00,9209.660660240079
2023-10-22 18:00:00+00:00,9365.023913149573
2023-10-22 19:00:00+00:00,9452.201832825198
2023-10-22 20:00:00+00:00,9395.047846975394
2023-10-22 21:00:00+00:00,9291.910745789542
2023-10-22 22:00:00+00:00,9225.318297742346
2023-10-22 23:00:00+00:00,9227.104773582008
2023-10-23 00:00:00+00:00,9336.364533796863
2023-10-23 01:00:00+00:00,9573.778305064383
2023-10-23 02:00:00+00:00,9917.345228644484
2023-10-23 03:00:00+00:00,9906.046982466
2023-10-23 04:00:00+00:00,9620.659550585659
2023-10-23 05:00:00+00:00,9166.120566589347
2023-10-23 06:00:00+00:00,8544.430050542049
2023-10-23 07:00:00+00:00,8031.209272398478
2023-10-23 08:00:00+00:00,7678.288117188208
2023-10-23 09:00:00+00:00,7503.321187495389
2023-10-23 10:00:00+00:00,7428.3099697365715
2023-10-23 11:00:00+00:00,7492.172604676171
2023-10-23 12:00:00+00:00,7786.460778936878
2023-10-23 13:00:00+00:00,8544.418920781412
2023-10-23 14:00:00+00:00,9567.739109145976
2023-10-23 15:00:00+00:00,10253.697745674224
2023-10-23 16:00:00+00:00,10397.617189849712
2023-10-23 17:00:00+00:00,10464.28009595606
2023-10-23 18:00:00+00:00,10531.89789503956
2023-10-23 19:00:00+00:00,10409.136642778347
2023-10-23 20:00:00+00:00,10303.97981223002
2023-10-23 21:00:00+00:00,10102.711839012907
2023-10-23 22:00:00+00:00,9991.020804248294
2023-10-23 23:00:00+00:00,9920.985979144345
2023-10-24 00:00:00+00:00,10033.456766646546
2023-10-24 01:00:00+00:00,10424.743887712968
2023-10-24 02:00:00+00:00,10839.891406725956
2023-10-24 03:00:00+00:00,10765.791859812225
2023-10-24 04:00:00+00:00,10426.898113016698
2023-10-24 05:00:00+00:00,9876.440590636623
2023-10-24 06:00:00+00:00,9188.827637073764
2023-10-24 07:00:00+00:00,8618.666003885253
2023-10-24 08:00:00+00:00,8255.000583688152
2023-10-24 09:00:00+00:00,8069.754231097571
2023-10-24 10:00:00+00:00,7978.530715558523
2023-10-24 11:00:00+00:00,8045.829617645974
2023-10-24 12:00:00+00:00,8406.409235840434
2023-10-24 13:00:00+00:00,9192.129880006856
2023-10-24 14:00:00+00:00,10204.637357519627
2023-10-24 15:00:00+00:00,10927.68718780387
2023-10-24 16:00:00+00:00,11108.484996415336
2023-10-24 17:00:00+00:00,11020.40890833629
2023-10-24 18:00:00+00:00,10910.9010604018
2023-10-24 19:00:00+00:00,10768.815526799286
2023-10-24 20:00:00+00:00,10766.315221214438
2023-10-24 21:00:00+00:00,10691.937954455461
2023-10-24 22:00:00+00:00,10605.376892947801
2023-10-24 23:00:00+00:00,10725.723985173934
2023-10-25 00:00:00+00:00,10977.638977279248
2023-10-25 01:00:00+00:00,11329.782257197268
2023-10-25 02:00:00+00:00,11525.316334351139
2023-10-25 03:00:00+00:00,11410.650052966814
2023-10-25 04:00:00+00:00,11113.017512328219
2023-10-25 05:00:00+00:00,10475.654360686394
2023-10-25 06:00:00+00:00,9762.117315375926
2023-10-25 07:00:00+00:00,9268.161530453683
2023-10-25 08:00:00+00:00,8925.575083061665
2023-10-25 09:00:00+00:00,8718.773371236493
2023-10-25 10:00:00+00:00,8616.154758543726
2023-10-25 11:00:00+00:00,8664.5619851344
2023-10-25 12:00:00+00:00,9059.673401734453
2023-10-25 13:00:00+00:00,9857.57374208245
2023-10-25 14:00:00+00:00,10959.974844652028
2023-10-25 15:00:00+00:00,11679.254114874351
2023-10-25 16:00:00+00:00,11627.73415092468
2023-10-25 17:00:00+00:00,11698.562867612265
2023-10-25 18:00:00+00:00,11536.02281948998
2023-10-25 19:00:00+00:00,11302.572403815366
2023-10-25 20:00:00+00:00,11094.928217023244
2023-10-25 21:00:00+00:00,10940.673086691397
2023-10-25 22:00:00+00:00,10740.80320875581
2023-10-25 23:00:00+00:00,10730.39953034647
2023-10-26 00:00:00+00:00,10951.909772397514
2023-10-26 01:00:00+00:00,11289.671697868884
2023-10-26 02:00:00+00:00,11733.644729656635
2023-10-26 03:00:00+00:00,11723.43843985122
2023-10-26 04:00:00+00:00,11474.781424263916
2023-10-26 05:00:00+00:00,10949.13531906324
2023-10-26 06:00:00+00:00,10197.07296414135
2023-10-26 07:00:00+00:00,9604.4748775662
2023-10-26 08:00:00+00:00,9240.944899786698
2023-10-26 09:00:00+00:00,9093.219809117852
2023-10-26 10:00:00+00:00,9056.804072402756
2023-10-26 11:00:00+00:00,9176.215234625797
2023-10-26 12:00:00+00:00,9587.332328986859
2023-10-26 13:00:00+00:00,10442.76139779674
2023-10-26 14:00:00+00:00,11601.128055220965
2023-10-26 15:00:00+00:00,12353.512415415918
2023-10-26 16:00:00+00:00,12415.877369424907
2023-10-26 17:00:00+00:00,12263.344953948681
2023-10-26 18:00:00+00:00,11934.840951926948
2023-10-26 19:00:00+00:00,11573.33693733066
2023-10-26 20:00:00+00:00,11247.756719210365
2023-10-26 21:00:00+00:00,10964.608967227656
2023-10-26 22:00:00+00:00,10719.370706521078
2023-10-26 23:00:00+00:00,10656.209396678985
2023-10-27 00:00:00+00:00,10777.79292651237
2023-10-27 01:00:00+00:00,11212.748943969289
2023-10-27 02:00:00+00:00,11678.845742382651
2023-10-27 03:00:00+00:00,11724.532425005162
2023-10-27 04:00:00+00:00,11513.830230351585
2023-10-27 05:00:00+00:00,11035.683748960793
2023-10-27 06:00:00+00:00,10369.568279139401
2023-10-27 07:00:00+00:00,9831.553694250017
2023-10-27 08:00:00+00:00,9506.498538958465
2023-10-27 09:00:00+00:00,9389.966855110188
2023-10-27 10:00:00+00:00,9390.628659673297
2023-10-27 11:00:00+00:00,9544.222920644033
2023-10-27 12:00:00+00:00,9988.60154411225
2023-10-27 13:00:00+00:00,10889.658145894102
2023-10-27 14:00:00+00:00,12031.118309417327
2023-10-27 15:00:00+00:00,12858.651702962328
2023-10-27 16:00:00+00:00,13086.471206210948
2023-10-27 17:00:00+00:00,12872.638939904718
2023-10-27 18:00:00+00:00,12413.89152468077
2023-10-27 19:00:00+00:00,11944.330313054812
2023-10-27 20:00:00+00:00,11533.466918022885
2023-10-27 21:00:00+00:00,11233.508895416428
2023-10-27 22:00:00+00:00,10942.785977289457
2023-10-27 23:00:00+00:00,10838.760051924173
2023-10-28 00:00:00+00:00,10921.877833605078
2023-10-28 01:00:00+00:00,11258.089688291488
2023-10-28 02:00:00+00:00,11685.892363819436
2023-10-28 03:00:00+00:00,11712.520100603684
2023-10-28 04:00:00+00:00,11592.686293179404
2023-10-28 05:00:00+00:00,11287.737241998451
2023-10-28 06:00:00+00:00,10800.085764220858
2023-10-28 07:00:00+00:00,10359.267807980024
2023-10-28 08:00:00+00:00,10094.552842327505
2023-10-28 09:00:00+00:00,9968.42137552886
2023-10-28 10:00:00+00:00,9997.826884324872
2023-10-28 11:00:00+00:00,10141.310752201727
2023-10-28 12:00:00+00:00,10444.4536838342
2023-10-28 13:00:00+00:00,10984.189448866759
2023-10-28 14:00:00+00:00,11694.927649210522
2023-10-28 15:00:00+00:00,12453.606939978972
2023-10-28 16:00:00+00:00,13027.711955084416
2023-10-28 17:00:00+00:00,12987.42310835886
2023-10-28 18:00:00+00:00,12506.632237445574
2023-10-28 19:00:00+00:00,11939.185484352302
2023-10-28 20:00:00+00:00,11407.74821133144
2023-10-28 21:00:00+00:00,10914.026575873935
2023-10-28 22:00:00+00:00,10579.84105467901
2023-10-28 23:00:00+00:00,10382.216608248335
2023-10-29 00:00:00+00:00,10447.61753522322
2023-10-29 01:00:00+00:00,10781.979426819014
2023-10-29 02:00:00+00:00,11338.235509923099
2023-10-29 03:00:00+00:00,11401.187944496916
2023-10-29 04:00:00+00:00,11333.754158886013
2023-10-29 05:00:00+00:00,11070.91450792736
2023-10-29 06:00:00+00:00,10658.94276383864
2023-10-29 07:00:00+00:00,10303.251212971454
2023-10-29 08:00:00+00:00,10125.193891575718
2023-10-29 09:00:00+00:00,10041.866522517068
2023-10-29 10:00:00+00:00,10086.57944899967
2023-10-29 11:00:00+00:00,10214.795632181851
2023-10-29 12:00:00+00:00,10463.20415542069
2023-10-29 13:00:00+00:00,10920.013355906933
2023-10-29 14:00:00+00:00,11570.766944703308
2023-10-29 15:00:00+00:00,12277.269727474004
2023-10-29 16:00:00+00:00,12812.515772563569
2023-10-29 17:00:00+00:00,12804.818275853717
2023-10-29 18:00:00+00:00,12307.323575291392
2023-10-29 19:00:00+00:00,11798.282705188101
2023-10-29 20:00:00+00:00,11311.092660104243
2023-10-29 21:00:00+00:00,10852.453004411833
2023-10-29 22:00:00+00:00,10505.113702591225
2023-10-29 23:00:00+00:00,10302.956942181507
2023-10-30 00:00:00+00:00,10384.286557883815
2023-10-30 01:00:00+00:00,10812.528410198522
2023-10-30 02:00:00+00:00,11418.788962589022
2023-10-30 03:00:00+00:00,11569.228272764134
2023-10-30 04:00:00+00:00,11409.189219250326
2023-10-30 05:00:00+00:00,10995.104371398382
2023-10-30 06:00:00+00:00,10396.15628340015
2023-10-30 07:00:00+00:00,9925.77460246808
2023-10-30 08:00:00+00:00,9691.262745144897
2023-10-30 09:00:00+00:00,9658.096235674122
2023-10-30 10:00:00+00:00,9754.162325381649
2023-10-30 11:00:00+00:00,9982.41952309689
2023-10-30 12:00:00+00:00,10552.094942863076
2023-10-30 13:00:00+00:00,11541.166397316318
2023-10-30 14:00:00+00:00,12809.294137115761
2023-10-30 15:00:00+00:00,13626.354891951141
2023-10-30 16:00:00+00:00,13816.083344769966
2023-10-30 17:00:00+00:00,13450.344986182057
2023-10-30 18:00:00+00:00,12793.109697780745
2023-10-30 19:00:00+00:00,12198.742708888367
2023-10-30 20:00:00+00:00,11674.581660052714
2023-10-30 21:00:00+00:00,11191.90493085451
2023-10-30 22:00:00+00:00,10844.958076848408
2023-10-30 23:00:00+00:00,10680.085644032084
2023-10-31 00:00:00+00:00,10757.315013479898
2023-10-31 01:00:00+00:00,11196.71110386407
2023-10-31 02:00:00+00:00,11762.295459420715
2023-10-31 03:00:00+00:00,11794.887757138797
2023-10-31 04:00:00+00:00,11609.23031117083
2023-10-31 05:00:00+00:00,11141.275830855553
2023-10-31 06:00:00+00:00,10493.597267232295
2023-10-31 07:00:00+00:00,9982.748530607956
2023-10-31 08:00:00+00:00,9722.922121194177
2023-10-31 09:00:00+00:00,9653.591474965764
2023-10-31 10:00:00+00:00,9692.210814453385
2023-10-31 11:00:00+00:00,9920.455897042993
2023-10-31 12:00:00+00:00,10439.394232513865
2023-10-31 13:00:00+00:00,11413.26057038014
2023-10-31 14:00:00+00:00,12687.844808611662
2023-10-31 15:00:00+00:00,13469.706340929935
2023-10-31 16:00:00+00:00,13528.367862094712
2023-10-31 17:00:00+00:00,13205.135048785613
2023-10-31 18:00:00+00:00,12680.283829422662
2023-10-31 19:00:00+00:00,12113.085314630307
2023-10-31 20:00:00+00:00,11626.628355936644
2023-10-31 21:00:00+00:00,11196.452652704547
2023-10-31 22:00:00+00:00,10898.027442437899
2023-10-31 23:00:00+00:00,10767.982448521188
2023-11-01 00:00:00+00:00,10829.923856251928
2023-11-01 01:00:00+00:00,11054.332819117328
2023-11-01 02:00:00+00:00,11232.841446555403
2023-11-01 03:00:00+00:00,11180.981018900633
2023-11-01 04:00:00+00:00,11146.603579098457
2023-11-01 05:00:00+00:00,10879.727178127521
2023-11-01 06:00:00+00:00,10247.811901537272
2023-11-01 07:00:00+00:00,9693.91934789064
2023-11-01 08:00:00+00:00,9343.78192272264
2023-11-01 09:00:00+00:00,9201.216877932104
2023-11-01 10:00:00+00:00,9188.893545467688
2023-11-01 11:00:00+00:00,9265.608459009352
2023-11-01 12:00:00+00:00,9664.904950499058
2023-11-01 13:00:00+00:00,10424.940942651565
2023-11-01 14:00:00+00:00,11454.948086538869
2023-11-01 15:00:00+00:00,12137.714360471418
2023-11-01 16:00:00+00:00,12207.071536183686
2023-11-01 17:00:00+00:00,12067.34622652809
2023-11-01 18:00:00+00:00,11914.409646926997
2023-11-01 19:00:00+00:00,11679.934762165272
2023-11-01 20:00:00+00:00,11473.850971955362
2023-11-01 21:00:00+00:00,11229.871092157544
2023-11-01 22:00:00+00:00,11066.637534887714
2023-11-01 23:00:00+00:00,11032.10168147277
2023-11-02 00:00:00+00:00,11248.306909635634
2023-11-02 01:00:00+00:00,11666.594041820952
2023-11-02 02:00:00+00:00,11848.347072385586
2023-11-02 03:00:00+00:00,11608.67832504061
2023-11-02 04:00:00+00:00,11225.851607866922
2023-11-02 05:00:00+00:00,10597.970102847852
2023-11-02 06:00:00+00:00,9873.202372005395
2023-11-02 07:00:00+00:00,9242.92294847925
2023-11-02 08:00:00+00:00,8825.363435321382
2023-11-02 09:00:00+00:00,8583.693488956094
2023-11-02 10:00:00+00:00,8470.149233029922
2023-11-02 11:00:00+00:00,8479.627416853651
2023-11-02 12:00:00+00:00,8725.302760253806
2023-11-02 13:00:00+00:00,9372.348843111879
2023-11-02 14:00:00+00:00,10321.262845763424
2023-11-02 15:00:00+00:00,10920.747056148837
2023-11-02 16:00:00+00:00,11055.340306956266
2023-11-02 17:00:00+00:00,11063.983923671387
2023-11-02 18:00:00+00:00,10915.701949500948
2023-11-02 19:00:00+00:00,10778.739285702115
2023-11-02 20:00:00+00:00,10590.785158407361
2023-11-02 21:00:00+00:00,10372.050035035076
2023-11-02 22:00:00+00:00,10229.18224354619
2023-11-02 23:00:00+00:00,10148.077912865481
2023-11-03 00:00:00+00:00,10291.644870889999
2023-11-03 01:00:00+00:00,10607.9354799975
2023-11-03 02:00:00+00:00,10881.406422218679
2023-11-03 03:00:00+00:00,10704.619818903118
2023-11-03 04:00:00+00:00,10379.386313696845
2023-11-03 05:00:00+00:00,9832.036251979614
2023-11-03 06:00:00+00:00,9185.658808357859
2023-11-03 07:00:00+00:00,8615.147448422673
2023-11-03 08:00:00+00:00,8219.409376195803
2023-11-03 09:00:00+00:00,8040.796573126658
2023-11-03 10:00:00+00:00,7952.796472187123
2023-11-03 11:00:00+00:00,7990.285097364209
2023-11-03 12:00:00+00:00,8289.893459048051
2023-11-03 13:00:00+00:00,8988.420515662874
2023-11-03 14:00:00+00:00,9986.279219856295
2023-11-03 15:00:00+00:00,10744.984373034767
2023-11-03 16:00:00+00:00,10961.035775172444
2023-11-03 17:00:00+00:00,10886.765825817805
2023-11-03 18:00:00+00:00,10695.524578480115
2023-11-03 19:00:00+00:00,10491.730970474053
2023-11-03 20:00:00+00:00,10323.407991341466
2023-11-03 21:00:00+00:00,10158.994481975935
2023-11-03 22:00:00+00:00,10005.353510849514
2023-11-03 23:00:00+00:00,9956.966180794478
2023-11-04 00:00:00+00:00,10090.369704327133
2023-11-04 01:00:00+00:00,10430.296089002848
2023-11-04 02:00:00+00:00,10580.080908556985
2023-11-04 03:00:00+00:00,10336.22378127538
2023-11-04 04:00:00+00:00,10049.968867783196
2023-11-04 05:00:00+00:00,9627.776926158873
2023-11-04 06:00:00+00:00,9135.785584536829
2023-11-04 07:00:00+00:00,8662.442819022566
2023-11-04 08:00:00+00:00,8267.843537399629
2023-11-04 09:00:00+00:00,7995.211817549786
2023-11-04 10:00:00+00:00,7846.524139960562
2023-11-04 11:00:00+00:00,7757.107327334037
2023-11-04 12:00:00+00:00,7806.836744344523
2023-11-04 13:00:00+00:00,8051.043698719362
2023-11-04 14:00:00+00:00,8447.542548951284
2023-11-04 15:00:00+00:00,8942.474062480444
2023-11-04 16:00:00+00:00,9430.048237827172
2023-11-04 17:00:00+00:00,9775.628321190856
2023-11-04 18:00:00+00:00,10024.693826737062
2023-11-04 19:00:00+00:00,10063.222447235523
2023-11-04 20:00:00+00:00,9920.278323789425
2023-11-04 21:00:00+00:00,9733.093548734854
2023-11-04 22:00:00+00:00,9565.853777997794
2023-11-04 23:00:00+00:00,9487.82193485199
2023-11-05 00:00:00+00:00,9539.25819380018
2023-11-05 01:00:00+00:00,9724.747097577814
2023-11-05 02:00:00+00:00,9941.886452912806
2023-11-05 03:00:00+00:00,9748.704776652628
2023-11-05 04:00:00+00:00,9534.251289011047
2023-11-05 05:00:00+00:00,9206.091855678882
2023-11-05 06:00:00+00:00,8789.99495951886
2023-11-05 07:00:00+00:00,8377.951845614045
2023-11-05 08:00:00+00:00,8055.020569173625
2023-11-05 09:00:00+00:00,7733.461719844473
2023-11-05 10:00:00+00:00,7649.181056617219
2023-11-05 11:00:00+00:00,7650.1793849701135
2023-11-05 12:00:00+00:00,7674.013866427471
2023-11-05 13:00:00+00:00,7824.62534258834
2023-11-05 14:00:00+00:00,8183.199244105456
2023-11-05 15:00:00+00:00,8739.430366528934
2023-11-05 16:00:00+00:00,9324.278578610287
2023-11-05 17:00:00+00:00,9813.755911621814
2023-11-05 18:00:00+00:00,9988.463853596884
2023-11-05 19:00:00+00:00,9917.025202023699
2023-11-05 20:00:00+00:00,9810.135459953428
2023-11-05 21:00:00+00:00,9694.64888719013
2023-11-05 22:00:00+00:00,9607.545067056863
2023-11-05 23:00:00+00:00,9596.090208004172
2023-11-06 00:00:00+00:00,9709.770294493865
2023-11-06 01:00:00+00:00,10178.677726872063
2023-11-06 02:00:00+00:00,10617.71311421004
2023-11-06 03:00:00+00:00,10503.61073110249
2023-11-06 04:00:00+00:00,10281.55897470741
2023-11-06 05:00:00+00:00,9883.365283385381
2023-11-06 06:00:00+00:00,9426.200622906259
2023-11-06 07:00:00+00:00,8799.213495967246
2023-11-06 08:00:00+00:00,8278.309886399853
2023-11-06 09:00:00+00:00,7991.838524387249
2023-11-06 10:00:00+00:00,7895.108565512742
2023-11-06 11:00:00+00:00,7872.215093017351
2023-11-06 12:00:00+00:00,7934.24268760081
2023-11-06 13:00:00+00:00,8320.067931117814
2023-11-06 14:00:00+00:00,9179.58753529799
2023-11-06 15:00:00+00:00,10253.499055038415
2023-11-06 16:00:00+00:00,10896.183532190444
2023-11-06 17:00:00+00:00,10993.41647095605
2023-11-06 18:00:00+00:00,10999.758756197976
2023-11-06 19:00:00+00:00,10972.481015289242
2023-11-06 20:00:00+00:00,10937.618371729659
2023-11-06 21:00:00+00:00,10881.020178307432
2023-11-06 22:00:00+00:00,10829.527735704181
2023-11-06 23:00:00+00:00,10734.882373995473
2023-11-07 00:00:00+00:00,10808.201810172357
2023-11-07 01:00:00+00:00,11220.847516538826
2023-11-07 02:00:00+00:00,11647.196326491334
2023-11-07 03:00:00+00:00,11495.877411755826
2023-11-07 04:00:00+00:00,11193.214449840774
2023-11-07 05:00:00+00:00,10798.71921717897
2023-11-07 06:00:00+00:00,10201.790321050765
2023-11-07 07:00:00+00:00,9469.805582521762
2023-11-07 08:00:00+00:00,8946.868306502021
2023-11-07 09:00:00+00:00,8584.955299800498
2023-11-07 10:00:00+00:00,8410.71178543682
2023-11-07 11:00:00+00:00,8328.953792116185
2023-11-07 12:00:00+00:00,8386.760008282685
2023-11-07 13:00:00+00:00,8744.499395633296
2023-11-07 14:00:00+00:00,9583.726671850409
2023-11-07 15:00:00+00:00,10604.852302379153
2023-11-07 16:00:00+00:00,11211.474238328832
2023-11-07 17:00:00+00:00,11171.2358853021
2023-11-07 18:00:00+00:00,11038.910752866928
2023-11-07 19:00:00+00:00,10883.603699768168
2023-11-07 20:00:00+00:00,10760.87145962539
2023-11-07 21:00:00+00:00,10629.952578916502
2023-11-07 22:00:00+00:00,10519.60568587972
2023-11-07 23:00:00+00:00,10457.900984834187
2023-11-08 00:00:00+00:00,10553.685920898257
2023-11-08 01:00:00+00:00,11011.976889243368
2023-11-08 02:00:00+00:00,11639.801227208158
2023-11-08 03:00:00+00:00,11600.461619529848
2023-11-08 04:00:00+00:00,11403.097362471237
2023-11-08 05:00:00+00:00,11117.066203827528
2023-11-08 06:00:00+00:00,10542.23884464433
2023-11-08 07:00:00+00:00,9872.644614752193
2023-11-08 08:00:00+00:00,9318.770208594244
2023-11-08 09:00:00+00:00,8991.627785046307
2023-11-08 10:00:00+00:00,8824.222118760157
2023-11-08 11:00:00+00:00,8783.232514257421
2023-11-08 12:00:00+00:00,8939.468867340602
2023-11-08 13:00:00+00:00,9359.134710532586
2023-11-08 14:00:00+00:00,10290.81851464602
2023-11-08 15:00:00+00:00,11374.088174257167
2023-11-08 16:00:00+00:00,12008.520394089266
2023-11-08 17:00:00+00:00,11923.55487449648
2023-11-08 18:00:00+00:00,11607.455241296844
2023-11-08 19:00:00+00:00,11221.970506600775
2023-11-08 20:00:00+00:00,10902.652789157246
2023-11-08 21:00:00+00:00,10653.914331436212
2023-11-08 22:00:00+00:00,10408.842179018271
2023-11-08 23:00:00+00:00,10269.678304631681
2023-11-09 00:00:00+00:00,10315.567653901417
2023-11-09 01:00:00+00:00,10849.891304676652
2023-11-09 02:00:00+00:00,11631.724330165625
2023-11-09 03:00:00+00:00,11669.357950799935
2023-11-09 04:00:00+00:00,11541.78390574612
2023-11-09 05:00:00+00:00,11321.004434087441
2023-11-09 06:00:00+00:00,10870.247149934585
2023-11-09 07:00:00+00:00,10216.28646771986
2023-11-09 08:00:00+00:00,9673.700089613425
2023-11-09 09:00:00+00:00,9386.800017084732
2023-11-09 10:00:00+00:00,9316.85232762649
2023-11-09 11:00:00+00:00,9331.975362008836
2023-11-09 12:00:00+00:00,9489.314879662857
2023-11-09 13:00:00+00:00,9984.118755212141
2023-11-09 14:00:00+00:00,10896.968389574331
2023-11-09 15:00:00+00:00,12061.64685968233
2023-11-09 16:00:00+00:00,12666.429589212003
2023-11-09 17:00:00+00:00,12622.964730202486
2023-11-09 18:00:00+00:00,12371.669981432915
2023-11-09 19:00:00+00:00,12127.799405795922
2023-11-09 20:00:00+00:00,11811.90177506103
2023-11-09 21:00:00+00:00,11576.571734080144
2023-11-09 22:00:00+00:00,11411.813134605012
2023-11-09 23:00:00+00:00,11393.967563023089
2023-11-10 00:00:00+00:00,11528.376593911948
2023-11-10 01:00:00+00:00,11980.380573893539
2023-11-10 02:00:00+00:00,12337.073440253687
2023-11-10 03:00:00+00:00,12137.938469279397
2023-11-10 04:00:00+00:00,11804.547756492182
2023-11-10 05:00:00+00:00,11405.94996957303
2023-11-10 06:00:00+00:00,10806.654675684993
2023-11-10 07:00:00+00:00,10148.856227841274
2023-11-10 08:00:00+00:00,9586.255350932566
2023-11-10 09:00:00+00:00,9232.512322439648
2023-11-10 10:00:00+00:00,9056.799725407693
2023-11-10 11:00:00+00:00,8982.297187625642
2023-11-10 12:00:00+00:00,9061.17111642726
2023-11-10 13:00:00+00:00,9404.47382759819
2023-11-10 14:00:00+00:00,10134.778066063644
2023-11-10 15:00:00+00:00,10995.157309848673
2023-11-10 16:00:00+00:00,11550.067591916244
2023-11-10 17:00:00+00:00,11728.291338968254
2023-11-10 18:00:00+00:00,11759.71721556995
2023-11-10 19:00:00+00:00,11636.25602623547
2023-11-10 20:00:00+00:00,11537.742835639161
2023-11-10 21:00:00+00:00,11359.977096500968
2023-11-10 22:00:00+00:00,11216.872721708143
2023-11-10 23:00:00+00:00,11080.60521904479
2023-11-11 00:00:00+00:00,11166.235180997863
2023-11-11 01:00:00+00:00,11534.039642600257
2023-11-11 02:00:00+00:00,11853.011540127756
2023-11-11 03:00:00+00:00,11581.675837718161
2023-11-11 04:00:00+00:00,11252.43999804598
2023-11-11 05:00:00+00:00,10927.227946920651
2023-11-11 06:00:00+00:00,10465.607173616143
2023-11-11 07:00:00+00:00,9898.509531433741
2023-11-11 08:00:00+00:00,9381.276863965048
2023-11-11 09:00:00+00:00,8955.72877985635
2023-11-11 10:00:00+00:00,8681.270908691127
2023-11-11 11:00:00+00:00,8533.89919789544
2023-11-11 12:00:00+00:00,8530.479511638056
2023-11-11 13:00:00+00:00,8661.796060789913
2023-11-11 14:00:00+00:00,8991.187775344066
2023-11-11 15:00:00+00:00,9537.71233805151
2023-11-11 16:00:00+00:00,10102.909278996762
2023-11-11 17:00:00+00:00,10564.12461918781
2023-11-11 18:00:00+00:00,10877.448297516585
2023-11-11 19:00:00+00:00,10851.068187188133
2023-11-11 20:00:00+00:00,10727.08560196593
2023-11-11 21:00:00+00:00,10478.568428546663
2023-11-11 22:00:00+00:00,10311.429880033802
2023-11-11 23:00:00+00:00,10269.475474045248
2023-11-12 00:00:00+00:00,10361.15017667989
2023-11-12 01:00:00+00:00,10794.67900624512
2023-11-12 02:00:00+00:00,11054.58688253759
2023-11-12 03:00:00+00:00,10914.312326551035
2023-11-12 04:00:00+00:00,10699.186425714957
2023-11-12 05:00:00+00:00,10452.111648067988
2023-11-12 06:00:00+00:00,10042.962155660796
2023-11-12 07:00:00+00:00,9620.796959777457
2023-11-12 08:00:00+00:00,9142.325707266365
2023-11-12 09:00:00+00:00,8833.051013771517
2023-11-12 10:00:00+00:00,8640.872982976862
2023-11-12 11:00:00+00:00,8520.889623161715
2023-11-12 12:00:00+00:00,8511.76961305515
2023-11-12 13:00:00+00:00,8675.240690526922
2023-11-12 14:00:00+00:00,9045.595887737312
2023-11-12 15:00:00+00:00,9520.876517560333
2023-11-12 16:00:00+00:00,10063.691853061991
2023-11-12 17:00:00+00:00,10594.047969289817
2023-11-12 18:00:00+00:00,10824.797862412424
2023-11-12 19:00:00+00:00,10760.31976426678
2023-11-12 20:00:00+00:00,10643.682325678714
2023-11-12 21:00:00+00:00,10599.329540089042
2023-11-12 22:00:00+00:00,10519.077467639247
2023-11-12 23:00:00+00:00,10484.3335768438
2023-11-13 00:00:00+00:00,10617.662742694543
2023-11-13 01:00:00+00:00,11046.233415608656
2023-11-13 02:00:00+00:00,11485.086147959371
2023-11-13 03:00:00+00:00,11337.457574585294
2023-11-13 04:00:00+00:00,11106.886868221709
2023-11-13 05:00:00+00:00,10781.473789244428
2023-11-13 06:00:00+00:00,10246.573493038237
2023-11-13 07:00:00+00:00,9569.84620348883
2023-11-13 08:00:00+00:00,8982.085076274501
2023-11-13 09:00:00+00:00,8608.544747062597
2023-11-13 10:00:00+00:00,8393.783227090864
2023-11-13 11:00:00+00:00,8339.304378583847
2023-11-13 12:00:00+00:00,8467.228386447186
2023-11-13 13:00:00+00:00,8893.392473912252
2023-11-13 14:00:00+00:00,9778.192493677032
2023-11-13 15:00:00+00:00,10857.602005937024
2023-11-13 16:00:00+00:00,11527.719597981457
2023-11-13 17:00:00+00:00,11635.730219081926
2023-11-13 18:00:00+00:00,11469.269712865755
2023-11-13 19:00:00+00:00,11288.419280277736
2023-11-13 20:00:00+00:00,11082.61128757934
2023-11-13 21:00:00+00:00,10921.20425360115
2023-11-13 22:00:00+00:00,10691.24416327413
2023-11-13 23:00:00+00:00,10572.597221022928
2023-11-14 00:00:00+00:00,10638.02075732164
2023-11-14 01:00:00+00:00,11281.269735025786
2023-11-14 02:00:00+00:00,11974.584632279611
2023-11-14 03:00:00+00:00,12009.36927396282
2023-11-14 04:00:00+00:00,11855.154908120754
2023-11-14 05:00:00+00:00,11570.214707889836
2023-11-14 06:00:00+00:00,11052.82843054342
2023-11-14 07:00:00+00:00,10368.154606557975
2023-11-14 08:00:00+00:00,9864.470580566069
2023-11-14 09:00:00+00:00,9594.208951044111
2023-11-14 10:00:00+00:00,9517.206583575506
2023-11-14 11:00:00+00:00,9523.1062810389
2023-11-14 12:00:00+00:00,9664.40192277071
2023-11-14 13:00:00+00:00,10181.43681766505
2023-11-14 14:00:00+00:00,11120.570036668307
2023-11-14 15:00:00+00:00,12338.91715280459
2023-11-14 16:00:00+00:00,13106.656021451963
2023-11-14 17:00:00+00:00,13054.264694307923
2023-11-14 18:00:00+00:00,12657.846649806983
2023-11-14 19:00:00+00:00,12190.877569921155
2023-11-14 20:00:00+00:00,11790.717220626639
2023-11-14 21:00:00+00:00,11484.071599956733
2023-11-14 22:00:00+00:00,11211.794090593796
2023-11-14 23:00:00+00:00,11007.577934403382
2023-11-15 00:00:00+00:00,11090.66913942362
2023-11-15 01:00:00+00:00,11744.804056037146
2023-11-15 02:00:00+00:00,12507.928972870166
2023-11-15 03:00:00+00:00,12548.55455510372
2023-11-15 04:00:00+00:00,12429.527538232098
2023-11-15 05:00:00+00:00,12127.88755450858
2023-11-15 06:00:00+00:00,11574.108191327068
2023-11-15 07:00:00+00:00,10833.0140080931
2023-11-15 08:00:00+00:00,10276.339139516596
2023-11-15 09:00:00+00:00,9888.304340886398
2023-11-15 10:00:00+00:00,9743.525687104542
2023-11-15 11:00:00+00:00,9656.311825862802
2023-11-15 12:00:00+00:00,9753.80286104967
2023-11-15 13:00:00+00:00,10150.533802060056
2023-11-15 14:00:00+00:00,11004.716528876228
2023-11-15 15:00:00+00:00,12094.585315759381
2023-11-15 16:00:00+00:00,12699.595131430198
2023-11-15 17:00:00+00:00,12710.335442163614
2023-11-15 18:00:00+00:00,12512.764224991366
2023-11-15 19:00:00+00:00,12289.28485272303
2023-11-15 20:00:00+00:00,11990.892065808646
2023-11-15 21:00:00+00:00,11910.21480493386
2023-11-15 22:00:00+00:00,11669.07578557163
2023-11-15 23:00:00+00:00,11516.948822190618
2023-11-16 00:00:00+00:00,11516.724773079437
2023-11-16 01:00:00+00:00,12045.91925652802
2023-11-16 02:00:00+00:00,12637.80504710919
2023-11-16 03:00:00+00:00,12557.715305784723
2023-11-16 04:00:00+00:00,12380.033723219798
2023-11-16 05:00:00+00:00,12065.218185234224
2023-11-16 06:00:00+00:00,11504.939621719168
2023-11-16 07:00:00+00:00,10788.165735776114
2023-11-16 08:00:00+00:00,10141.78999967088
2023-11-16 09:00:00+00:00,9921.505007927988
2023-11-16 10:00:00+00:00,9777.646395130821
2023-11-16 11:00:00+00:00,9768.748590164032
2023-11-16 12:00:00+00:00,9915.67880242825
2023-11-16 13:00:00+00:00,10412.979406097009
2023-11-16 14:00:00+00:00,11367.83745837328
2023-11-16 15:00:00+00:00,12568.537626050753
2023-11-16 16:00:00+00:00,13288.020180125086
2023-11-16 17:00:00+00:00,13251.687726400562
2023-11-16 18:00:00+00:00,12820.263759801479
2023-11-16 19:00:00+00:00,12314.305868030904
2023-11-16 20:00:00+00:00,11922.200964524347
2023-11-16 21:00:00+00:00,11631.986914991017
2023-11-16 22:00:00+00:00,11360.20606896223
2023-11-16 23:00:00+00:00,11182.592701050895
2023-11-17 00:00:00+00:00,11271.915997681775
2023-11-17 01:00:00+00:00,11894.073830335295
2023-11-17 02:00:00+00:00,12600.279823373998
2023-11-17 03:00:00+00:00,12617.848360992586
2023-11-17 04:00:00+00:00,12515.19413896412
2023-11-17 05:00:00+00:00,12236.554458527218
2023-11-17 06:00:00+00:00,11734.056136969279
2023-11-17 07:00:00+00:00,11038.043767014167
2023-11-17 08:00:00+00:00,10468.384648914642
2023-11-17 09:00:00+00:00,10172.281566620559
2023-11-17 10:00:00+00:00,10040.006459270418
2023-11-17 11:00:00+00:00,10073.839772409505
2023-11-17 12:00:00+00:00,10224.12693257106
2023-11-17 13:00:00+00:00,10641.470483980893
2023-11-17 14:00:00+00:00,11577.158467541438
2023-11-17 15:00:00+00:00,12744.370548513767
2023-11-17 16:00:00+00:00,13499.070085816082
2023-11-17 17:00:00+00:00,13473.718646184867
2023-11-17 18:00:00+00:00,13081.298695939022
2023-11-17 19:00:00+00:00,12594.314600392976
2023-11-17 20:00:00+00:00,12134.693177795021
2023-11-17 21:00:00+00:00,11750.914778966215
2023-11-17 22:00:00+00:00,11397.83102672283
2023-11-17 23:00:00+00:00,11164.532215466767
2023-11-18 00:00:00+00:00,11192.33642639922
2023-11-18 01:00:00+00:00,11772.545425936363
2023-11-18 02:00:00+00:00,12306.224905947234
2023-11-18 03:00:00+00:00,12228.055587815872
2023-11-18 04:00:00+00:00,12007.008336808953
2023-11-18 05:00:00+00:00,11727.071514922853
2023-11-18 06:00:00+00:00,11287.511750600925
2023-11-18 07:00:00+00:00,10747.781524727854
2023-11-18 08:00:00+00:00,10270.76137099347
2023-11-18 09:00:00+00:00,9917.314440202557
2023-11-18 10:00:00+00:00,9732.485104136385
2023-11-18 11:00:00+00:00,9631.870618474803
2023-11-18 12:00:00+00:00,9703.207714780576
2023-11-18 13:00:00+00:00,9942.983582608796
2023-11-18 14:00:00+00:00,10410.736038379784
2023-11-18 15:00:00+00:00,11013.53258055837
2023-11-18 16:00:00+00:00,11696.341162182149
2023-11-18 17:00:00+00:00,12090.563111741512
2023-11-18 18:00:00+00:00,12125.532593542399
2023-11-18 19:00:00+00:00,11807.12916638453
2023-11-18 20:00:00+00:00,11479.28619135367
2023-11-18 21:00:00+00:00,11161.734927817963
2023-11-18 22:00:00+00:00,10923.660169778765
2023-11-18 23:00:00+00:00,10825.925750989025
2023-11-19 00:00:00+00:00,10904.467949667358
2023-11-19 01:00:00+00:00,11347.291950179982
2023-11-19 02:00:00+00:00,11656.11060478181
2023-11-19 03:00:00+00:00,11478.555993918857
2023-11-19 04:00:00+00:00,11206.491912582675
2023-11-19 05:00:00+00:00,10917.714434310315
2023-11-19 06:00:00+00:00,10497.133171667643
2023-11-19 07:00:00+00:00,9974.54692815517
2023-11-19 08:00:00+00:00,9480.206426766134
2023-11-19 09:00:00+00:00,9166.391407926407
2023-11-19 10:00:00+00:00,8959.061573175573
2023-11-19 11:00:00+00:00,8857.16823921
2023-11-19 12:00:00+00:00,8884.773597519008
2023-11-19 13:00:00+00:00,9101.731659161947
2023-11-19 14:00:00+00:00,9495.381305682757
2023-11-19 15:00:00+00:00,10055.057968944218
2023-11-19 16:00:00+00:00,10631.803217769891
2023-11-19 17:00:00+00:00,11160.827185945443
2023-11-19 18:00:00+00:00,11305.787490838196
2023-11-19 19:00:00+00:00,11278.109494713663
2023-11-19 20:00:00+00:00,11169.18513856001
2023-11-19 21:00:00+00:00,11038.89025542819
2023-11-19 22:00:00+00:00,10933.029820893587
2023-11-19 23:00:00+00:00,10799.34220327267
2023-11-20 00:00:00+00:00,10897.597200337446
2023-11-20 01:00:00+00:00,11489.947333631779
2023-11-20 02:00:00+00:00,12131.290147461892
2023-11-20 03:00:00+00:00,12095.840369317972
2023-11-20 04:00:00+00:00,11953.188155133068
2023-11-20 05:00:00+00:00,11681.568148782433
2023-11-20 06:00:00+00:00,11175.165409548114
2023-11-20 07:00:00+00:00,10484.87475285263
2023-11-20 08:00:00+00:00,9947.955990718268
2023-11-20 09:00:00+00:00,9674.298371393796
2023-11-20 10:00:00+00:00,9594.339541887623
2023-11-20 11:00:00+00:00,9632.621521625799
2023-11-20 12:00:00+00:00,9888.252314466556
2023-11-20 13:00:00+00:00,10427.098201797231
2023-11-20 14:00:00+00:00,11450.41708623448
2023-11-20 15:00:00+00:00,12652.908650518782
2023-11-20 16:00:00+00:00,13461.338836434561
2023-11-20 17:00:00+00:00,13519.322557558344
2023-11-20 18:00:00+00:00,13155.837105168184
2023-11-20 19:00:00+00:00,12616.082111400696
2023-11-20 20:00:00+00:00,12260.199351410329
2023-11-20 21:00:00+00:00,11911.708572280477
2023-11-20 22:00:00+00:00,11540.890270710046
2023-11-20 23:00:00+00:00,11363.487724593899
2023-11-21 00:00:00+00:00,11424.142683857011
2023-11-21 01:00:00+00:00,12135.342130411227
2023-11-21 02:00:00+00:00,12777.422338346567
2023-11-21 03:00:00+00:00,12754.26206270164
2023-11-21 04:00:00+00:00,12571.246446167754
2023-11-21 05:00:00+00:00,12253.730333897069
2023-11-21 06:00:00+00:00,11716.054169389294
2023-11-21 07:00:00+00:00,11020.869924451286
2023-11-21 08:00:00+00:00,10375.613121090431
2023-11-21 09:00:00+00:00,10050.813225441456
2023-11-21 10:00:00+00:00,9880.27767243751
2023-11-21 11:00:00+00:00,9863.6172019632
2023-11-21 12:00:00+00:00,10010.712641047054
2023-11-21 13:00:00+00:00,10473.446980651577
2023-11-21 14:00:00+00:00,11341.410818187285
2023-11-21 15:00:00+00:00,12478.958826822862
2023-11-21 16:00:00+00:00,13137.901034832488
2023-11-21 17:00:00+00:00,13172.576543477982
2023-11-21 18:00:00+00:00,12840.872717606935
2023-11-21 19:00:00+00:00,12355.324525395818
2023-11-21 20:00:00+00:00,11923.094551673092
2023-11-21 21:00:00+00:00,11556.767102788206
2023-11-21 22:00:00+00:00,11334.87237545753
2023-11-21 23:00:00+00:00,11228.92620915771
2023-11-22 00:00:00+00:00,11286.55731968587
2023-11-22 01:00:00+00:00,11812.589669173145
2023-11-22 02:00:00+00:00,12184.072065637185
2023-11-22 03:00:00+00:00,12064.355971963565
2023-11-22 04:00:00+00:00,11821.885049710581
2023-11-22 05:00:00+00:00,11516.377454356232
2023-11-22 06:00:00+00:00,10977.089615414201
2023-11-22 07:00:00+00:00,10308.887856423202
2023-11-22 08:00:00+00:00,9654.792292106282
2023-11-22 09:00:00+00:00,9287.06222228682
2023-11-22 10:00:00+00:00,9019.277501074095
2023-11-22 11:00:00+00:00,8897.22732919232
2023-11-22 12:00:00+00:00,8933.244585940765
2023-11-22 13:00:00+00:00,9243.131775667835
2023-11-22 14:00:00+00:00,9997.688565936525
2023-11-22 15:00:00+00:00,10936.552098755697
2023-11-22 16:00:00+00:00,11587.790883036327
2023-11-22 17:00:00+00:00,11816.629836673028
2023-11-22 18:00:00+00:00,11847.164529782898
2023-11-22 19:00:00+00:00,11681.626102229096
2023-11-22 20:00:00+00:00,11533.470709307656
2023-11-22 21:00:00+00:00,11403.613996140637
2023-11-22 22:00:00+00:00,11272.694492367431
2023-11-22 23:00:00+00:00,11180.911807982746
2023-11-23 00:00:00+00:00,11247.06603341128
2023-11-23 01:00:00+00:00,11730.145372226518
2023-11-23 02:00:00+00:00,12181.092719722761
2023-11-23 03:00:00+00:00,12049.735818885543
2023-11-23 04:00:00+00:00,11891.042227628015
2023-11-23 05:00:00+00:00,11647.605812360398
2023-11-23 06:00:00+00:00,11220.050753614736
2023-11-23 07:00:00+00:00,10658.787881844704
2023-11-23 08:00:00+00:00,10067.24896646786
2023-11-23 09:00:00+00:00,9681.062780162742
2023-11-23 10:00:00+00:00,9462.336671018047
2023-11-23 11:00:00+00:00,9365.714404632716
2023-11-23 12:00:00+00:00,9400.502866052218
2023-11-23 13:00:00+00:00,9665.243359943805
2023-11-23 14:00:00+00:00,10113.835525519342
2023-11-23 15:00:00+00:00,10767.808211741383
2023-11-23 16:00:00+00:00,11409.22508011009
2023-11-23 17:00:00+00:00,11968.38561423742
2023-11-23 18:00:00+00:00,12297.96262031507
2023-11-23 19:00:00+00:00,12362.548090562967
2023-11-23 20:00:00+00:00,12183.696581663047
2023-11-23 21:00:00+00:00,11886.428486050094
2023-11-23 22:00:00+00:00,11469.500882658818
2023-11-23 23:00:00+00:00,11119.637697197024
2023-11-24 00:00:00+00:00,10873.078935157539
2023-11-24 01:00:00+00:00,10965.25896633218
2023-11-24 02:00:00+00:00,11103.043987225705
2023-11-24 03:00:00+00:00,10972.874993463025
2023-11-24 04:00:00+00:00,10975.445049907332
2023-11-24 05:00:00+00:00,10972.918063794348
2023-11-24 06:00:00+00:00,10853.578745024966
2023-11-24 07:00:00+00:00,10502.604943381179
2023-11-24 08:00:00+00:00,10175.998997133354
2023-11-24 09:00:00+00:00,9969.851641023759
2023-11-24 10:00:00+00:00,9895.924192583483
2023-11-24 11:00:00+00:00,9953.081974161665
2023-11-24 12:00:00+00:00,10154.51047189272
2023-11-24 13:00:00+00:00,10565.51770729934
2023-11-24 14:00:00+00:00,11231.971032910753
2023-11-24 15:00:00+00:00,11971.304189412363
2023-11-24 16:00:00+00:00,12620.897887987492
2023-11-24 17:00:00+00:00,12946.456443526184
2023-11-24 18:00:00+00:00,12807.56455235262
2023-11-24 19:00:00+00:00,12434.562511843385
2023-11-24 20:00:00+00:00,11991.98050159608
2023-11-24 21:00:00+00:00,11568.631446080817
2023-11-24 22:00:00+00:00,11215.25383083592
2023-11-24 23:00:00+00:00,11023.61692196292
2023-11-25 00:00:00+00:00,11097.395293978692
2023-11-25 01:00:00+00:00,11759.193472858731
2023-11-25 02:00:00+00:00,12316.459016842666
2023-11-25 03:00:00+00:00,12305.897019714517
2023-11-25 04:00:00+00:00,12265.883919419453
2023-11-25 05:00:00+00:00,12156.485482360542
2023-11-25 06:00:00+00:00,11875.000537445008
2023-11-25 07:00:00+00:00,11456.73325273643
2023-11-25 08:00:00+00:00,11063.543812378954
2023-11-25 09:00:00+00:00,10822.988128613506
2023-11-25 10:00:00+00:00,10716.249523020899
2023-11-25 11:00:00+00:00,10735.956314095747
2023-11-25 12:00:00+00:00,10876.605076761749
2023-11-25 13:00:00+00:00,11153.36325135859
2023-11-25 14:00:00+00:00,11663.858356792913
2023-11-25 15:00:00+00:00,12331.56544217977
2023-11-25 16:00:00+00:00,13017.3147489136
2023-11-25 17:00:00+00:00,13517.854909257989
2023-11-25 18:00:00+00:00,13499.744928863254
2023-11-25 19:00:00+00:00,13121.554759767356
2023-11-25 20:00:00+00:00,12619.214831853991
2023-11-25 21:00:00+00:00,12122.046991123481
2023-11-25 22:00:00+00:00,11681.57730710495
2023-11-25 23:00:00+00:00,11380.536808254494
2023-11-26 00:00:00+00:00,11408.40735558438
2023-11-26 01:00:00+00:00,12002.24527029325
2023-11-26 02:00:00+00:00,12643.600956811602
2023-11-26 03:00:00+00:00,12678.029527221337
2023-11-26 04:00:00+00:00,12643.892515786265
2023-11-26 05:00:00+00:00,12484.241567249323
2023-11-26 06:00:00+00:00,12140.304131667288
2023-11-26 07:00:00+00:00,11643.086709950867
2023-11-26 08:00:00+00:00,11171.583889747188
2023-11-26 09:00:00+00:00,10919.395246093545
2023-11-26 10:00:00+00:00,10788.619840518144
2023-11-26 11:00:00+00:00,10770.95535798748
2023-11-26 12:00:00+00:00,10862.829015169662
2023-11-26 13:00:00+00:00,11128.089684458111
2023-11-26 14:00:00+00:00,11555.41883154484
2023-11-26 15:00:00+00:00,12166.497466157638
2023-11-26 16:00:00+00:00,12805.617182195456
2023-11-26 17:00:00+00:00,13302.082232646811
2023-11-26 18:00:00+00:00,13358.799736215751
2023-11-26 19:00:00+00:00,13043.931223683912
2023-11-26 20:00:00+00:00,12619.588846918345
2023-11-26 21:00:00+00:00,12256.526049642263
2023-11-26 22:00:00+00:00,11900.369247199154
2023-11-26 23:00:00+00:00,11680.52436688149
2023-11-27 00:00:00+00:00,11743.266191807495
2023-11-27 01:00:00+00:00,12465.044671540438
2023-11-27 02:00:00+00:00,13158.80553547153
2023-11-27 03:00:00+00:00,13195.770454046613
2023-11-27 04:00:00+00:00,13112.267590563864
2023-11-27 05:00:00+00:00,12890.485298927622
2023-11-27 06:00:00+00:00,12365.036882123097
2023-11-27 07:00:00+00:00,11667.050615647953
2023-11-27 08:00:00+00:00,11069.467433329559
2023-11-27 09:00:00+00:00,10776.475496688878
2023-11-27 10:00:00+00:00,10721.999599734627
2023-11-27 11:00:00+00:00,10764.188058919368
2023-11-27 12:00:00+00:00,11017.600053678907
2023-11-27 13:00:00+00:00,11499.110650178309
2023-11-27 14:00:00+00:00,12534.592190342923
2023-11-27 15:00:00+00:00,13751.712964340528
2023-11-27 16:00:00+00:00,14571.19009016956
2023-11-27 17:00:00+00:00,14641.861758777526
2023-11-27 18:00:00+00:00,14349.773446378804
2023-11-27 19:00:00+00:00,13975.757041592266
2023-11-27 20:00:00+00:00,13538.125063153884
2023-11-27 21:00:00+00:00,13163.423425361572
2023-11-27 22:00:00+00:00,12773.503430650158
2023-11-27 23:00:00+00:00,12549.316585176417
2023-11-28 00:00:00+00:00,12615.82899025597
2023-11-28 01:00:00+00:00,13354.239327603484
2023-11-28 02:00:00+00:00,14042.485667173718
2023-11-28 03:00:00+00:00,14039.674960098311
2023-11-28 04:00:00+00:00,13889.546558951444
2023-11-28 05:00:00+00:00,13582.313793893843
2023-11-28 06:00:00+00:00,12953.62174924399
2023-11-28 07:00:00+00:00,12196.636750339921
2023-11-28 08:00:00+00:00,11590.87583935824
2023-11-28 09:00:00+00:00,11285.414370623512
2023-11-28 10:00:00+00:00,11174.829136846216
2023-11-28 11:00:00+00:00,11239.804443282848
2023-11-28 12:00:00+00:00,11437.157325137232
2023-11-28 13:00:00+00:00,11977.250837709564
2023-11-28 14:00:00+00:00,12998.650375289608
2023-11-28 15:00:00+00:00,14218.382982478955
2023-11-28 16:00:00+00:00,14996.791792791073
2023-11-28 17:00:00+00:00,15021.406330999172
2023-11-28 18:00:00+00:00,14735.034952013784
2023-11-28 19:00:00+00:00,14275.324360382774
2023-11-28 20:00:00+00:00,13778.900205767592
2023-11-28 21:00:00+00:00,13381.27136020758
2023-11-28 22:00:00+00:00,12992.400311384716
2023-11-28 23:00:00+00:00,12787.629573478072
2023-11-29 00:00:00+00:00,12904.79167786764
2023-11-29 01:00:00+00:00,13602.68900059301
2023-11-29 02:00:00+00:00,14271.118148743872
2023-11-29 03:00:00+00:00,14263.229269521113
2023-11-29 04:00:00+00:00,14099.648657571866
2023-11-29 05:00:00+00:00,13771.70862628393
2023-11-29 06:00:00+00:00,13144.073136007717
2023-11-29 07:00:00+00:00,12367.461249037511
2023-11-29 08:00:00+00:00,11736.022454573875
2023-11-29 09:00:00+00:00,11378.8776994735
2023-11-29 10:00:00+00:00,11314.333354026874
2023-11-29 11:00:00+00:00,11346.577643403365
2023-11-29 12:00:00+00:00,11510.328360365034
2023-11-29 13:00:00+00:00,12010.76752974363
2023-11-29 14:00:00+00:00,12986.202252132252
2023-11-29 15:00:00+00:00,14165.623400660192
2023-11-29 16:00:00+00:00,14970.092040683614
2023-11-29 17:00:00+00:00,14972.04400349728
2023-11-29 18:00:00+00:00,14759.3085582709
2023-11-29 19:00:00+00:00,14487.507637554841
2023-11-29 20:00:00+00:00,14201.857246944872
2023-11-29 21:00:00+00:00,14027.4877036863
2023-11-29 22:00:00+00:00,13824.677859673335
2023-11-29 23:00:00+00:00,13667.049782999846
2023-11-30 00:00:00+00:00,13748.706879363255
2023-11-30 01:00:00+00:00,14240.187698801381
2023-11-30 02:00:00+00:00,14581.302807933562
2023-11-30 03:00:00+00:00,14381.73567234172
2023-11-30 04:00:00+00:00,14092.315173637695
2023-11-30 05:00:00+00:00,13680.160063159596
2023-11-30 06:00:00+00:00,12970.468810935661
2023-11-30 07:00:00+00:00,12110.442500261477
2023-11-30 08:00:00+00:00,11425.311069210878
2023-11-30 09:00:00+00:00,11002.580738767023
2023-11-30 10:00:00+00:00,10809.490282602746
2023-11-30 11:00:00+00:00,10772.261580688088
2023-11-30 12:00:00+00:00,10912.1225225093
2023-11-30 13:00:00+00:00,11379.216906049536
2023-11-30 14:00:00+00:00,12305.258488445845
2023-11-30 15:00:00+00:00,13431.376692223439
2023-11-30 16:00:00+00:00,14150.142788105511
2023-11-30 17:00:00+00:00,14210.764969146217
2023-11-30 18:00:00+00:00,14008.667347574536
2023-11-30 19:00:00+00:00,13811.492414096452
2023-11-30 20:00:00+00:00,13564.12072624626
2023-11-30 21:00:00+00:00,13458.20741885334
2023-11-30 22:00:00+00:00,13232.796281015806
2023-11-30 23:00:00+00:00,13213.930098960609
2023-12-01 00:00:00+00:00,13369.085393666479
2023-12-01 01:00:00+00:00,13862.215569666709
2023-12-01 02:00:00+00:00,14159.262570642895
2023-12-01 03:00:00+00:00,13943.314461243714
2023-12-01 04:00:00+00:00,13675.150073877201
2023-12-01 05:00:00+00:00,13279.871985734779
2023-12-01 06:00:00+00:00,12669.034783745377
2023-12-01 07:00:00+00:00,11820.937146090688
2023-12-01 08:00:00+00:00,11126.385357670448
2023-12-01 09:00:00+00:00,10746.34421085297
2023-12-01 10:00:00+00:00,10524.962622481393
2023-12-01 11:00:00+00:00,10438.523647413389
2023-12-01 12:00:00+00:00,10560.761206946629
2023-12-01 13:00:00+00:00,10974.883537327687
2023-12-01 14:00:00+00:00,11839.897983424748
2023-12-01 15:00:00+00:00,12897.383036603827
2023-12-01 16:00:00+00:00,13596.23392270076
2023-12-01 17:00:00+00:00,13685.404217834424
2023-12-01 18:00:00+00:00,13582.810300624338
2023-12-01 19:00:00+00:00,13441.90108274607
2023-12-01 20:00:00+00:00,13186.33162253908
2023-12-01 21:00:00+00:00,12857.32336565885
2023-12-01 22:00:00+00:00,12555.984762116394
2023-12-01 23:00:00+00:00,12380.77410433411
2023-12-02 00:00:00+00:00,12537.932435968414
2023-12-02 01:00:00+00:00,13077.758650279804
2023-12-02 02:00:00+00:00,13243.58909934825
2023-12-02 03:00:00+00:00,12996.387848254362
2023-12-02 04:00:00+00:00,12718.065171389679
2023-12-02 05:00:00+00:00,12311.416050348358
2023-12-02 06:00:00+00:00,11862.234445876971
2023-12-02 07:00:00+00:00,11219.369215391858
2023-12-02 08:00:00+00:00,10639.913344661001
2023-12-02 09:00:00+00:00,10204.373583984334
2023-12-02 10:00:00+00:00,9971.396208847866
2023-12-02 11:00:00+00:00,9858.445801720143
2023-12-02 12:00:00+00:00,9817.093573239888
2023-12-02 13:00:00+00:00,9967.587813341632
2023-12-02 14:00:00+00:00,10386.03425254559
2023-12-02 15:00:00+00:00,10868.9263284806
2023-12-02 16:00:00+00:00,11452.62477761101
2023-12-02 17:00:00+00:00,11935.055096656648
2023-12-02 18:00:00+00:00,12118.171377318322
2023-12-02 19:00:00+00:00,12039.696474129098
2023-12-02 20:00:00+00:00,11847.481536268762
2023-12-02 21:00:00+00:00,11646.02297643323
2023-12-02 22:00:00+00:00,11473.931018183966
2023-12-02 23:00:00+00:00,11389.977448219963
2023-12-03 00:00:00+00:00,11493.052222631277
2023-12-03 01:00:00+00:00,12054.53073372069
2023-12-03 02:00:00+00:00,12306.49811554447
2023-12-03 03:00:00+00:00,12135.34117811962
2023-12-03 04:00:00+00:00,11932.728667968797
2023-12-03 05:00:00+00:00,11650.464282842613
2023-12-03 06:00:00+00:00,11240.143807851426
2023-12-03 07:00:00+00:00,10683.406246218712
2023-12-03 08:00:00+00:00,10175.557484268154
2023-12-03 09:00:00+00:00,9801.527322099537
2023-12-03 10:00:00+00:00,9557.050965600343
2023-12-03 11:00:00+00:00,9450.747357152488
2023-12-03 12:00:00+00:00,9443.335115736196
2023-12-03 13:00:00+00:00,9579.299497412023
2023-12-03 14:00:00+00:00,9945.869074042108
2023-12-03 15:00:00+00:00,10447.793411310988
2023-12-03 16:00:00+00:00,11068.646671429933
2023-12-03 17:00:00+00:00,11621.347968580925
2023-12-03 18:00:00+00:00,11954.161608393111
2023-12-03 19:00:00+00:00,12044.826900129128
2023-12-03 20:00:00+00:00,12016.171807809775
2023-12-03 21:00:00+00:00,11890.277496377339
2023-12-03 22:00:00+00:00,11628.237442146868
2023-12-03 23:00:00+00:00,11401.64689044409
2023-12-04 00:00:00+00:00,11456.885629873188
2023-12-04 01:00:00+00:00,12017.114250991586
2023-12-04 02:00:00+00:00,12347.858062214626
2023-12-04 03:00:00+00:00,12178.957422838443
2023-12-04 04:00:00+00:00,11901.139404305473
2023-12-04 05:00:00+00:00,11560.445583464721
2023-12-04 06:00:00+00:00,11025.167569795512
2023-12-04 07:00:00+00:00,10299.208675195217
2023-12-04 08:00:00+00:00,9687.253315865006
2023-12-04 09:00:00+00:00,9330.79804637494
2023-12-04 10:00:00+00:00,9139.586644510158
2023-12-04 11:00:00+00:00,9112.562632182711
2023-12-04 12:00:00+00:00,9235.127501934468
2023-12-04 13:00:00+00:00,9662.603721722762
2023-12-04 14:00:00+00:00,10510.214120185821
2023-12-04 15:00:00+00:00,11498.101628807992
2023-12-04 16:00:00+00:00,12137.658528893387
2023-12-04 17:00:00+00:00,12292.0416891048
2023-12-04 18:00:00+00:00,12301.3192212594
2023-12-04 19:00:00+00:00,12210.819196637456
2023-12-04 20:00:00+00:00,12108.384532518514
2023-12-04 21:00:00+00:00,12025.832839836954
2023-12-04 22:00:00+00:00,11829.194329691361
2023-12-04 23:00:00+00:00,11700.759828471095
2023-12-05 00:00:00+00:00,11725.763896928898
2023-12-05 01:00:00+00:00,12106.580811432443
2023-12-05 02:00:00+00:00,12306.617214038864
2023-12-05 03:00:00+00:00,12040.544152429844
2023-12-05 04:00:00+00:00,11689.852695178162
2023-12-05 05:00:00+00:00,11253.155088770345
2023-12-05 06:00:00+00:00,10648.752023357965
2023-12-05 07:00:00+00:00,9908.062140419193
2023-12-05 08:00:00+00:00,9245.883142773544
2023-12-05 09:00:00+00:00,8809.1835982208
2023-12-05 10:00:00+00:00,8510.29376437018
2023-12-05 11:00:00+00:00,8372.484985361732
2023-12-05 12:00:00+00:00,8349.042257202667
2023-12-05 13:00:00+00:00,8641.94073759062
2023-12-05 14:00:00+00:00,9359.302450743648
2023-12-05 15:00:00+00:00,10346.303668770912
2023-12-05 16:00:00+00:00,10969.993883661053
2023-12-05 17:00:00+00:00,11072.2956998295
2023-12-05 18:00:00+00:00,11091.726735066457
2023-12-05 19:00:00+00:00,11152.619705939098
2023-12-05 20:00:00+00:00,11204.167792877694
2023-12-05 21:00:00+00:00,11218.957637257932
2023-12-05 22:00:00+00:00,11194.606843320813
2023-12-05 23:00:00+00:00,11116.875085394167
2023-12-06 00:00:00+00:00,11267.669233234668
2023-12-06 01:00:00+00:00,11692.056542127692
2023-12-06 02:00:00+00:00,11974.373064731766
2023-12-06 03:00:00+00:00,11797.161751703201
2023-12-06 04:00:00+00:00,11538.178432528262
2023-12-06 05:00:00+00:00,11207.67358149504
2023-12-06 06:00:00+00:00,10638.96129775765
2023-12-06 07:00:00+00:00,9971.644810538111
2023-12-06 08:00:00+00:00,9297.025802519283
2023-12-06 09:00:00+00:00,8855.013011820794
2023-12-06 10:00:00+00:00,8627.297791728955
2023-12-06 11:00:00+00:00,8487.800105409688
2023-12-06 12:00:00+00:00,8529.576523107899
2023-12-06 13:00:00+00:00,8850.57097461091
2023-12-06 14:00:00+00:00,9620.544775737919
2023-12-06 15:00:00+00:00,10567.775074408792
2023-12-06 16:00:00+00:00,11214.552160786112
2023-12-06 17:00:00+00:00,11347.090437170547
2023-12-06 18:00:00+00:00,11364.86340777847
2023-12-06 19:00:00+00:00,11345.68199914455
2023-12-06 20:00:00+00:00,11372.129867200485
2023-12-06 21:00:00+00:00,11384.447095882755
2023-12-06 22:00:00+00:00,11347.03818032965
2023-12-06 23:00:00+00:00,11329.353974257412
2023-12-07 00:00:00+00:00,11496.831077678726
2023-12-07 01:00:00+00:00,11963.742868513189
2023-12-07 02:00:00+00:00,12206.935299319483
2023-12-07 03:00:00+00:00,12071.682084075144
2023-12-07 04:00:00+00:00,11837.84264128225
2023-12-07 05:00:00+00:00,11529.277009848247
2023-12-07 06:00:00+00:00,10976.91106205876
2023-12-07 07:00:00+00:00,10276.112294862942
2023-12-07 08:00:00+00:00,9619.37764815872
2023-12-07 09:00:00+00:00,9172.193883986456
2023-12-07 10:00:00+00:00,8983.79746601187
2023-12-07 11:00:00+00:00,8894.440021369055
2023-12-07 12:00:00+00:00,8989.784029227148
2023-12-07 13:00:00+00:00,9392.654129334593
2023-12-07 14:00:00+00:00,10226.171390816527
2023-12-07 15:00:00+00:00,11324.099910267896
2023-12-07 16:00:00+00:00,12043.909300020798
2023-12-07 17:00:00+00:00,12216.372684506505
2023-12-07 18:00:00+00:00,12218.124566159659
2023-12-07 19:00:00+00:00,12160.175079420484
2023-12-07 20:00:00+00:00,12069.22501924628
2023-12-07 21:00:00+00:00,12028.842662664967
2023-12-07 22:00:00+00:00,12012.323450536634
2023-12-07 23:00:00+00:00,11961.339893157603
2023-12-08 00:00:00+00:00,12143.117764353814
2023-12-08 01:00:00+00:00,12709.540824392201
2023-12-08 02:00:00+00:00,13062.518486975392
2023-12-08 03:00:00+00:00,12890.173530925276
2023-12-08 04:00:00+00:00,12689.387893615109
2023-12-08 05:00:00+00:00,12389.29865121572
2023-12-08 06:00:00+00:00,11844.656835425681
2023-12-08 07:00:00+00:00,11128.2514685277
2023-12-08 08:00:00+00:00,10483.548052146634
2023-12-08 09:00:00+00:00,10093.027618280172
2023-12-08 10:00:00+00:00,9907.047730863625
2023-12-08 11:00:00+00:00,9843.366379233845
2023-12-08 12:00:00+00:00,9943.318718967494
2023-12-08 13:00:00+00:00,10358.430696486368
2023-12-08 14:00:00+00:00,11194.046539800042
2023-12-08 15:00:00+00:00,12306.378777329748
2023-12-08 16:00:00+00:00,13068.305024824605
2023-12-08 17:00:00+00:00,13175.954389261718
2023-12-08 18:00:00+00:00,13076.00026457323
2023-12-08 19:00:00+00:00,12826.26818789027
2023-12-08 20:00:00+00:00,12521.641445682779
2023-12-08 21:00:00+00:00,12258.220833038751
2023-12-08 22:00:00+00:00,12051.828469502849
2023-12-08 23:00:00+00:00,11901.517806126483
2023-12-09 00:00:00+00:00,12044.780810325501
2023-12-09 01:00:00+00:00,12727.785033696242
2023-12-09 02:00:00+00:00,13185.39204496456
2023-12-09 03:00:00+00:00,13066.654968629979
2023-12-09 04:00:00+00:00,12884.49192062476
2023-12-09 05:00:00+00:00,12645.238441877089
2023-12-09 06:00:00+00:00,12284.495872626416
2023-12-09 07:00:00+00:00,11731.903120716419
2023-12-09 08:00:00+00:00,11214.117354128504
2023-12-09 09:00:00+00:00,10843.867592850354
2023-12-09 10:00:00+00:00,10696.078193880512
2023-12-09 11:00:00+00:00,10575.23989682093
2023-12-09 12:00:00+00:00,10645.547594228266
2023-12-09 13:00:00+00:00,10849.456664083204
2023-12-09 14:00:00+00:00,11300.73166383283
2023-12-09 15:00:00+00:00,11859.161659692962
2023-12-09 16:00:00+00:00,12488.041494963876
2023-12-09 17:00:00+00:00,12959.552964070996
2023-12-09 18:00:00+00:00,13228.527641379145
2023-12-09 19:00:00+00:00,13354.164393033652
2023-12-09 20:00:00+00:00,13383.844329294112
2023-12-09 21:00:00+00:00,13360.923295480447
2023-12-09 22:00:00+00:00,13284.037482394833
2023-12-09 23:00:00+00:00,13222.98047532111
2023-12-10 00:00:00+00:00,13275.834340307249
2023-12-10 01:00:00+00:00,13570.665632636064
2023-12-10 02:00:00+00:00,13570.829499306117
2023-12-10 03:00:00+00:00,13249.897449261753
2023-12-10 04:00:00+00:00,12947.131600179275
2023-12-10 05:00:00+00:00,12611.275428818355
2023-12-10 06:00:00+00:00,12071.39986956764
2023-12-10 07:00:00+00:00,11466.854917370933
2023-12-10 08:00:00+00:00,10857.530315062118
2023-12-10 09:00:00+00:00,10381.55071888905
2023-12-10 10:00:00+00:00,10093.700597790339
2023-12-10 11:00:00+00:00,9872.1460490578
2023-12-10 12:00:00+00:00,9791.940264568
2023-12-10 13:00:00+00:00,9841.851801309234
2023-12-10 14:00:00+00:00,10131.06270887573
2023-12-10 15:00:00+00:00,10540.675558026427
2023-12-10 16:00:00+00:00,11077.581918793432
2023-12-10 17:00:00+00:00,11520.950962425652
2023-12-10 18:00:00+00:00,11765.077568756145
2023-12-10 19:00:00+00:00,11799.60308694279
2023-12-10 20:00:00+00:00,11728.146359234675
2023-12-10 21:00:00+00:00,11664.051155614156
2023-12-10 22:00:00+00:00,11517.319201239841
2023-12-10 23:00:00+00:00,11409.74684483867
2023-12-11 00:00:00+00:00,11436.680198240127
2023-12-11 01:00:00+00:00,11932.249990997705
2023-12-11 02:00:00+00:00,12244.114562272334
2023-12-11 03:00:00+00:00,12083.474195808532
2023-12-11 04:00:00+00:00,11865.966367251884
2023-12-11 05:00:00+00:00,11509.59466418903
2023-12-11 06:00:00+00:00,10999.67811936099
2023-12-11 07:00:00+00:00,10285.171496138559
2023-12-11 08:00:00+00:00,9607.947000690885
2023-12-11 09:00:00+00:00,9253.437007229388
2023-12-11 10:00:00+00:00,9016.155878142183
2023-12-11 11:00:00+00:00,8983.550861797887
2023-12-11 12:00:00+00:00,9072.035468701331
2023-12-11 13:00:00+00:00,9531.068686630817
2023-12-11 14:00:00+00:00,10367.516147278366
2023-12-11 15:00:00+00:00,11428.000710315204
2023-12-11 16:00:00+00:00,12147.687937362613
2023-12-11 17:00:00+00:00,12307.546688697985
2023-12-11 18:00:00+00:00,12306.824874242975
2023-12-11 19:00:00+00:00,12224.939781616591
2023-12-11 20:00:00+00:00,12176.233148460156
2023-12-11 21:00:00+00:00,12102.131061626937
2023-12-11 22:00:00+00:00,12034.701362072652
2023-12-11 23:00:00+00:00,11994.04688595366
2023-12-12 00:00:00+00:00,12029.02365700637
2023-12-12 01:00:00+00:00,12566.344530810336
2023-12-12 02:00:00+00:00,12930.053045139242
2023-12-12 03:00:00+00:00,12734.88837779536
2023-12-12 04:00:00+00:00,12495.721398316933
2023-12-12 05:00:00+00:00,12140.728003953254
2023-12-12 06:00:00+00:00,11580.516609344733
2023-12-12 07:00:00+00:00,10777.01467280699
2023-12-12 08:00:00+00:00,10089.749008242337
2023-12-12 09:00:00+00:00,9672.073146996601
2023-12-12 10:00:00+00:00,9509.753034857395
2023-12-12 11:00:00+00:00,9452.970175701994
2023-12-12 12:00:00+00:00,9590.094825910965
2023-12-12 13:00:00+00:00,10035.948842798854
2023-12-12 14:00:00+00:00,10984.246585014433
2023-12-12 15:00:00+00:00,12154.25333868574
2023-12-12 16:00:00+00:00,12920.372132603361
2023-12-12 17:00:00+00:00,13059.55010525216
2023-12-12 18:00:00+00:00,12966.452458274409
2023-12-12 19:00:00+00:00,12721.209019757054
2023-12-12 20:00:00+00:00,12479.708098451963
2023-12-12 21:00:00+00:00,12321.912053077094
2023-12-12 22:00:00+00:00,12115.137557831336
2023-12-12 23:00:00+00:00,11952.52032656198
2023-12-13 00:00:00+00:00,12056.731012310618
2023-12-13 01:00:00+00:00,12775.697503896452
2023-12-13 02:00:00+00:00,13303.315595970804
2023-12-13 03:00:00+00:00,13246.995885577477
2023-12-13 04:00:00+00:00,13027.159796188993
2023-12-13 05:00:00+00:00,12737.135231556875
2023-12-13 06:00:00+00:00,12179.57891576489
2023-12-13 07:00:00+00:00,11449.01533829721
2023-12-13 08:00:00+00:00,10805.88084747882
2023-12-13 09:00:00+00:00,10402.154252670594
2023-12-13 10:00:00+00:00,10212.006325128827
2023-12-13 11:00:00+00:00,10195.0116609752
2023-12-13 12:00:00+00:00,10342.907373554852
2023-12-13 13:00:00+00:00,10806.442642886828
2023-12-13 14:00:00+00:00,11687.189178147559
2023-12-13 15:00:00+00:00,12835.373218575083
2023-12-13 16:00:00+00:00,13561.15348319078
2023-12-13 17:00:00+00:00,13610.007710372938
2023-12-13 18:00:00+00:00,13406.7864484671
2023-12-13 19:00:00+00:00,12952.74713776346
2023-12-13 20:00:00+00:00,12524.560569946607
2023-12-13 21:00:00+00:00,12269.701023347936
2023-12-13 22:00:00+00:00,11963.435648558308
2023-12-13 23:00:00+00:00,11840.43531574639
2023-12-14 00:00:00+00:00,12041.148495204665
2023-12-14 01:00:00+00:00,12751.238785104024
2023-12-14 02:00:00+00:00,13215.260296814782
2023-12-14 03:00:00+00:00,13070.72826351831
2023-12-14 04:00:00+00:00,12846.560444241673
2023-12-14 05:00:00+00:00,12522.784610181146
2023-12-14 06:00:00+00:00,11948.222023040522
2023-12-14 07:00:00+00:00,11158.917380280445
2023-12-14 08:00:00+00:00,10474.223166379843
2023-12-14 09:00:00+00:00,10044.128545559533
2023-12-14 10:00:00+00:00,9781.967403245008
2023-12-14 11:00:00+00:00,9705.395015321374
2023-12-14 12:00:00+00:00,9794.356510241783
2023-12-14 13:00:00+00:00,10201.468731461013
2023-12-14 14:00:00+00:00,11074.545093902314
2023-12-14 15:00:00+00:00,12153.59270874456
2023-12-14 16:00:00+00:00,12809.151867551729
2023-12-14 17:00:00+00:00,12816.346915974678
2023-12-14 18:00:00+00:00,12787.059076722298
2023-12-14 19:00:00+00:00,12640.310194431524
2023-12-14 20:00:00+00:00,12505.994228240836
2023-12-14 21:00:00+00:00,12378.32176690722
2023-12-14 22:00:00+00:00,12219.155358615211
2023-12-14 23:00:00+00:00,12068.366742036385
2023-12-15 00:00:00+00:00,12100.1145993966
2023-12-15 01:00:00+00:00,12590.299217605805
2023-12-15 02:00:00+00:00,12924.618781810499
2023-12-15 03:00:00+00:00,12708.9342596371
2023-12-15 04:00:00+00:00,12493.221058511685
2023-12-15 05:00:00+00:00,12208.190799926047
2023-12-15 06:00:00+00:00,11654.111067828857
2023-12-15 07:00:00+00:00,10937.3829709525
2023-12-15 08:00:00+00:00,10251.4876393931
2023-12-15 09:00:00+00:00,9856.80704864427
2023-12-15 10:00:00+00:00,9620.125238301212
2023-12-15 11:00:00+00:00,9551.417943633656
2023-12-15 12:00:00+00:00,9687.789882619309
2023-12-15 13:00:00+00:00,10147.55590903239
2023-12-15 14:00:00+00:00,11022.45909802794
2023-12-15 15:00:00+00:00,12166.393399850276
2023-12-15 16:00:00+00:00,12906.882051561835
2023-12-15 17:00:00+00:00,13060.438881970718
2023-12-15 18:00:00+00:00,12958.17052789094
2023-12-15 19:00:00+00:00,12598.691721110916
2023-12-15 20:00:00+00:00,12185.976834936904
2023-12-15 21:00:00+00:00,11836.901305802025
2023-12-15 22:00:00+00:00,11604.242148027091
2023-12-15 23:00:00+00:00,11453.666310698725
2023-12-16 00:00:00+00:00,11566.725440631686
2023-12-16 01:00:00+00:00,12245.993854092732
2023-12-16 02:00:00+00:00,12677.678154750285
2023-12-16 03:00:00+00:00,12572.902524045923
2023-12-16 04:00:00+00:00,12377.305496150235
2023-12-16 05:00:00+00:00,12162.495980477264
2023-12-16 06:00:00+00:00,11813.117556236162
2023-12-16 07:00:00+00:00,11294.193857713668
2023-12-16 08:00:00+00:00,10745.864177533764
2023-12-16 09:00:00+00:00,10357.542612548057
2023-12-16 10:00:00+00:00,10196.755252939742
2023-12-16 11:00:00+00:00,10148.097454729917
2023-12-16 12:00:00+00:00,10242.4035817849
2023-12-16 13:00:00+00:00,10498.937695977196
2023-12-16 14:00:00+00:00,10980.523709507897
2023-12-16 15:00:00+00:00,11614.223744603318
2023-12-16 16:00:00+00:00,12315.226528150231
2023-12-16 17:00:00+00:00,12913.436904641847
2023-12-16 18:00:00+00:00,13155.919318480146
2023-12-16 19:00:00+00:00,12975.082507109868
2023-12-16 20:00:00+00:00,12602.237379768587
2023-12-16 21:00:00+00:00,12201.992957770908
2023-12-16 22:00:00+00:00,11863.448983583223
2023-12-16 23:00:00+00:00,11659.922619302526
2023-12-17 00:00:00+00:00,11745.170346268675
2023-12-17 01:00:00+00:00,12256.744242773979
2023-12-17 02:00:00+00:00,12348.41346760215
2023-12-17 03:00:00+00:00,12598.473010940284
2023-12-17 04:00:00+00:00,12454.29006874006
2023-12-17 05:00:00+00:00,12307.853368862798
2023-12-17 06:00:00+00:00,11969.939726463504
2023-12-17 07:00:00+00:00,11525.359560635046
2023-12-17 08:00:00+00:00,11028.444135408785
2023-12-17 09:00:00+00:00,10660.335752204624
2023-12-17 10:00:00+00:00,10445.724803367108
2023-12-17 11:00:00+00:00,10414.853803683918
2023-12-17 12:00:00+00:00,10451.101993041333
2023-12-17 13:00:00+00:00,10657.403965592095
2023-12-17 14:00:00+00:00,11083.825598329708
2023-12-17 15:00:00+00:00,11684.799554657293
2023-12-17 16:00:00+00:00,12283.488250056545
2023-12-17 17:00:00+00:00,12847.803081919457
2023-12-17 18:00:00+00:00,13095.924735467872
2023-12-17 19:00:00+00:00,12964.852439246722
2023-12-17 20:00:00+00:00,12766.200446502839
2023-12-17 21:00:00+00:00,12449.880145302679
2023-12-17 22:00:00+00:00,12176.285069788482
2023-12-17 23:00:00+00:00,11979.165055247204
2023-12-18 00:00:00+00:00,12044.846688700813
2023-12-18 01:00:00+00:00,12709.936921180779
2023-12-18 02:00:00+00:00,13087.570024199642
2023-12-18 03:00:00+00:00,12988.924980952555
2023-12-18 04:00:00+00:00,12788.08682305268
2023-12-18 05:00:00+00:00,12448.1388215921
2023-12-18 06:00:00+00:00,11887.80878518172
2023-12-18 07:00:00+00:00,11161.719585897568
2023-12-18 08:00:00+00:00,10485.16179309891
2023-12-18 09:00:00+00:00,10096.849402691803
2023-12-18 10:00:00+00:00,9917.83514997181
2023-12-18 11:00:00+00:00,9861.033567594024
2023-12-18 12:00:00+00:00,9991.096187565416
2023-12-18 13:00:00+00:00,10414.152475475901
2023-12-18 14:00:00+00:00,11297.489691121838
2023-12-18 15:00:00+00:00,12263.775527237776
2023-12-18 16:00:00+00:00,12954.843647621217
2023-12-18 17:00:00+00:00,13219.737366679097
2023-12-18 18:00:00+00:00,13284.097193387472
2023-12-18 19:00:00+00:00,13140.295526413598
2023-12-18 20:00:00+00:00,12977.5174340209
2023-12-18 21:00:00+00:00,12770.84112969728
2023-12-18 22:00:00+00:00,12583.488156390766
2023-12-18 23:00:00+00:00,12482.647748839796
2023-12-19 00:00:00+00:00,12569.229135919146
2023-12-19 01:00:00+00:00,13087.577885048482
2023-12-19 02:00:00+00:00,13358.729784746538
2023-12-19 03:00:00+00:00,13112.646247480388
2023-12-19 04:00:00+00:00,12745.848152244158
2023-12-19 05:00:00+00:00,12314.584801773986
2023-12-19 06:00:00+00:00,11742.446567249222
2023-12-19 07:00:00+00:00,10997.550081286556
2023-12-19 08:00:00+00:00,10329.381853003024
2023-12-19 09:00:00+00:00,9892.36358019037
2023-12-19 10:00:00+00:00,9667.113379789149
2023-12-19 11:00:00+00:00,9570.289030550859
2023-12-19 12:00:00+00:00,9625.04698472758
2023-12-19 13:00:00+00:00,10075.321530286243
2023-12-19 14:00:00+00:00,10783.045400316945
2023-12-19 15:00:00+00:00,11734.17853123303
2023-12-19 16:00:00+00:00,12305.451459618609
2023-12-19 17:00:00+00:00,12458.647268747183
2023-12-19 18:00:00+00:00,12488.16752728554
2023-12-19 19:00:00+00:00,12395.443620223323
2023-12-19 20:00:00+00:00,12273.063965945365
2023-12-19 21:00:00+00:00,12139.124038868742
2023-12-19 22:00:00+00:00,11953.466171779075
2023-12-19 23:00:00+00:00,11799.870095142807
2023-12-20 00:00:00+00:00,11848.06990028637
2023-12-20 01:00:00+00:00,12223.403979265657
2023-12-20 02:00:00+00:00,12526.180570921255
2023-12-20 03:00:00+00:00,12374.51526484154
2023-12-20 04:00:00+00:00,12102.778429697857
2023-12-20 05:00:00+00:00,11783.95248106651
2023-12-20 06:00:00+00:00,11257.069221816124
2023-12-20 07:00:00+00:00,10592.017676238831
2023-12-20 08:00:00+00:00,9983.042570739786
2023-12-20 09:00:00+00:00,9579.718352915263
2023-12-20 10:00:00+00:00,9384.34245405142
2023-12-20 11:00:00+00:00,9365.746289598726
2023-12-20 12:00:00+00:00,9481.964481938014
2023-12-20 13:00:00+00:00,9881.867620953359
2023-12-20 14:00:00+00:00,10722.207409249891
2023-12-20 15:00:00+00:00,11724.45110050238
2023-12-20 16:00:00+00:00,12441.816369172197
2023-12-20 17:00:00+00:00,12719.675113728608
2023-12-20 18:00:00+00:00,12748.896544505169
2023-12-20 19:00:00+00:00,12519.90921986456
2023-12-20 20:00:00+00:00,12255.010229745529
2023-12-20 21:00:00+00:00,11991.331175996971
2023-12-20 22:00:00+00:00,11741.585273551631
2023-12-20 23:00:00+00:00,11615.366631554733
2023-12-21 00:00:00+00:00,11671.320908863792
2023-12-21 01:00:00+00:00,12238.946117919633
2023-12-21 02:00:00+00:00,12663.008366694596
2023-12-21 03:00:00+00:00,12514.083508170992
2023-12-21 04:00:00+00:00,12117.130209717157
2023-12-21 05:00:00+00:00,12020.566005667531
2023-12-21 06:00:00+00:00,11060.309844039683
2023-12-21 07:00:00+00:00,10610.179520106658
2023-12-21 08:00:00+00:00,10030.837941539314
2023-12-21 09:00:00+00:00,9755.62743052515
2023-12-21 10:00:00+00:00,9528.264020509605
2023-12-21 11:00:00+00:00,9421.79752233259
2023-12-21 12:00:00+00:00,9505.739588364047
2023-12-21 13:00:00+00:00,9898.011432251604
2023-12-21 14:00:00+00:00,10665.691458831585
2023-12-21 15:00:00+00:00,11608.78316263277
2023-12-21 16:00:00+00:00,12215.284634903308
2023-12-21 17:00:00+00:00,12516.799307698782
2023-12-21 18:00:00+00:00,12615.596034118587
2023-12-21 19:00:00+00:00,12483.536183501503
2023-12-21 20:00:00+00:00,12263.293288275023
2023-12-21 21:00:00+00:00,12013.45167839528
2023-12-21 22:00:00+00:00,11737.236678017425
2023-12-21 23:00:00+00:00,11548.871612096615
2023-12-22 00:00:00+00:00,11597.843716443867
2023-12-22 01:00:00+00:00,12144.672160954346
2023-12-22 02:00:00+00:00,12557.336712910572
2023-12-22 03:00:00+00:00,12419.028108343995
2023-12-22 04:00:00+00:00,12197.930222348461
2023-12-22 05:00:00+00:00,11935.145845308332
2023-12-22 06:00:00+00:00,11488.126157739815
2023-12-22 07:00:00+00:00,10903.385754405983
2023-12-22 08:00:00+00:00,10295.067375949286
2023-12-22 09:00:00+00:00,9871.412987210206
2023-12-22 10:00:00+00:00,9608.138746995073
2023-12-22 11:00:00+00:00,9493.348683578653
2023-12-22 12:00:00+00:00,9523.532584689296
2023-12-22 13:00:00+00:00,9867.011287681293
2023-12-22 14:00:00+00:00,10559.975777985082
2023-12-22 15:00:00+00:00,11386.963855587619
2023-12-22 16:00:00+00:00,12055.868768538025
2023-12-22 17:00:00+00:00,12439.28130812995
2023-12-22 18:00:00+00:00,12684.908397838733
2023-12-22 19:00:00+00:00,12761.76704383863
2023-12-22 20:00:00+00:00,12715.891740031142
2023-12-22 21:00:00+00:00,12617.60113405848
2023-12-22 22:00:00+00:00,12447.215769837585
2023-12-22 23:00:00+00:00,12307.779591840548
2023-12-23 00:00:00+00:00,12297.075953409678
2023-12-23 01:00:00+00:00,12773.14294581115
2023-12-23 02:00:00+00:00,13152.519284478678
2023-12-23 03:00:00+00:00,12981.762812041663
2023-12-23 04:00:00+00:00,12797.290760379561
2023-12-23 05:00:00+00:00,12557.96585162562
2023-12-23 06:00:00+00:00,12131.69623321257
2023-12-23 07:00:00+00:00,11599.630039571297
2023-12-23 08:00:00+00:00,11086.520631211453
2023-12-23 09:00:00+00:00,10703.784387331643
2023-12-23 10:00:00+00:00,10534.516010098867
2023-12-23 11:00:00+00:00,10474.843919152567
2023-12-23 12:00:00+00:00,10548.8018959421
2023-12-23 13:00:00+00:00,10783.279771287422
2023-12-23 14:00:00+00:00,11240.598967177853
2023-12-23 15:00:00+00:00,11842.787856170735
2023-12-23 16:00:00+00:00,12475.460803413322
2023-12-23 17:00:00+00:00,13050.159172033473
2023-12-23 18:00:00+00:00,13230.551031455183
2023-12-23 19:00:00+00:00,13068.668875834053
2023-12-23 20:00:00+00:00,12737.323658128444
2023-12-23 21:00:00+00:00,12351.399169010554
2023-12-23 22:00:00+00:00,12014.78884717741
2023-12-23 23:00:00+00:00,11823.139632855418
2023-12-24 00:00:00+00:00,11914.873877848293
2023-12-24 01:00:00+00:00,12542.27786988637
2023-12-24 02:00:00+00:00,12998.78874464051
2023-12-24 03:00:00+00:00,12994.58468607322
2023-12-24 04:00:00+00:00,12948.80011098715
2023-12-24 05:00:00+00:00,12825.922250450352
2023-12-24 06:00:00+00:00,12516.484889658574
2023-12-24 07:00:00+00:00,12023.225653690157
2023-12-24 08:00:00+00:00,11514.992842308278
2023-12-24 09:00:00+00:00,11168.583092549
2023-12-24 10:00:00+00:00,10991.61493621203
2023-12-24 11:00:00+00:00,10917.060500669799
2023-12-24 12:00:00+00:00,10874.182474188212
2023-12-24 13:00:00+00:00,11050.7435444249
2023-12-24 14:00:00+00:00,11435.564764186523
2023-12-24 15:00:00+00:00,11992.640956706622
2023-12-24 16:00:00+00:00,12631.355168764592
2023-12-24 17:00:00+00:00,13159.20034235061
2023-12-24 18:00:00+00:00,13476.367594307047
2023-12-24 19:00:00+00:00,13448.130918045172
2023-12-24 20:00:00+00:00,13342.703842651308
2023-12-24 21:00:00+00:00,13021.696306393449
2023-12-24 22:00:00+00:00,12780.040222704127
2023-12-24 23:00:00+00:00,12562.065379061882
2023-12-25 00:00:00+00:00,12416.29637145119
2023-12-25 01:00:00+00:00,12669.323224166677
2023-12-25 02:00:00+00:00,12711.531350284653
2023-12-25 03:00:00+00:00,12432.32733896003
2023-12-25 04:00:00+00:00,12185.738135381143
2023-12-25 05:00:00+00:00,11997.15018304772
2023-12-25 06:00:00+00:00,11689.512844042985
2023-12-25 07:00:00+00:00,11166.50320645398
2023-12-25 08:00:00+00:00,10700.525682877205
2023-12-25 09:00:00+00:00,10367.431833650373
2023-12-25 10:00:00+00:00,10196.197754864359
2023-12-25 11:00:00+00:00,10115.536680332618
2023-12-25 12:00:00+00:00,10125.17787414739
2023-12-25 13:00:00+00:00,10320.939737687024
2023-12-25 14:00:00+00:00,10699.775316344449
2023-12-25 15:00:00+00:00,11167.762778505938
2023-12-25 16:00:00+00:00,11628.589306357355
2023-12-25 17:00:00+00:00,12024.013110329062
2023-12-25 18:00:00+00:00,12254.083336490807
2023-12-25 19:00:00+00:00,12305.251460772279
2023-12-25 20:00:00+00:00,12290.141576675627
2023-12-25 21:00:00+00:00,12173.720537321638
2023-12-25 22:00:00+00:00,12048.224620445004
2023-12-25 23:00:00+00:00,11882.291791088473
2023-12-26 00:00:00+00:00,11857.311042552226
2023-12-26 01:00:00+00:00,12085.635142533183
2023-12-26 02:00:00+00:00,12093.920510153268
2023-12-26 03:00:00+00:00,11800.552839840506
2023-12-26 04:00:00+00:00,11630.091045133706
2023-12-26 05:00:00+00:00,11407.937443128516
2023-12-26 06:00:00+00:00,11041.83487484299
2023-12-26 07:00:00+00:00,10463.785957820302
2023-12-26 08:00:00+00:00,9950.556231950048
2023-12-26 09:00:00+00:00,9573.72815256454
2023-12-26 10:00:00+00:00,9349.402005630376
2023-12-26 11:00:00+00:00,9212.906844147876
2023-12-26 12:00:00+00:00,9298.080928137959
2023-12-26 13:00:00+00:00,9593.881105814558
2023-12-26 14:00:00+00:00,10254.739299482853
2023-12-26 15:00:00+00:00,11023.960597363213
2023-12-26 16:00:00+00:00,11615.979394921576
2023-12-26 17:00:00+00:00,12038.073658605237
2023-12-26 18:00:00+00:00,12213.506419137137
2023-12-26 19:00:00+00:00,12155.55230494626
2023-12-26 20:00:00+00:00,12010.063778956805
2023-12-26 21:00:00+00:00,11821.827450115725
2023-12-26 22:00:00+00:00,11678.570925495462
2023-12-26 23:00:00+00:00,11565.192020698783
2023-12-27 00:00:00+00:00,11714.322862134588
2023-12-27 01:00:00+00:00,12251.087127992289
2023-12-27 02:00:00+00:00,12576.284345214477
2023-12-27 03:00:00+00:00,12386.114187444971
2023-12-27 04:00:00+00:00,12138.525098857492
2023-12-27 05:00:00+00:00,11779.859670847636
2023-12-27 06:00:00+00:00,11273.548585160988
2023-12-27 07:00:00+00:00,10630.573349503287
2023-12-27 08:00:00+00:00,10013.277168633085
2023-12-27 09:00:00+00:00,9574.863556061087
2023-12-27 10:00:00+00:00,9317.042131862972
2023-12-27 11:00:00+00:00,9205.022891289187
2023-12-27 12:00:00+00:00,9275.060834576709
2023-12-27 13:00:00+00:00,9631.655802642406
2023-12-27 14:00:00+00:00,10279.843184700714
2023-12-27 15:00:00+00:00,11039.720238903916
2023-12-27 16:00:00+00:00,11584.65750595719
2023-12-27 17:00:00+00:00,11868.07345120376
2023-12-27 18:00:00+00:00,12041.061673456717
2023-12-27 19:00:00+00:00,12108.101032014734
2023-12-27 20:00:00+00:00,12036.11973618007
2023-12-27 21:00:00+00:00,11925.196065686361
2023-12-27 22:00:00+00:00,11799.87935002788
2023-12-27 23:00:00+00:00,11713.52441536406
2023-12-28 00:00:00+00:00,11812.631321579069
2023-12-28 01:00:00+00:00,12239.700692815817
2023-12-28 02:00:00+00:00,12540.57054408401
2023-12-28 03:00:00+00:00,12355.95503416146
2023-12-28 04:00:00+00:00,12065.360902120668
2023-12-28 05:00:00+00:00,11704.572086119942
2023-12-28 06:00:00+00:00,11166.467767250304
2023-12-28 07:00:00+00:00,10510.91080073627
2023-12-28 08:00:00+00:00,9881.756218664395
2023-12-28 09:00:00+00:00,9483.583782439768
2023-12-28 10:00:00+00:00,9250.584969624411
2023-12-28 11:00:00+00:00,9176.523831306731
2023-12-28 12:00:00+00:00,9229.643613448261
2023-12-28 13:00:00+00:00,9586.195673615448
2023-12-28 14:00:00+00:00,10268.2423381873
2023-12-28 15:00:00+00:00,10985.243875672872
2023-12-28 16:00:00+00:00,11555.493863625768
2023-12-28 17:00:00+00:00,11857.271950156255
2023-12-28 18:00:00+00:00,11974.634539003506
2023-12-28 19:00:00+00:00,11978.609250709997
2023-12-28 20:00:00+00:00,11846.441584553948
2023-12-28 21:00:00+00:00,11724.27749830286
2023-12-28 22:00:00+00:00,11527.390225707193
2023-12-28 23:00:00+00:00,11386.488465851085
2023-12-29 00:00:00+00:00,11426.61551806006
2023-12-29 01:00:00+00:00,11919.159777413659
2023-12-29 02:00:00+00:00,12225.433117816021
2023-12-29 03:00:00+00:00,12049.771683766927
2023-12-29 04:00:00+00:00,11776.706319665374
2023-12-29 05:00:00+00:00,11409.972904289245
2023-12-29 06:00:00+00:00,10930.296757835293
2023-12-29 07:00:00+00:00,10279.640024539998
2023-12-29 08:00:00+00:00,9731.505206677864
2023-12-29 09:00:00+00:00,9274.209715343291
2023-12-29 10:00:00+00:00,9026.599188104092
2023-12-29 11:00:00+00:00,8902.337030015718
2023-12-29 12:00:00+00:00,8952.299373310992
2023-12-29 13:00:00+00:00,9221.014763783101
2023-12-29 14:00:00+00:00,9789.798338770113
2023-12-29 15:00:00+00:00,10523.508908536403
2023-12-29 16:00:00+00:00,11101.096378014752
2023-12-29 17:00:00+00:00,11410.239376975991
2023-12-29 18:00:00+00:00,11592.932683920139
2023-12-29 19:00:00+00:00,11601.321150431419
2023-12-29 20:00:00+00:00,11518.671485824267
2023-12-29 21:00:00+00:00,11381.671638755555
2023-12-29 22:00:00+00:00,11160.120567688662
2023-12-29 23:00:00+00:00,10962.168285156335
2023-12-30 00:00:00+00:00,10994.118631686239
2023-12-30 01:00:00+00:00,11444.097364047077
2023-12-30 02:00:00+00:00,11729.39679229812
2023-12-30 03:00:00+00:00,11515.189885559697
2023-12-30 04:00:00+00:00,11210.226504147397
2023-12-30 05:00:00+00:00,10896.978837327695
2023-12-30 06:00:00+00:00,10471.778151510096
2023-12-30 07:00:00+00:00,9938.782261149188
2023-12-30 08:00:00+00:00,9427.968934034407
2023-12-30 09:00:00+00:00,9049.395269932209
2023-12-30 10:00:00+00:00,8785.167586527512
2023-12-30 11:00:00+00:00,8657.650202671857
2023-12-30 12:00:00+00:00,8643.71664871139
2023-12-30 13:00:00+00:00,8792.536072078306
2023-12-30 14:00:00+00:00,9146.020626081587
2023-12-30 15:00:00+00:00,9578.555715293724
2023-12-30 16:00:00+00:00,10117.870369985818
2023-12-30 17:00:00+00:00,10590.95335386517
2023-12-30 18:00:00+00:00,10945.894252273556
2023-12-30 19:00:00+00:00,11099.016171699066
2023-12-30 20:00:00+00:00,11136.508591218677
2023-12-30 21:00:00+00:00,11020.633412752997
2023-12-30 22:00:00+00:00,10890.498844236836
2023-12-30 23:00:00+00:00,10810.569989841082
2023-12-31 00:00:00+00:00,10857.667647313594
2023-12-31 01:00:00+00:00,11242.008795472118
2023-12-31 02:00:00+00:00,11559.379250797077
2023-12-31 03:00:00+00:00,11449.768909427929
2023-12-31 04:00:00+00:00,11206.822775856954
2023-12-31 05:00:00+00:00,10978.668085936486
2023-12-31 06:00:00+00:00,10637.889855044868
2023-12-31 07:00:00+00:00,10167.372813522341
2023-12-31 08:00:00+00:00,9712.007567190805
2023-12-31 09:00:00+00:00,9347.013958993137
2023-12-31 10:00:00+00:00,9133.090722854604
2023-12-31 11:00:00+00:00,9029.464122048406
2023-12-31 12:00:00+00:00,9049.3604777225
2023-12-31 13:00:00+00:00,9205.871088897744
2023-12-31 14:00:00+00:00,9364.50857330272
2023-12-31 15:00:00+00:00,10082.25564564985
2023-12-31 16:00:00+00:00,10658.175722713373
2023-12-31 17:00:00+00:00,11197.614833889358
2023-12-31 18:00:00+00:00,11536.585536767221
2023-12-31 19:00:00+00:00,11596.287312526823
2023-12-31 20:00:00+00:00,11452.47710052291
2023-12-31 21:00:00+00:00,11324.465340470562
2023-12-31 22:00:00+00:00,11177.264408984995
2023-12-31 23:00:00+00:00,11109.226314546146
